// eggnano_weights.c —— 由 scripts/nano/quantize_i8.py 自动生成，勿手改！
// 重新生成: python scripts/nano/quantize_i8.py
//
// 前向配方（numpy 参考实现 = quantize_i8.py::forward_int8，逐行同构）：
//   x = tok_emb 查表反量化 + pos_emb
//   per block: h=LN1(x); qkv=GEMM_I8(h); attn(f32, causal);
//              x += GEMM_I8(attn)            ← attn 输出先 per-row 量化
//              h=LN2(x); h1=GEMM_I8(h); h1=gelu_tanh(h1);
//              x += GEMM_I8(h1)              ← h1 先 per-row 量化
//   logits = GEMM_I8(LN_f(x), tok_emb)      ← tied lm_head，无 bias
// GEMM_I8: acc[i][j]=Σ_c xq[i][c]*wq[j][c] (int32) → acc*sx[i]*sw[j] + bias[j] (f32)
// 溢出核算：|acc| ≤ 127*127*max(Cin) ≈ 2.1M ≪ 2^31（安全 1000 倍）
// 舍入纪律：round_half_away(x) = floor(|x|+0.5)*sign(x)（与 numpy 参考一致，禁用 banker's）
// 激活 scale：sx[row] = fmaxf(amax, 1e-12f)/127f（EPS 下限与 numpy 参考一致）

#include "eggnano_weights.h"

static const int8_t k_tok_emb[256 * 32] __attribute__((aligned(4))) = {
    0x2D, 0x09, 0x2C, 0x23, 0xD9, 0xD6, 0xE2, 0x16, 0xDB, 0x16, 0xF6, 0xE4,
    0x41, 0xF9, 0xE8, 0xFD, 0x04, 0xED, 0x3E, 0x3C, 0xC9, 0xCB, 0x42, 0x36,
    0xE6, 0xFB, 0xCB, 0x13, 0x08, 0x34, 0x15, 0x1E, 0x2C, 0x09, 0x2B, 0x22,
    0xDB, 0xD8, 0xE5, 0x15, 0xDA, 0x14, 0xF6, 0xE5, 0x3E, 0xF9, 0xE8, 0xFD,
    0x05, 0xED, 0x3C, 0x39, 0xC9, 0xCD, 0x3F, 0x33, 0xE6, 0xFC, 0xCC, 0x11,
    0x08, 0x34, 0x14, 0x1C, 0x2C, 0x08, 0x2C, 0x22, 0xD9, 0xD7, 0xE3, 0x15,
    0xDB, 0x14, 0xF5, 0xE3, 0x3E, 0xF8, 0xE8, 0xFD, 0x04, 0xED, 0x3B, 0x3A,
    0xCA, 0xCC, 0x40, 0x35, 0xE5, 0xFB, 0xCC, 0x13, 0x07, 0x33, 0x14, 0x1C,
    0x2C, 0x08, 0x2B, 0x22, 0xD8, 0xD5, 0xE2, 0x16, 0xD9, 0x14, 0xF5, 0xE4,
    0x40, 0xF8, 0xE7, 0xFD, 0x03, 0xEC, 0x3C, 0x3A, 0xC8, 0xCA, 0x40, 0x35,
    0xE6, 0xFB, 0xCB, 0x12, 0x07, 0x33, 0x15, 0x1D, 0x2D, 0x09, 0x2C, 0x24,
    0xD8, 0xD6, 0xE3, 0x17, 0xDB, 0x15, 0xF7, 0xE4, 0x41, 0xF9, 0xE8, 0xFD,
    0x03, 0xED, 0x3D, 0x3C, 0xC8, 0xCB, 0x43, 0x37, 0xE6, 0xFA, 0xCD, 0x13,
    0x07, 0x34, 0x15, 0x1D, 0x2D, 0x09, 0x2D, 0x24, 0xD9, 0xD6, 0xE2, 0x17,
    0xDB, 0x16, 0xF7, 0xE4, 0x42, 0xFA, 0xE9, 0xFE, 0x04, 0xED, 0x3F, 0x3C,
    0xC8, 0xCB, 0x43, 0x38, 0xE7, 0xFC, 0xCB, 0x14, 0x09, 0x35, 0x16, 0x1F,
    0x2D, 0x0A, 0x29, 0x23, 0xDA, 0xD7, 0xE4, 0x16, 0xDB, 0x15, 0xF7, 0xE5,
    0x3F, 0xFA, 0xE8, 0xFE, 0x05, 0xEE, 0x3D, 0x3B, 0xCA, 0xCD, 0x41, 0x35,
    0xE7, 0xFC, 0xCD, 0x13, 0x08, 0x34, 0x16, 0x1D, 0x2B, 0x09, 0x2B, 0x22,
    0xDA, 0xD7, 0xE4, 0x15, 0xD9, 0x13, 0xF6, 0xE5, 0x3F, 0xF8, 0xE8, 0xFE,
    0x04, 0xEE, 0x3C, 0x39, 0xC9, 0xCD, 0x3F, 0x34, 0xE6, 0xFB, 0xCC, 0x12,
    0x08, 0x33, 0x15, 0x1D, 0x2C, 0x09, 0x2C, 0x23, 0xDB, 0xD7, 0xE4, 0x16,
    0xDB, 0x15, 0xF7, 0xE4, 0x3E, 0xF9, 0xE8, 0xFD, 0x05, 0xEE, 0x3C, 0x3A,
    0xCB, 0xCD, 0x40, 0x34, 0xE6, 0xFC, 0xCD, 0x12, 0x08, 0x33, 0x15, 0x1C,
    0x2B, 0x09, 0x2C, 0x24, 0xDA, 0xD6, 0xE3, 0x16, 0xD9, 0x14, 0xF6, 0xE5,
    0x40, 0xF9, 0xE9, 0xFE, 0x03, 0xED, 0x3D, 0x3B, 0xC9, 0xCC, 0x41, 0x36,
    0xE6, 0xFC, 0xCC, 0x12, 0x08, 0x33, 0x15, 0x1D, 0x03, 0x17, 0xEF, 0x10,
    0x00, 0xED, 0xD2, 0x31, 0x1D, 0x3E, 0xD4, 0xF1, 0x07, 0x29, 0xE1, 0xEE,
    0xD8, 0xF5, 0x2C, 0xE2, 0xE7, 0xE8, 0x1C, 0x27, 0x34, 0xA2, 0x0F, 0xDC,
    0xF3, 0xF4, 0xF8, 0x2E, 0x2C, 0x09, 0x2B, 0x23, 0xD7, 0xD6, 0xE2, 0x15,
    0xDB, 0x15, 0xF6, 0xE4, 0x40, 0xF8, 0xE8, 0xFC, 0x03, 0xED, 0x3D, 0x3A,
    0xC8, 0xCB, 0x41, 0x35, 0xE6, 0xFB, 0xCC, 0x13, 0x07, 0x33, 0x14, 0x1D,
    0x2C, 0x09, 0x2B, 0x22, 0xD8, 0xD6, 0xE2, 0x16, 0xDA, 0x15, 0xF6, 0xE3,
    0x40, 0xF9, 0xE7, 0xFD, 0x03, 0xEC, 0x3D, 0x3B, 0xC9, 0xCB, 0x42, 0x36,
    0xE5, 0xFB, 0xCB, 0x12, 0x07, 0x34, 0x15, 0x1D, 0x2C, 0x09, 0x2C, 0x22,
    0xDA, 0xD7, 0xE4, 0x16, 0xDB, 0x15, 0xF6, 0xE5, 0x40, 0xF8, 0xE8, 0xFD,
    0x04, 0xED, 0x3D, 0x3A, 0xC9, 0xCD, 0x41, 0x35, 0xE6, 0xFB, 0xCC, 0x12,
    0x08, 0x34, 0x14, 0x1D, 0x2D, 0x0A, 0x2C, 0x25, 0xD9, 0xD7, 0xE4, 0x16,
    0xDA, 0x15, 0xF7, 0xE5, 0x42, 0xF9, 0xE8, 0xFF, 0x04, 0xEE, 0x3D, 0x3B,
    0xCA, 0xCB, 0x42, 0x37, 0xE8, 0xFB, 0xCD, 0x12, 0x08, 0x35, 0x16, 0x1F,
    0x2C, 0x09, 0x2C, 0x23, 0xDA, 0xD7, 0xE3, 0x16, 0xDA, 0x14, 0xF7, 0xE5,
    0x40, 0xF9, 0xE8, 0xFE, 0x04, 0xED, 0x3E, 0x3C, 0xC9, 0xCC, 0x42, 0x36,
    0xE6, 0xFC, 0xCB, 0x12, 0x08, 0x35, 0x15, 0x1D, 0x2D, 0x09, 0x2B, 0x23,
    0xD8, 0xD6, 0xE2, 0x16, 0xDB, 0x14, 0xF6, 0xE4, 0x41, 0xF9, 0xE8, 0xFD,
    0x03, 0xED, 0x3E, 0x3B, 0xC8, 0xCB, 0x42, 0x36, 0xE6, 0xFB, 0xCB, 0x13,
    0x07, 0x34, 0x15, 0x1D, 0x2D, 0x0A, 0x2C, 0x23, 0xD9, 0xD7, 0xE3, 0x16,
    0xDA, 0x14, 0xF7, 0xE5, 0x41, 0xF9, 0xE9, 0xFE, 0x04, 0xEE, 0x3D, 0x3B,
    0xC9, 0xCD, 0x42, 0x37, 0xE7, 0xFB, 0xCD, 0x13, 0x08, 0x35, 0x15, 0x1E,
    0x2E, 0x09, 0x2B, 0x24, 0xD8, 0xD5, 0xE1, 0x16, 0xDA, 0x15, 0xF6, 0xE4,
    0x42, 0xF9, 0xE8, 0xFE, 0x03, 0xED, 0x3E, 0x3C, 0xC8, 0xCB, 0x42, 0x36,
    0xE6, 0xFB, 0xCB, 0x13, 0x08, 0x34, 0x15, 0x1E, 0x2B, 0x09, 0x2C, 0x23,
    0xD9, 0xD6, 0xE3, 0x16, 0xD9, 0x14, 0xF6, 0xE4, 0x40, 0xF8, 0xE8, 0xFD,
    0x03, 0xED, 0x3C, 0x3A, 0xC9, 0xCC, 0x40, 0x35, 0xE5, 0xFB, 0xCB, 0x12,
    0x07, 0x34, 0x14, 0x1C, 0x2C, 0x09, 0x2A, 0x23, 0xD9, 0xD6, 0xE3, 0x16,
    0xDB, 0x15, 0xF7, 0xE4, 0x3F, 0xF9, 0xE9, 0xFD, 0x04, 0xEE, 0x3B, 0x3A,
    0xC9, 0xCC, 0x41, 0x35, 0xE7, 0xFC, 0xCE, 0x13, 0x08, 0x33, 0x15, 0x1D,
    0x2E, 0x0A, 0x2C, 0x23, 0xD9, 0xD7, 0xE4, 0x16, 0xDB, 0x15, 0xF6, 0xE5,
    0x41, 0xF9, 0xE8, 0xFF, 0x04, 0xEE, 0x3D, 0x3B, 0xCA, 0xCB, 0x41, 0x35,
    0xE7, 0xFC, 0xCB, 0x13, 0x09, 0x36, 0x15, 0x1E, 0x2D, 0x09, 0x2C, 0x22,
    0xD9, 0xD6, 0xE2, 0x16, 0xDA, 0x15, 0xF6, 0xE3, 0x40, 0xF9, 0xE7, 0xFD,
    0x03, 0xEC, 0x3D, 0x3C, 0xC8, 0xCC, 0x42, 0x35, 0xE5, 0xFB, 0xCB, 0x12,
    0x08, 0x34, 0x15, 0x1C, 0x2C, 0x08, 0x2C, 0x23, 0xD6, 0xD5, 0xE0, 0x14,
    0xDA, 0x14, 0xF5, 0xE2, 0x41, 0xF9, 0xE6, 0xFC, 0x03, 0xEC, 0x3D, 0x3A,
    0xC6, 0xC8, 0x42, 0x37, 0xE6, 0xF9, 0xCA, 0x13, 0x07, 0x34, 0x14, 0x1D,
    0x2B, 0x09, 0x2C, 0x23, 0xD8, 0xD6, 0xE2, 0x15, 0xDA, 0x13, 0xF6, 0xE4,
    0x40, 0xF9, 0xE7, 0xFC, 0x03, 0xED, 0x3D, 0x3A, 0xC8, 0xCC, 0x40, 0x35,
    0xE6, 0xFB, 0xCC, 0x12, 0x07, 0x33, 0x15, 0x1C, 0x2C, 0x08, 0x2C, 0x24,
    0xD8, 0xD6, 0xE1, 0x16, 0xDA, 0x15, 0xF6, 0xE3, 0x40, 0xF8, 0xE8, 0xFD,
    0x03, 0xED, 0x3D, 0x3B, 0xC9, 0xCB, 0x41, 0x36, 0xE6, 0xFB, 0xCC, 0x13,
    0x07, 0x33, 0x15, 0x1D, 0x2D, 0x09, 0x2C, 0x24, 0xD9, 0xD6, 0xE3, 0x17,
    0xDA, 0x15, 0xF7, 0xE5, 0x41, 0xF9, 0xEA, 0xFE, 0x03, 0xEE, 0x3D, 0x3B,
    0xC8, 0xCD, 0x43, 0x38, 0xE7, 0xFC, 0xCD, 0x14, 0x08, 0x34, 0x16, 0x1E,
    0x2D, 0x08, 0x2B, 0x23, 0xD9, 0xD5, 0xE2, 0x16, 0xDA, 0x14, 0xF6, 0xE4,
    0x40, 0xF8, 0xE8, 0xFC, 0x03, 0xEC, 0x3D, 0x3A, 0xC8, 0xCB, 0x41, 0x34,
    0xE6, 0xFB, 0xCB, 0x12, 0x07, 0x32, 0x14, 0x1C, 0x2D, 0x09, 0x2D, 0x23,
    0xD8, 0xD6, 0xE2, 0x15, 0xD9, 0x14, 0xF6, 0xE3, 0x41, 0xF9, 0xE7, 0xFE,
    0x03, 0xEC, 0x3E, 0x3B, 0xC8, 0xCA, 0x42, 0x37, 0xE5, 0xFB, 0xCA, 0x12,
    0x08, 0x35, 0x15, 0x1E, 0x2B, 0x08, 0x2A, 0x21, 0xD8, 0xD5, 0xE2, 0x14,
    0xDA, 0x14, 0xF6, 0xE4, 0x3F, 0xF7, 0xE7, 0xFC, 0x03, 0xED, 0x3C, 0x39,
    0xC9, 0xCD, 0x3F, 0x34, 0xE5, 0xFA, 0xCB, 0x12, 0x07, 0x33, 0x13, 0x1C,
    0x2A, 0x09, 0x29, 0x20, 0xDA, 0xD7, 0xE5, 0x15, 0xDA, 0x14, 0xF6, 0xE5,
    0x3D, 0xF8, 0xE8, 0xFC, 0x04, 0xED, 0x3A, 0x38, 0xCA, 0xCE, 0x3E, 0x32,
    0xE6, 0xFB, 0xCE, 0x12, 0x07, 0x32, 0x14, 0x1B, 0x2D, 0x09, 0x2C, 0x23,
    0xD8, 0xD6, 0xE3, 0x15, 0xDA, 0x14, 0xF6, 0xE4, 0x40, 0xF8, 0xE7, 0xFE,
    0x04, 0xEC, 0x3C, 0x3B, 0xC9, 0xCA, 0x41, 0x35, 0xE5, 0xFB, 0xCA, 0x12,
    0x07, 0x34, 0x14, 0x1E, 0xF4, 0x04, 0x0A, 0x1C, 0x15, 0x09, 0xE5, 0x25,
    0xE0, 0x33, 0x04, 0x0F, 0xD4, 0x14, 0xF3, 0xBF, 0xCA, 0x01, 0x03, 0xF3,
    0xCE, 0xE5, 0x1F, 0x21, 0x10, 0xD1, 0x23, 0xC2, 0x3A, 0xF9, 0xF4, 0x33,
    0xE6, 0x23, 0x14, 0x18, 0x0B, 0xF6, 0xDC, 0x23, 0x04, 0xEA, 0x02, 0x07,
    0x1A, 0x2C, 0xF5, 0xF0, 0xEE, 0xDE, 0x01, 0x0A, 0xC1, 0x0D, 0x41, 0xE1,
    0x02, 0xD9, 0x01, 0x22, 0x22, 0xF5, 0x03, 0x23, 0x0A, 0x1F, 0x11, 0x35,
    0x08, 0x02, 0xEF, 0x2B, 0x21, 0xFF, 0xCA, 0x03, 0x11, 0x2C, 0xEF, 0xF4,
    0xF6, 0x08, 0x02, 0xDE, 0xE3, 0xF1, 0x20, 0xF5, 0xE1, 0xC9, 0xF4, 0xEE,
    0x27, 0xE9, 0xE7, 0x3B, 0x10, 0x13, 0x15, 0x06, 0xFB, 0x18, 0xC1, 0x10,
    0xCA, 0x08, 0xDB, 0xEA, 0x19, 0x13, 0xF6, 0xFA, 0x15, 0xF6, 0x18, 0x10,
    0xC5, 0xD5, 0x26, 0x07, 0xDB, 0xFF, 0xD0, 0x1E, 0x19, 0x1B, 0x1D, 0x0E,
    0x14, 0x0D, 0x0F, 0x06, 0xE1, 0xD7, 0xE7, 0x10, 0xF8, 0x14, 0xDC, 0xF2,
    0x43, 0xFF, 0xEF, 0xF9, 0xFF, 0xE6, 0x30, 0x24, 0xC7, 0xCC, 0x2F, 0x2A,
    0xF2, 0xF5, 0xD0, 0x15, 0x0A, 0x1A, 0x11, 0x1D, 0x08, 0x1C, 0x26, 0x30,
    0xF8, 0x02, 0xD5, 0x0E, 0xC8, 0x0F, 0xDF, 0x1A, 0xFC, 0x3D, 0xD3, 0xE3,
    0xEF, 0xF5, 0x04, 0x09, 0xEE, 0xCB, 0x06, 0x0C, 0xD1, 0x14, 0xB2, 0x1E,
    0xE6, 0x36, 0x03, 0xFD, 0x13, 0x1F, 0xF5, 0x1B, 0xF4, 0xE5, 0xE8, 0x13,
    0xCA, 0xF9, 0xF5, 0xF5, 0x27, 0x0D, 0xF0, 0x03, 0xFD, 0xDF, 0x16, 0x23,
    0xC9, 0xD4, 0x39, 0x28, 0xE2, 0xFD, 0xDB, 0x1C, 0x0D, 0x1C, 0x1D, 0x12,
    0x18, 0x20, 0x0E, 0x0A, 0xEA, 0xEC, 0xF6, 0x0D, 0xD7, 0x09, 0xF1, 0xEE,
    0x23, 0x06, 0xED, 0xF2, 0x06, 0xE9, 0x17, 0x26, 0xD1, 0xD7, 0x33, 0x22,
    0xED, 0xE2, 0xE8, 0x16, 0x0B, 0x1C, 0x13, 0x13, 0x0B, 0x08, 0x22, 0x0A,
    0xF3, 0xEB, 0xF7, 0x1D, 0xF3, 0xF6, 0xEA, 0xF6, 0x15, 0x1A, 0xF9, 0xEE,
    0xFD, 0xE4, 0x12, 0xFC, 0xD2, 0xD3, 0x2A, 0x1C, 0x12, 0xD9, 0x00, 0x11,
    0x29, 0xEF, 0x07, 0x1E, 0x04, 0x16, 0x1B, 0xF0, 0x00, 0xF8, 0xFD, 0x2B,
    0xEA, 0xE0, 0xE0, 0x0A, 0xDA, 0x20, 0xD7, 0xEE, 0xFA, 0xE8, 0x16, 0x24,
    0xCF, 0xE7, 0x20, 0xF5, 0xE5, 0xE4, 0x03, 0xF8, 0x34, 0x15, 0x2F, 0x23,
    0xFE, 0x23, 0xF6, 0x2A, 0x02, 0x20, 0xA9, 0xEC, 0x01, 0x2D, 0xF1, 0xD6,
    0x06, 0x26, 0x0B, 0x08, 0x22, 0xE5, 0x0C, 0x02, 0xCE, 0xD5, 0x2E, 0xED,
    0x08, 0xE8, 0xED, 0x17, 0x04, 0x14, 0xD9, 0x09, 0xF2, 0x13, 0xFD, 0x2E,
    0xEB, 0xD6, 0xFF, 0xFB, 0x00, 0xF4, 0xEF, 0xED, 0x25, 0x20, 0xF1, 0x21,
    0xCE, 0xEE, 0xFA, 0x02, 0xDE, 0xD8, 0x19, 0x0D, 0x22, 0xF2, 0x13, 0xE8,
    0x3D, 0x18, 0xF5, 0x13, 0x2D, 0x09, 0x2B, 0x24, 0xD8, 0xD5, 0xE2, 0x16,
    0xDA, 0x15, 0xF6, 0xE4, 0x41, 0xF8, 0xE8, 0xFE, 0x03, 0xEC, 0x3C, 0x3B,
    0xC9, 0xCB, 0x41, 0x35, 0xE6, 0xFC, 0xCB, 0x12, 0x07, 0x33, 0x16, 0x1E,
    0x04, 0xF4, 0x00, 0x1E, 0xFB, 0xDB, 0xBB, 0x01, 0xB0, 0x2F, 0xF6, 0xF4,
    0xF0, 0x2B, 0xE7, 0x1C, 0xDB, 0x1D, 0xFC, 0x22, 0xE7, 0xB4, 0x23, 0x17,
    0x2A, 0x02, 0x1F, 0xDC, 0x3D, 0x0B, 0xEA, 0xF6, 0x06, 0x01, 0xFC, 0x56,
    0xBF, 0x05, 0xAD, 0x08, 0x0D, 0xFE, 0x0F, 0xD1, 0xFA, 0x22, 0xFD, 0x0D,
    0xCE, 0x10, 0xFB, 0x14, 0xB8, 0xFC, 0x0E, 0x09, 0x05, 0x0B, 0x12, 0xFE,
    0x14, 0x2D, 0x39, 0xFF, 0x0C, 0x0B, 0x15, 0x22, 0xEB, 0xD8, 0xE3, 0x10,
    0xC8, 0x02, 0xE2, 0xED, 0xE1, 0x0B, 0xE6, 0x18, 0x23, 0xF8, 0x0E, 0x1F,
    0xCA, 0xE5, 0x1E, 0x17, 0x2B, 0xF0, 0xDC, 0x24, 0x22, 0x02, 0x0F, 0x16,
    0xE0, 0xF3, 0xEF, 0x25, 0xE3, 0xB8, 0xA2, 0x06, 0x06, 0x58, 0xE5, 0x09,
    0xF0, 0x1E, 0xE5, 0x02, 0xE1, 0x07, 0xF1, 0xF7, 0xCF, 0x1C, 0xF0, 0xF7,
    0x12, 0x40, 0xD4, 0x15, 0x1C, 0x15, 0xFA, 0x18, 0x10, 0xE2, 0xFC, 0x19,
    0xE3, 0xB5, 0xFB, 0x21, 0xC7, 0x49, 0xDE, 0xFD, 0xED, 0x29, 0x0F, 0x1B,
    0xD6, 0x36, 0x02, 0x0C, 0xE4, 0x23, 0x22, 0xBD, 0x0D, 0x08, 0x04, 0xD7,
    0x12, 0xEB, 0xE2, 0x21, 0x01, 0xEB, 0x1B, 0x16, 0xEE, 0xB5, 0xDF, 0x12,
    0xF5, 0x49, 0xC5, 0xEB, 0x19, 0x24, 0xF4, 0x11, 0xED, 0x21, 0x03, 0x02,
    0xDC, 0x22, 0x03, 0xBE, 0xF6, 0x1C, 0x19, 0xD7, 0x16, 0xED, 0x02, 0x2E,
    0xF6, 0xEC, 0x03, 0x32, 0x02, 0xCE, 0xF2, 0x13, 0xE3, 0x3B, 0xB5, 0x05,
    0xFB, 0x31, 0x0A, 0x0A, 0xE2, 0x1C, 0x06, 0xF8, 0xDC, 0x12, 0x07, 0xDA,
    0xFF, 0x0D, 0x05, 0xEE, 0x36, 0xE1, 0xEE, 0x28, 0xFF, 0xE7, 0xFC, 0x3F,
    0xF2, 0xCD, 0xEB, 0x0F, 0xE2, 0x42, 0xB9, 0xFE, 0xF5, 0x28, 0xFC, 0x15,
    0xD9, 0x22, 0xFB, 0xF8, 0xD3, 0x12, 0x0D, 0xFA, 0xF7, 0x13, 0xF1, 0xFC,
    0x1E, 0xF1, 0x03, 0x2B, 0xE3, 0xE7, 0x00, 0x30, 0xF0, 0xCB, 0xDE, 0x0E,
    0xE3, 0x45, 0xBD, 0xFA, 0xEE, 0x2A, 0x12, 0x20, 0xDC, 0x17, 0x0E, 0xF8,
    0xDA, 0x29, 0x11, 0xD9, 0xF8, 0x18, 0xF7, 0xFF, 0x31, 0xEE, 0x05, 0x2D,
    0xF3, 0xE9, 0x20, 0x3A, 0xF7, 0xC9, 0xE3, 0x09, 0xE6, 0x4B, 0xCC, 0xF7,
    0xDE, 0x30, 0xF2, 0x2F, 0xD4, 0x23, 0x0C, 0xEF, 0xC4, 0x0F, 0x10, 0xE9,
    0x04, 0x1D, 0xF9, 0x02, 0x14, 0xE7, 0xFD, 0x2B, 0xFC, 0xFF, 0x0E, 0x46,
    0xFE, 0xD0, 0xD4, 0x07, 0xEF, 0x2C, 0xBC, 0x05, 0xE9, 0x20, 0xF5, 0x25,
    0xD3, 0x14, 0x02, 0x06, 0xD5, 0x22, 0x12, 0xD8, 0xF2, 0x1B, 0x04, 0xF8,
    0x25, 0xE1, 0xF2, 0x28, 0x0A, 0xE9, 0x1B, 0x3B, 0x00, 0xE2, 0xD8, 0x12,
    0xE9, 0x42, 0xC7, 0x07, 0xE7, 0x15, 0xEE, 0x2F, 0xC9, 0x23, 0xF2, 0x01,
    0xC6, 0x15, 0x11, 0xD4, 0xFD, 0x29, 0xFC, 0x01, 0x1B, 0xE4, 0xF4, 0x17,
    0x0A, 0xF6, 0x1F, 0x36, 0xF3, 0xCB, 0xD2, 0x0B, 0xE6, 0x34, 0xA7, 0x01,
    0xE1, 0x09, 0xF6, 0x2F, 0xD8, 0x0A, 0x03, 0x09, 0xCA, 0x1B, 0x23, 0xCA,
    0xEF, 0x13, 0x09, 0xF3, 0x12, 0xF6, 0x11, 0x1B, 0xF4, 0xFB, 0x1B, 0x14,
    0xE7, 0xE7, 0xDD, 0x11, 0xE8, 0xEF, 0xDA, 0xF8, 0x05, 0x13, 0xEB, 0x09,
    0xDF, 0xED, 0x0F, 0x18, 0xDC, 0xD6, 0x29, 0x25, 0x08, 0x01, 0x0B, 0x1B,
    0x15, 0x07, 0x20, 0x0D, 0xFC, 0x0D, 0x0B, 0x0C, 0x00, 0xFE, 0xED, 0x27,
    0xE1, 0xE5, 0xFF, 0xEC, 0x1B, 0x16, 0xE8, 0xE4, 0x09, 0xF0, 0x02, 0x13,
    0xDD, 0xE5, 0x2C, 0xEC, 0x15, 0xE3, 0x05, 0x18, 0x1C, 0x13, 0x0E, 0x17,
    0x1A, 0x16, 0x19, 0xFD, 0xDB, 0xE8, 0xE3, 0x0F, 0xD6, 0xFD, 0xE8, 0xEE,
    0x28, 0x0C, 0xEF, 0xFA, 0x00, 0xF9, 0x15, 0x1F, 0xD3, 0xDB, 0x29, 0x16,
    0xF5, 0xFE, 0xE0, 0x23, 0x12, 0x14, 0x17, 0x12, 0xF3, 0x43, 0xED, 0x2C,
    0xCB, 0x09, 0xCD, 0xEB, 0xED, 0x13, 0xE4, 0xE3, 0x0E, 0x35, 0xF4, 0x0E,
    0xF6, 0xF5, 0xFF, 0x0E, 0xC3, 0xF7, 0x3F, 0xF6, 0xFE, 0xC6, 0xF5, 0xF9,
    0x3F, 0xF5, 0xF3, 0xF1, 0x10, 0x0E, 0x19, 0x0D, 0xDF, 0xE5, 0xDC, 0x12,
    0xE4, 0x03, 0xEB, 0xE2, 0x25, 0x08, 0xF3, 0xFA, 0x07, 0xF1, 0x17, 0x26,
    0xDB, 0xD5, 0x2F, 0x21, 0xEC, 0xF7, 0xE2, 0x1A, 0x09, 0x15, 0x12, 0x17,
    0x03, 0x21, 0x16, 0xDE, 0xF9, 0x11, 0xFA, 0x1A, 0x07, 0xEA, 0xF9, 0xD7,
    0x20, 0x17, 0xEE, 0x0E, 0x17, 0xE8, 0xF6, 0x14, 0xBB, 0x0C, 0x3D, 0xE1,
    0xEF, 0xE5, 0x1B, 0x09, 0x11, 0x16, 0xF0, 0x0D, 0x1D, 0x12, 0x2A, 0x17,
    0xE4, 0xE4, 0xF0, 0x0B, 0xE2, 0x08, 0xEF, 0xE3, 0x30, 0x01, 0xE2, 0xEF,
    0x11, 0xF0, 0x28, 0x17, 0xDC, 0xD3, 0x30, 0x29, 0xF0, 0xEE, 0xE3, 0x12,
    0xFF, 0x26, 0x01, 0x15, 0x24, 0x0F, 0x0B, 0x2D, 0x00, 0xF8, 0x0C, 0x12,
    0xD0, 0x05, 0xE8, 0xD7, 0x10, 0x28, 0xFA, 0xEF, 0x20, 0xC6, 0x16, 0x04,
    0xE2, 0xD6, 0x2A, 0x02, 0xF3, 0xE7, 0xF0, 0xFC, 0x0F, 0x16, 0x0E, 0x12,
    0x1F, 0xF6, 0x17, 0x0D, 0xF1, 0xEE, 0xFB, 0x17, 0xE3, 0x19, 0xDC, 0xDA,
    0x11, 0x2B, 0xFF, 0xE6, 0x0B, 0xD0, 0x13, 0x1A, 0xF1, 0xD8, 0x28, 0x07,
    0xF8, 0x00, 0xE6, 0x08, 0x20, 0x0B, 0x12, 0x15, 0x1C, 0xFD, 0x10, 0x1D,
    0x09, 0xF3, 0x06, 0x20, 0xCF, 0x08, 0xCE, 0xDB, 0x00, 0x30, 0xF3, 0xE3,
    0x06, 0xD2, 0x17, 0x0D, 0xF8, 0xE8, 0x28, 0xFF, 0xF9, 0xFB, 0xEE, 0x07,
    0x13, 0x08, 0x19, 0x0B, 0x19, 0xFA, 0x21, 0x1F, 0x01, 0xF5, 0xFC, 0x1C,
    0xCC, 0x0F, 0xE7, 0xD4, 0x16, 0x2A, 0xF4, 0xEE, 0xF9, 0xC0, 0x01, 0x2B,
    0xFA, 0xE2, 0x2E, 0x04, 0xF3, 0xFA, 0xD9, 0x02, 0x2B, 0x16, 0x21, 0x18,
    0x01, 0x03, 0xE8, 0x33, 0xE5, 0xF1, 0x0B, 0x07, 0xD4, 0x2B, 0xDA, 0x0A,
    0x0C, 0x4B, 0x15, 0xF9, 0xF6, 0xD6, 0xFF, 0xD4, 0x03, 0xD4, 0x36, 0x24,
    0xC2, 0xD4, 0xD0, 0xFE, 0x3A, 0x13, 0xFE, 0x04, 0x1D, 0x04, 0x1F, 0x16,
    0xFD, 0xF1, 0x00, 0x22, 0xE1, 0x0C, 0xD6, 0xE2, 0x0B, 0x2D, 0xFC, 0xEB,
    0x13, 0xD7, 0x0F, 0x21, 0xEA, 0xD6, 0x29, 0x0C, 0xF5, 0xFD, 0xE5, 0x08,
    0x13, 0x06, 0x0E, 0x14, 0x0D, 0x02, 0x1F, 0x2E, 0x04, 0xF5, 0xFB, 0x1B,
    0xE1, 0x23, 0xE8, 0xDD, 0x0E, 0x2C, 0xF1, 0xDC, 0x08, 0xCB, 0xFA, 0x1B,
    0xF3, 0xDD, 0x21, 0x10, 0xFA, 0xF8, 0xE1, 0x13, 0x0C, 0x12, 0x0C, 0x12,
    0x0A, 0x08, 0x13, 0x0D, 0xF6, 0xE3, 0x00, 0x1B, 0xD3, 0x13, 0xE2, 0xEA,
    0x21, 0x27, 0xFC, 0xE2, 0x0B, 0xD0, 0x15, 0x26, 0xEA, 0xDA, 0x29, 0x18,
    0xFD, 0xF9, 0xDF, 0x05, 0x0E, 0x08, 0x12, 0x05, 0x17, 0x09, 0x1C, 0x19,
    0x07, 0xF2, 0x00, 0x15, 0xCB, 0x01, 0xEA, 0xE7, 0x1B, 0x23, 0xFE, 0xF1,
    0x15, 0xC9, 0x1C, 0xF5, 0xE3, 0xDA, 0x2A, 0x10, 0xEC, 0xF0, 0xE8, 0x0B,
    0x1B, 0x14, 0xFF, 0x06, 0x0A, 0x13, 0x1B, 0x1C, 0xF5, 0xEB, 0xF9, 0x03,
    0xEF, 0x0F, 0xD7, 0xEB, 0x24, 0x21, 0xFF, 0xE3, 0x0E, 0xEA, 0x16, 0x22,
    0xEA, 0xDB, 0x30, 0x17, 0x01, 0xF3, 0xE5, 0x12, 0xF5, 0x05, 0x11, 0x0C,
    0x02, 0x14, 0x10, 0x13, 0x0B, 0xE2, 0xFB, 0x0E, 0xDD, 0x2E, 0xDA, 0xF3,
    0x27, 0x22, 0x01, 0xFC, 0x16, 0xC7, 0x15, 0x29, 0xD9, 0xD1, 0x27, 0x14,
    0xF3, 0xFB, 0xD2, 0x12, 0x14, 0x09, 0x27, 0x0B, 0x08, 0x16, 0x12, 0x29,
    0x01, 0xF5, 0x02, 0x14, 0xD1, 0x06, 0xD9, 0xF6, 0x21, 0x24, 0x15, 0xEC,
    0x0F, 0xCF, 0x14, 0x23, 0xDF, 0xD6, 0x29, 0x01, 0xFB, 0x04, 0xD8, 0x08,
    0x11, 0x09, 0x22, 0x13, 0x1F, 0x02, 0x19, 0x2B, 0x03, 0x00, 0xFD, 0x02,
    0xD7, 0x19, 0xDB, 0xCB, 0x1F, 0x2A, 0x0B, 0xF4, 0x1E, 0xCD, 0x14, 0x1E,
    0xE6, 0xD6, 0x27, 0x0C, 0xF7, 0xF9, 0xDC, 0xF4, 0x1C, 0x1C, 0x13, 0x15,
    0x10, 0x08, 0x14, 0x0F, 0x04, 0xE7, 0x00, 0x16, 0xD8, 0x0E, 0xE6, 0xE3,
    0x25, 0x28, 0x05, 0xE4, 0x08, 0xCE, 0x13, 0x13, 0xE9, 0xD8, 0x26, 0x11,
    0xF8, 0xFB, 0xDD, 0x02, 0x17, 0x11, 0x13, 0x08, 0x25, 0x19, 0xF2, 0xFE,
    0xF7, 0xD8, 0xFB, 0x19, 0xCD, 0x0A, 0xE4, 0xF7, 0x11, 0x21, 0xF5, 0x01,
    0xF8, 0xCF, 0x11, 0x20, 0xE2, 0xD5, 0x25, 0x19, 0xEE, 0x0D, 0xE7, 0x14,
    0x26, 0x0D, 0x1B, 0x18, 0x1C, 0xFA, 0x0D, 0x18, 0x01, 0xF0, 0x0D, 0x17,
    0xD3, 0x0B, 0xD6, 0xE1, 0x08, 0x27, 0xF8, 0xE3, 0x06, 0xC7, 0x15, 0x1A,
    0x00, 0xDB, 0x2B, 0xFD, 0xFA, 0x10, 0xEF, 0x08, 0x24, 0x08, 0x10, 0x15,
    0x1E, 0x19, 0x0F, 0x0F, 0xFE, 0xE4, 0xF6, 0x19, 0xD7, 0x0C, 0xE9, 0xDC,
    0x16, 0x1A, 0x08, 0xF6, 0xFE, 0xDB, 0x11, 0x17, 0xEF, 0xDC, 0x33, 0x19,
    0xF5, 0x04, 0xDD, 0x18, 0x08, 0x0A, 0x0E, 0x12, 0x25, 0x19, 0x0E, 0x19,
    0xFF, 0xE6, 0x01, 0x0E, 0xCB, 0x01, 0xDF, 0xDB, 0x27, 0x2B, 0x0C, 0xF7,
    0x05, 0xD8, 0x12, 0x1A, 0xE5, 0xDA, 0x2E, 0x00, 0xF4, 0xE9, 0xE1, 0x09,
    0x1C, 0x08, 0x28, 0x12, 0x1D, 0x06, 0x0B, 0x09, 0x02, 0xED, 0x1C, 0x09,
    0xCA, 0x02, 0xC4, 0xD8, 0x1B, 0x2E, 0xEE, 0xE8, 0x07, 0xCA, 0x17, 0x1C,
    0xF3, 0xE0, 0x3E, 0xFD, 0xFF, 0xF2, 0xFB, 0x06, 0x1A, 0x0F, 0x21, 0x19,
    0x1A, 0x0D, 0x24, 0x17, 0xF8, 0xF3, 0x04, 0x18, 0xCD, 0xF9, 0xD2, 0xEE,
    0x07, 0x28, 0xFA, 0xE5, 0x06, 0xD3, 0x10, 0x14, 0xF4, 0xE4, 0x31, 0xFC,
    0xF4, 0x01, 0xF2, 0x0C, 0x1E, 0x02, 0x24, 0x12, 0x2D, 0x1B, 0x13, 0x25,
    0x01, 0xFD, 0xF8, 0x06, 0xC8, 0xFC, 0xE3, 0xC8, 0x23, 0x22, 0xF2, 0xFD,
    0x23, 0xE0, 0x28, 0x08, 0xE2, 0xD8, 0x2B, 0x17, 0xF5, 0xEF, 0xDB, 0x04,
    0x12, 0x1F, 0x05, 0x19, 0x1B, 0x0B, 0x1D, 0x0B, 0x01, 0xF8, 0x0A, 0x2A,
    0xD5, 0x0A, 0xDF, 0xEC, 0x11, 0x28, 0x01, 0xEA, 0x03, 0xCC, 0x18, 0x18,
    0xEA, 0xDB, 0x22, 0x11, 0xF4, 0xFA, 0xD9, 0x05, 0x26, 0x1C, 0x07, 0x0C,
    0x1D, 0x0B, 0x2B, 0x20, 0xF0, 0xEC, 0x01, 0x0E, 0xDE, 0x05, 0xDB, 0xE8,
    0x21, 0x2B, 0xFE, 0xE6, 0x15, 0xDB, 0x17, 0x1F, 0xE9, 0xE0, 0x36, 0x07,
    0x01, 0xF6, 0xE1, 0x09, 0x06, 0x10, 0x16, 0x0F, 0x2F, 0x0E, 0x1F, 0x0C,
    0xF8, 0xFD, 0xF8, 0x1E, 0xE0, 0xFC, 0xE4, 0xE0, 0x21, 0x2A, 0xE3, 0xF1,
    0xFF, 0xDD, 0x19, 0x17, 0xDB, 0xD3, 0x28, 0x10, 0xED, 0xE5, 0xEB, 0x15,
    0x26, 0x19, 0x0E, 0x21, 0x21, 0x20, 0x1E, 0x06, 0xF6, 0xE9, 0xFB, 0x10,
    0xE6, 0x05, 0xEF, 0xE7, 0x25, 0x23, 0xFB, 0xEE, 0x0C, 0xD6, 0x27, 0x12,
    0xED, 0xD8, 0x33, 0x08, 0xEB, 0x03, 0xDA, 0x11, 0x0D, 0x12, 0x17, 0x0D,
    0x23, 0x23, 0x1B, 0x07, 0xFC, 0xE2, 0xFB, 0x0F, 0xE0, 0x18, 0xE9, 0xDC,
    0x28, 0x1E, 0xF6, 0xEF, 0x11, 0xE3, 0x24, 0x23, 0xDB, 0xDB, 0x36, 0x15,
    0xF4, 0xF2, 0xCF, 0x17, 0x0D, 0x10, 0x13, 0x19, 0x28, 0x0B, 0x02, 0x2A,
    0xE1, 0xE5, 0xE9, 0x07, 0x0B, 0xFC, 0xDF, 0xF2, 0x21, 0x1D, 0xF5, 0xF6,
    0xDC, 0xFE, 0x28, 0x01, 0xD7, 0xD5, 0x3F, 0x22, 0x17, 0xDC, 0xEB, 0x01,
    0xF6, 0x0D, 0xDC, 0x25, 0x20, 0x16, 0x27, 0x19, 0xE7, 0xE7, 0xEB, 0x10,
    0xE3, 0x0E, 0xEC, 0xDD, 0x17, 0x06, 0xE9, 0xEC, 0x0E, 0xF2, 0x1F, 0x19,
    0xE1, 0xDD, 0x39, 0x18, 0xE8, 0xFF, 0xED, 0x19, 0x01, 0x1B, 0x0F, 0x07,
    0xFE, 0x28, 0x04, 0x1C, 0xE1, 0xE3, 0x07, 0x24, 0xEE, 0xE9, 0xDD, 0xF6,
    0x35, 0x23, 0xF6, 0xF3, 0x02, 0xBC, 0x05, 0x1C, 0xC2, 0xDE, 0x42, 0xD9,
    0xCD, 0xF5, 0xDD, 0x1F, 0x11, 0x2C, 0x40, 0x1A, 0x21, 0x10, 0x1C, 0x15,
    0xDB, 0xE0, 0xE2, 0x0A, 0xEC, 0x08, 0xF0, 0xE6, 0x31, 0x02, 0xE5, 0xF1,
    0x09, 0xF6, 0x26, 0x30, 0xC8, 0xDC, 0x38, 0x29, 0xE7, 0xF9, 0xDE, 0x16,
    0x02, 0x26, 0x15, 0x15, 0x1E, 0x0F, 0xFC, 0x14, 0x18, 0x21, 0xE6, 0x07,
    0xDC, 0x03, 0xEA, 0xDE, 0xFA, 0x10, 0xEE, 0xEF, 0xF5, 0xDD, 0x11, 0x19,
    0xF5, 0xD1, 0x41, 0x15, 0xF6, 0xDD, 0xB0, 0x25, 0x14, 0x20, 0xFF, 0x23,
    0x1F, 0x11, 0x26, 0x1C, 0xE2, 0xDF, 0xEC, 0x11, 0xD8, 0x10, 0xED, 0xE8,
    0x36, 0xF8, 0xEB, 0xF9, 0x09, 0xEF, 0x2A, 0x26, 0xD7, 0xD1, 0x36, 0x2A,
    0xEC, 0xF7, 0xD8, 0x12, 0xFF, 0x2D, 0x0F, 0x19, 0x29, 0x43, 0xDE, 0x3D,
    0xD0, 0xCB, 0xEB, 0xDE, 0xF2, 0x2E, 0x02, 0xEE, 0xDC, 0x14, 0xD0, 0xB9,
    0x17, 0x11, 0xFB, 0x49, 0x19, 0xE1, 0x52, 0x19, 0xD6, 0xBF, 0x22, 0x18,
    0x15, 0x35, 0xFF, 0xEE, 0x0A, 0x15, 0x0C, 0x20, 0xEB, 0x0C, 0xC5, 0x1E,
    0x02, 0x27, 0xE2, 0xE4, 0xFA, 0x12, 0xF2, 0xD9, 0x0B, 0xF3, 0x0A, 0x29,
    0xF9, 0xDF, 0x2E, 0x16, 0xF0, 0xCD, 0xFC, 0x0A, 0x1F, 0x0A, 0x09, 0x04,
    0x17, 0x0C, 0x03, 0x0A, 0xE8, 0xD7, 0xD4, 0x00, 0xE2, 0x27, 0xC3, 0xFE,
    0xF4, 0x14, 0xDE, 0xE4, 0x04, 0x06, 0x0A, 0x44, 0x0A, 0xFC, 0x27, 0x1A,
    0xEF, 0xEE, 0x02, 0x05, 0x1B, 0xF3, 0x22, 0x04, 0x21, 0x03, 0x13, 0x08,
    0xD8, 0xF4, 0xD1, 0xEA, 0x05, 0x0E, 0xDD, 0xEB, 0xF3, 0x1B, 0xE7, 0xE1,
    0x05, 0xEB, 0x1E, 0x43, 0xFC, 0xFE, 0x2A, 0x10, 0x00, 0xC2, 0xF3, 0x17,
    0x2E, 0x21, 0x0C, 0x29, 0x19, 0x20, 0xE2, 0x32, 0xBD, 0xC5, 0xF4, 0xFA,
    0xF6, 0x3C, 0xEF, 0x27, 0xD6, 0x2C, 0xEE, 0xD8, 0xEA, 0x00, 0x07, 0x03,
    0x16, 0xC9, 0x3F, 0xE7, 0xBD, 0xA6, 0x26, 0x11, 0x39, 0x4E, 0x21, 0x02,
    0x07, 0x11, 0xFB, 0x22, 0xD3, 0xF2, 0xD3, 0xFD, 0xEB, 0x06, 0xC6, 0x00,
    0x09, 0x11, 0xFA, 0xE2, 0x08, 0xF8, 0x0C, 0x30, 0xF3, 0xEF, 0x2F, 0x2F,
    0xDF, 0xE8, 0x0D, 0x21, 0x15, 0x15, 0x0F, 0x1A, 0x10, 0x24, 0x1B, 0x1D,
    0x08, 0xA4, 0x97, 0x04, 0xDF, 0x25, 0xCA, 0x03, 0xD4, 0x29, 0xFB, 0xC2,
    0xFD, 0x01, 0x04, 0x4E, 0x06, 0xF9, 0x24, 0xE8, 0x0F, 0xCE, 0x1D, 0x1A,
    0x2B, 0x2C, 0xEE, 0x2B, 0xFD, 0x41, 0x0B, 0x2C, 0xE0, 0xCE, 0xF0, 0x16,
    0xF4, 0xF8, 0xF1, 0x0E, 0xE7, 0x0E, 0xF1, 0xE2, 0x05, 0xEA, 0x13, 0x31,
    0xF5, 0xE0, 0x41, 0x36, 0xC4, 0xEB, 0xD3, 0xFE, 0x2B, 0x12, 0x1F, 0x06,
    0x14, 0x27, 0xFA, 0x18, 0xDD, 0xD6, 0xFD, 0xF5, 0x0B, 0x2C, 0xEC, 0x00,
    0x01, 0x02, 0xD3, 0xD2, 0x17, 0xE4, 0x18, 0x1C, 0x03, 0xE5, 0x3B, 0x1D,
    0xEB, 0xBF, 0x09, 0x04, 0x27, 0x21, 0x01, 0x0B, 0x1A, 0x0A, 0x13, 0x11,
    0xDC, 0xED, 0xD5, 0x0F, 0xEF, 0x19, 0xD2, 0xEB, 0x09, 0x0C, 0xF6, 0xF2,
    0x02, 0xF3, 0x18, 0x3B, 0xDC, 0xE4, 0x39, 0x27, 0xEC, 0xE7, 0xE9, 0x1A,
    0x15, 0x04, 0x1C, 0x0A, 0x07, 0x0A, 0x12, 0x09, 0xE4, 0xD1, 0xB2, 0x0D,
    0xEC, 0xFD, 0xF0, 0x11, 0xE9, 0x17, 0xF0, 0xEE, 0xFA, 0xFB, 0xF5, 0x41,
    0xEF, 0xF7, 0x34, 0x26, 0xD4, 0xF8, 0xF4, 0x15, 0x1F, 0x10, 0x24, 0x12,
    0x0B, 0x0D, 0x06, 0x1D, 0xE4, 0x06, 0xD9, 0xF2, 0x04, 0x18, 0xD1, 0xF7,
    0xF1, 0x11, 0xE2, 0xDC, 0xF3, 0xDB, 0x20, 0x3F, 0x07, 0xEB, 0x3E, 0x16,
    0xDC, 0xDA, 0xEC, 0x07, 0x30, 0x34, 0x1B, 0x15, 0xDC, 0x06, 0x0F, 0x12,
    0xEC, 0xF7, 0x9F, 0x14, 0xDA, 0x22, 0xE2, 0xF5, 0xF8, 0x26, 0xF4, 0xE8,
    0x0E, 0xF4, 0x08, 0x3E, 0xCF, 0xEE, 0x2B, 0x14, 0xE3, 0xEB, 0xF7, 0x16,
    0x2B, 0x17, 0x1C, 0x02, 0x31, 0x0E, 0x04, 0xDB, 0xEE, 0x01, 0xB7, 0xF1,
    0xFD, 0x02, 0x9F, 0x0B, 0x07, 0x19, 0xF8, 0xCA, 0x0C, 0xE7, 0xF9, 0x50,
    0x14, 0xC1, 0x4B, 0x14, 0xEE, 0xD2, 0x0F, 0xFA, 0x48, 0x3F, 0xEA, 0xFB,
    0xF7, 0x2D, 0xD4, 0x1D, 0xAD, 0x03, 0xCA, 0xE1, 0xE3, 0x08, 0x0D, 0x05,
    0xF0, 0x10, 0xF5, 0xEA, 0x23, 0xE9, 0x10, 0x3D, 0x25, 0xD9, 0x3D, 0x0D,
    0xD4, 0xCD, 0x18, 0xFB, 0x32, 0x23, 0x3C, 0xE5, 0xFD, 0x1F, 0xEE, 0x1C,
    0xDA, 0x09, 0xD6, 0x16, 0xEF, 0x0B, 0xD8, 0xE3, 0xF5, 0x0F, 0xE8, 0xDC,
    0x0A, 0xE0, 0x10, 0x2E, 0xE3, 0xE5, 0x3B, 0x19, 0xEE, 0xF7, 0xFA, 0x14,
    0x33, 0xF0, 0x2D, 0x0B, 0x20, 0x18, 0x09, 0x19, 0xE7, 0xE6, 0xE8, 0x11,
    0xE1, 0x0C, 0xE8, 0xE4, 0x07, 0x03, 0xFB, 0xF6, 0x04, 0xF2, 0x0B, 0x2B,
    0xE5, 0xE4, 0x42, 0x15, 0xF0, 0xF8, 0xE6, 0x24, 0x0E, 0x07, 0x1B, 0x0D,
    0x03, 0x1D, 0xF7, 0x24, 0xF4, 0xFA, 0xEC, 0x1C, 0x00, 0x04, 0xAA, 0xFE,
    0xF3, 0x19, 0xBE, 0xDC, 0xCE, 0x0C, 0x05, 0x4C, 0x0D, 0xD6, 0x46, 0x12,
    0xE6, 0xBC, 0xE7, 0xF8, 0x4C, 0x51, 0x05, 0xE5, 0x07, 0x14, 0x03, 0xFF,
    0xDA, 0xEC, 0xEA, 0x08, 0xF2, 0x09, 0xC2, 0x02, 0xFC, 0x18, 0xD7, 0xDB,
    0x10, 0xF9, 0x1D, 0x38, 0xF1, 0xFC, 0x45, 0xFA, 0xEA, 0xCD, 0x16, 0x07,
    0x20, 0x0C, 0x2D, 0x10, 0x1A, 0x18, 0x09, 0x0B, 0xCD, 0xDC, 0xE8, 0xFB,
    0xFA, 0x00, 0xCB, 0xF5, 0xEC, 0x09, 0xF4, 0xDF, 0xFB, 0xEA, 0x15, 0x42,
    0x07, 0xF3, 0x45, 0x15, 0xF3, 0xDB, 0xFD, 0xFC, 0x30, 0xEC, 0x2C, 0x19,
    0x2B, 0x2D, 0xF7, 0x1D, 0xDC, 0xFA, 0xE1, 0xFB, 0x0E, 0x12, 0xF3, 0xF9,
    0xF1, 0x1E, 0xDA, 0xD1, 0xFE, 0xEE, 0x13, 0x2E, 0xE9, 0xD5, 0x42, 0x20,
    0xCE, 0xD6, 0xFC, 0x15, 0x2A, 0x31, 0x13, 0x12, 0x0C, 0x07, 0x16, 0x03,
    0xD5, 0xED, 0xF5, 0x05, 0xE0, 0x18, 0xD8, 0xF6, 0x04, 0x10, 0xFE, 0xE6,
    0xFC, 0xE4, 0x20, 0x42, 0xFD, 0xE8, 0x32, 0x14, 0xFE, 0xEC, 0xD6, 0x0A,
    0x25, 0x21, 0x06, 0x07, 0x00, 0x08, 0x00, 0x14, 0xDC, 0xF4, 0xE9, 0x09,
    0xF9, 0xFC, 0xE1, 0xED, 0x01, 0x15, 0xFB, 0xE6, 0x00, 0xF8, 0x0B, 0x33,
    0xD7, 0xED, 0x3A, 0x23, 0xED, 0xF3, 0xFD, 0x0D, 0x21, 0x0C, 0x1A, 0x07,
    0xFF, 0x1E, 0x0D, 0x0F, 0xD3, 0xF2, 0xC4, 0x15, 0xEB, 0x27, 0xBE, 0xDC,
    0x09, 0x24, 0xE1, 0xFC, 0xD5, 0xD7, 0x1F, 0x38, 0xF6, 0xFD, 0x29, 0x0F,
    0xE6, 0xE0, 0x1F, 0x15, 0x43, 0xF9, 0xF2, 0x07, 0x12, 0x2A, 0xFE, 0x08,
    0xE1, 0xF3, 0xF9, 0x07, 0xF8, 0x0A, 0xDF, 0xFE, 0xFC, 0x08, 0xD8, 0xD9,
    0x11, 0x01, 0x21, 0x26, 0xE4, 0xF1, 0x45, 0x07, 0xC9, 0xC7, 0x01, 0x0F,
    0x27, 0x24, 0x12, 0x15, 0x22, 0x12, 0x06, 0x0C, 0xE5, 0xE9, 0xEC, 0x0E,
    0xF5, 0x19, 0xD9, 0xF0, 0x01, 0x09, 0xEE, 0xE5, 0x00, 0xE8, 0x19, 0x39,
    0xF2, 0xE9, 0x3F, 0x0B, 0xF1, 0xEC, 0xEE, 0x17, 0x18, 0x01, 0x19, 0x19,
    0x1E, 0x0A, 0x20, 0x12, 0xDE, 0xDA, 0xE0, 0x08, 0xE2, 0x08, 0xEF, 0xE6,
    0x37, 0x06, 0xE7, 0xF7, 0x06, 0xF0, 0x2A, 0x26, 0xD0, 0xD4, 0x36, 0x2A,
    0xEA, 0xF8, 0xD3, 0x17, 0xFE, 0x21, 0x0D, 0x12, 0x07, 0xFB, 0x20, 0x1D,
    0xE0, 0xA9, 0x96, 0x39, 0xD4, 0x36, 0xEA, 0xEF, 0x64, 0x38, 0xD9, 0x0D,
    0x11, 0xDA, 0x26, 0xF2, 0x0B, 0x01, 0x5D, 0xFD, 0xE1, 0x08, 0x02, 0xE7,
    0x01, 0xE0, 0xFE, 0xF6, 0x1A, 0x04, 0x19, 0x12, 0xE1, 0xDE, 0xE1, 0x19,
    0xDC, 0x0F, 0xEE, 0xDF, 0x23, 0x0A, 0xEE, 0xF3, 0x06, 0xEE, 0x29, 0x35,
    0xC6, 0xD8, 0x37, 0x26, 0xEB, 0xF3, 0xDE, 0x1A, 0x05, 0x17, 0x17, 0x0E,
    0x09, 0x00, 0x1C, 0x00, 0xE5, 0xE8, 0xD7, 0x12, 0xE9, 0x11, 0xF1, 0xD8,
    0x0C, 0x18, 0xF6, 0xF3, 0xF5, 0xFA, 0x07, 0x33, 0xC9, 0xD7, 0x31, 0x13,
    0xF5, 0x00, 0xE1, 0x1F, 0x0B, 0x1B, 0x0A, 0x0F, 0x2B, 0x08, 0x2A, 0x22,
    0xD9, 0xD6, 0xE2, 0x15, 0xD8, 0x14, 0xF5, 0xE3, 0x3E, 0xF8, 0xE8, 0xFD,
    0x03, 0xEC, 0x3A, 0x39, 0xC9, 0xCB, 0x40, 0x34, 0xE5, 0xFB, 0xCC, 0x12,
    0x07, 0x32, 0x14, 0x1C, 0x02, 0xF4, 0x01, 0xAD, 0xEC, 0x3B, 0xD7, 0x03,
    0x03, 0x3A, 0x40, 0x1B, 0xBE, 0x9B, 0xFA, 0xF3, 0x3B, 0x12, 0xFA, 0x0A,
    0xEE, 0xFC, 0x21, 0x0B, 0xE5, 0x2E, 0x13, 0x11, 0xF9, 0xEB, 0x14, 0xF6,
    0x1C, 0x1B, 0xEE, 0xD4, 0xD3, 0x31, 0xF7, 0x2C, 0xF2, 0xC5, 0x34, 0x1E,
    0x11, 0xCE, 0x4B, 0xAC, 0x1C, 0xD6, 0xFF, 0x13, 0x32, 0x24, 0xDB, 0x04,
    0x03, 0xCE, 0x01, 0xE4, 0xEE, 0x25, 0xD1, 0xFE, 0xE5, 0x10, 0x0C, 0xD8,
    0xBE, 0x0F, 0xA9, 0x25, 0x33, 0xEF, 0x14, 0x0C, 0xDF, 0xD1, 0x33, 0xFF,
    0xD7, 0x2F, 0x35, 0x27, 0x21, 0x47, 0x02, 0x17, 0xE4, 0x14, 0xE5, 0x0A,
    0xB5, 0x09, 0xD5, 0x16, 0x15, 0xF0, 0xC9, 0xCA, 0xF4, 0xD9, 0x0E, 0xFB,
    0xD9, 0xEB, 0xCD, 0xF2, 0xC7, 0xDE, 0x26, 0x22, 0x27, 0x05, 0x05, 0xEF,
    0xDD, 0x31, 0xD1, 0x3E, 0xD7, 0x18, 0x18, 0x44, 0x1A, 0x31, 0x26, 0x1E,
    0x01, 0x0D, 0xCE, 0x25, 0xFD, 0xF2, 0x4E, 0xEF, 0xF9, 0x2F, 0xB5, 0x08,
    0x45, 0xBC, 0x33, 0xEA, 0x13, 0x24, 0x20, 0xFD, 0xFC, 0x45, 0xC2, 0x0B,
    0x1C, 0xCA, 0xEB, 0x05, 0xD2, 0x1E, 0x0B, 0xD4, 0xED, 0xF2, 0x24, 0xF7,
    0x04, 0x09, 0xD5, 0x3C, 0x96, 0xB9, 0x1A, 0x0F, 0x0E, 0xE3, 0x32, 0x2E,
    0x02, 0xF2, 0xD0, 0x22, 0xF7, 0x35, 0xD5, 0xE3, 0x1B, 0x3C, 0x1F, 0xFA,
    0xD2, 0x01, 0x36, 0xF7, 0xCF, 0x02, 0xF3, 0x4E, 0x30, 0x0E, 0x1A, 0xFC,
    0xC7, 0x05, 0x01, 0xC2, 0x30, 0xC8, 0xFF, 0x29, 0x1B, 0xFE, 0x06, 0x55,
    0xEB, 0x2C, 0xC5, 0xE6, 0x01, 0xD9, 0x1B, 0xF6, 0xFF, 0x13, 0x27, 0xD7,
    0x22, 0xD7, 0x03, 0xB6, 0x04, 0x1F, 0x34, 0xFC, 0xD9, 0xFB, 0x21, 0xD9,
    0x2A, 0xE0, 0x11, 0xE6, 0xF4, 0x1B, 0x06, 0x0C, 0x23, 0x22, 0xEF, 0x81,
    0x31, 0x1A, 0x0F, 0x53, 0x18, 0x1C, 0xE8, 0xF0, 0x00, 0xF7, 0xD7, 0xFD,
    0xC2, 0x06, 0x5B, 0xFE, 0xE4, 0x09, 0x10, 0x14, 0xCC, 0xF5, 0x40, 0xEA,
    0xEF, 0x1A, 0xDA, 0x41, 0xEC, 0xEC, 0xC1, 0x2C, 0x19, 0x39, 0xDC, 0xFE,
    0xC9, 0x10, 0x20, 0xFC, 0xD3, 0x04, 0xEB, 0xDC, 0xE2, 0x34, 0x1A, 0x3A,
    0x08, 0xE0, 0x03, 0x24, 0xFD, 0xE5, 0x22, 0xDC, 0xF4, 0xE8, 0x4C, 0xD6,
    0xF4, 0xF0, 0xD8, 0xE8, 0xDF, 0x2A, 0xC3, 0x01, 0xD8, 0x18, 0x38, 0x4A,
    0x06, 0x0D, 0xEE, 0x16, 0x0B, 0xFA, 0xEC, 0x15, 0x07, 0x30, 0x11, 0xEB,
    0xE7, 0xDF, 0xDC, 0xC9, 0x3F, 0x0A, 0xED, 0x44, 0x6A, 0xF5, 0xD7, 0xE8,
    0x19, 0x2D, 0xD7, 0xFC, 0xD5, 0xCA, 0x01, 0x03, 0x1C, 0x15, 0x40, 0xF1,
    0xD6, 0x2D, 0x38, 0x27, 0xDC, 0x08, 0x0C, 0x26, 0xDB, 0xEE, 0xEB, 0xE7,
    0x31, 0xE5, 0x2C, 0x07, 0x18, 0x17, 0xE6, 0xDC, 0x07, 0x12, 0xED, 0xF9,
    0x87, 0xC3, 0x2A, 0xF3, 0xEB, 0xFE, 0xB4, 0xE5, 0xCA, 0x0B, 0x1D, 0x2B,
    0xE1, 0xE5, 0x46, 0xE7, 0x09, 0xDF, 0xFD, 0x64, 0xE1, 0xFB, 0x10, 0x11,
    0x20, 0xDA, 0xCB, 0x40, 0x13, 0x10, 0xF2, 0xE4, 0x17, 0x0C, 0x01, 0x09,
    0xD5, 0xDF, 0xEF, 0xDC, 0xF6, 0x31, 0x1A, 0x23, 0xD1, 0xF6, 0x46, 0x2C,
    0x1B, 0x08, 0xDB, 0xCB, 0x47, 0xFC, 0xE5, 0xFD, 0x05, 0xE3, 0xC4, 0x2C,
    0xF4, 0xFB, 0x17, 0x4B, 0xE4, 0x10, 0x04, 0xDA, 0xEC, 0xD0, 0xFB, 0x4B,
    0xD7, 0xF9, 0xF5, 0xD7, 0xDD, 0x21, 0xEF, 0x03, 0x14, 0xE2, 0xF9, 0x18,
    0x3A, 0xDA, 0x1E, 0x25, 0x2A, 0xE4, 0xD2, 0x0B, 0x08, 0x26, 0xF7, 0x04,
    0xAC, 0x41, 0x1D, 0xFF, 0xCD, 0xF5, 0xF6, 0x0B, 0xF2, 0x16, 0x11, 0x25,
    0x3B, 0xD9, 0xF4, 0x07, 0x24, 0xF8, 0xC9, 0xF3, 0xDC, 0x16, 0xC8, 0x4F,
    0x3F, 0x13, 0xA2, 0xE8, 0x13, 0x04, 0xFF, 0x43, 0x14, 0x15, 0x1E, 0x11,
    0xEF, 0x21, 0x2E, 0xF8, 0xD2, 0x15, 0x2A, 0xCC, 0xE0, 0xE9, 0xDE, 0xBF,
    0x2F, 0x06, 0x32, 0x06, 0xE5, 0x4C, 0x09, 0x1F, 0x0F, 0x07, 0xE2, 0xFA,
    0xED, 0x07, 0xF7, 0x17, 0xEC, 0xC1, 0x1C, 0x1D, 0x00, 0xE4, 0xF8, 0xAD,
    0xE9, 0x1C, 0x31, 0xFE, 0x2B, 0x12, 0x1A, 0xB4, 0x22, 0x05, 0xD4, 0xFC,
    0x12, 0x2B, 0x0B, 0x6D, 0x1A, 0xEF, 0xDF, 0x03, 0xF4, 0xEC, 0x2D, 0xFF,
    0xB4, 0x18, 0xDF, 0xF9, 0xE2, 0x21, 0x20, 0xBA, 0xF8, 0x0D, 0x47, 0x1F,
    0xDC, 0xDC, 0x37, 0xFE, 0x27, 0xD8, 0xF8, 0xC1, 0xED, 0xFF, 0x0A, 0x46,
    0x03, 0xFF, 0x00, 0xDA, 0xD5, 0xF6, 0xF4, 0xEE, 0x25, 0x0C, 0x35, 0xC6,
    0xE2, 0xE5, 0x0A, 0xDB, 0xFF, 0x1B, 0xEE, 0xD6, 0xD1, 0xF8, 0x34, 0xC5,
    0xF7, 0x0B, 0xD9, 0xF1, 0x17, 0xC1, 0x24, 0x12, 0x2F, 0x3E, 0xF8, 0x52,
    0x42, 0xEE, 0x2D, 0x29, 0x08, 0xDE, 0x27, 0xEE, 0xAE, 0xC8, 0xFD, 0xEA,
    0xE9, 0xF3, 0xFE, 0x18, 0x34, 0xF5, 0xDB, 0xD3, 0x2A, 0xEC, 0xF8, 0xDB,
    0x16, 0xE7, 0x3D, 0x32, 0x31, 0x47, 0xF5, 0x03, 0x0B, 0x34, 0x16, 0xE8,
    0xEA, 0xE6, 0x08, 0xDB, 0xE7, 0xF0, 0x70, 0x0C, 0x01, 0xF5, 0x08, 0x02,
    0xE8, 0xBF, 0xDF, 0x0F, 0xD2, 0xD7, 0xF8, 0xDD, 0x0A, 0x0C, 0x2F, 0x1E,
    0x50, 0x09, 0xCB, 0x30, 0x18, 0x02, 0xE2, 0x03, 0x38, 0x09, 0x0F, 0xCC,
    0xDC, 0xD9, 0x25, 0xE9, 0x42, 0x40, 0x1D, 0x00, 0x33, 0xF2, 0xBB, 0xF4,
    0x33, 0xFB, 0xF0, 0x04, 0x39, 0x23, 0x12, 0xE5, 0x25, 0xED, 0xCC, 0x12,
    0xF2, 0x26, 0xB2, 0x1D, 0xDD, 0x17, 0xBC, 0x1B, 0x45, 0xE9, 0xEA, 0xD5,
    0x2B, 0x14, 0x3E, 0xF3, 0xE8, 0x1C, 0xD7, 0x02, 0xEC, 0xDB, 0x14, 0x2B,
    0xF9, 0xE7, 0x52, 0xF9, 0x3C, 0x1A, 0xEC, 0xF8, 0xAF, 0x1C, 0xFA, 0xEC,
    0x0E, 0xEE, 0xA7, 0xF7, 0xE3, 0xEA, 0x00, 0x9E, 0x26, 0x24, 0x3C, 0xE7,
    0xEE, 0xF4, 0xCA, 0x1F, 0x2A, 0xCF, 0xF6, 0xD7, 0x0F, 0x17, 0x15, 0x5A,
    0x17, 0xDC, 0x0F, 0x25, 0x1D, 0x1D, 0x02, 0x11, 0x03, 0xB9, 0xFC, 0xFE,
    0x16, 0xE4, 0x37, 0xBB, 0xF3, 0x2E, 0x25, 0xCE, 0xDC, 0xCE, 0xE3, 0xEF,
    0xFC, 0xEB, 0x45, 0x32, 0x2F, 0xD4, 0x30, 0x63, 0xD4, 0x03, 0xEA, 0x02,
    0x0E, 0x0B, 0xF1, 0x1A, 0xEC, 0x06, 0xF0, 0xD5, 0x0A, 0xF8, 0xE8, 0x25,
    0xB5, 0x02, 0x35, 0x45, 0x1F, 0xDA, 0xF2, 0xE2, 0xF2, 0xBA, 0x0D, 0xF9,
    0x39, 0xE6, 0x13, 0xE9, 0x37, 0xE5, 0x0F, 0xDE, 0xE8, 0x20, 0x15, 0x27,
    0x17, 0xD8, 0xD7, 0x12, 0x20, 0xDF, 0x1B, 0xE3, 0x01, 0x0A, 0x2E, 0xE3,
    0x17, 0xF0, 0x0B, 0xED, 0x01, 0xE1, 0x14, 0x11, 0x0D, 0xB6, 0x14, 0x32,
    0xFB, 0xC2, 0xD3, 0xBC, 0xC1, 0x24, 0x33, 0xE3, 0x2C, 0x13, 0x38, 0x21,
    0x13, 0xF7, 0xE5, 0xD0, 0x14, 0x42, 0xB5, 0xF4, 0x14, 0xD3, 0xC0, 0x03,
    0x5B, 0xEB, 0x24, 0xF9, 0x2D, 0xE1, 0xFD, 0x07, 0x42, 0x1B, 0xD7, 0x09,
    0x02, 0x1D, 0x1F, 0x3D, 0xDD, 0xD2, 0x33, 0xC7, 0x0B, 0x18, 0xF4, 0xD5,
    0x28, 0x17, 0x0F, 0x03, 0x2B, 0xF7, 0xCD, 0xE6, 0xF7, 0xC6, 0x48, 0xE9,
    0x20, 0xB0, 0xDF, 0x1A, 0x03, 0x29, 0xF4, 0xFE, 0xAB, 0x01, 0xE4, 0x10,
    0x1C, 0xE5, 0x58, 0x07, 0x4E, 0x3D, 0xFB, 0xC3, 0x0B, 0xF0, 0xFE, 0xC9,
    0x24, 0xF6, 0x07, 0x19, 0x18, 0xAD, 0xBE, 0x25, 0xF1, 0xE3, 0xEC, 0x2C,
    0x18, 0xD7, 0xEC, 0x05, 0x02, 0xDF, 0x28, 0x1B, 0xD3, 0x20, 0x34, 0x1A,
    0xBA, 0xF6, 0x2E, 0x27, 0xF5, 0x16, 0x11, 0xDB, 0x24, 0xF3, 0x2B, 0x12,
    0x21, 0xA2, 0x4A, 0x0B, 0xC4, 0xCD, 0x09, 0x37, 0x05, 0xE6, 0x0D, 0xEF,
    0x10, 0x17, 0xDD, 0x51, 0xD5, 0xD7, 0x01, 0x11, 0x13, 0x29, 0x1A, 0x03,
    0x20, 0x25, 0xE9, 0x1D, 0x33, 0xC3, 0xEB, 0x21, 0xDF, 0xFF, 0xE5, 0x21,
    0xF8, 0xCF, 0x4F, 0x40, 0x0D, 0xD1, 0xB7, 0xE4, 0xCC, 0xF0, 0x1E, 0x30,
    0xE7, 0xD9, 0x08, 0x15, 0x11, 0x24, 0x0F, 0xAD, 0x27, 0xD8, 0x28, 0x2A,
    0x12, 0xD9, 0xFA, 0xD2, 0xC0, 0xCB, 0x17, 0x31, 0xF0, 0x38, 0x4B, 0xF2,
    0xF0, 0x09, 0x0E, 0xCE, 0xF7, 0x00, 0xBE, 0x11, 0xEF, 0x18, 0x21, 0xED,
    0x31, 0x3D, 0xFA, 0xD8, 0x1A, 0xD8, 0x42, 0xDA, 0xE8, 0xB6, 0x27, 0xF6,
    0xEA, 0xE7, 0xEB, 0xCB, 0xE4, 0x12, 0x5A, 0x0D, 0x15, 0xF2, 0xDE, 0x28,
    0x17, 0xF0, 0x2F, 0x13, 0x2B, 0xDD, 0x33, 0xDD, 0xF5, 0x2B, 0xB8, 0xD8,
    0x4F, 0xFB, 0x06, 0xD3, 0xB3, 0xDD, 0x1A, 0x1F, 0xFC, 0xD0, 0xF0, 0x0A,
    0x04, 0x3A, 0x52, 0x06, 0xFE, 0x2D, 0xF7, 0x0A, 0x13, 0x0E, 0xD3, 0xFD,
    0xD6, 0x05, 0x30, 0x15, 0x16, 0x26, 0xE0, 0x1F, 0x26, 0x43, 0x38, 0x2E,
    0xC5, 0xCF, 0x27, 0xC2, 0xE2, 0xF8, 0xEB, 0xF6, 0x01, 0x23, 0x04, 0xF6,
    0x22, 0xD1, 0xEE, 0xFB, 0x05, 0x1E, 0xD6, 0xF0, 0xE7, 0xED, 0x0B, 0xFD,
    0xEC, 0xE6, 0x31, 0xDE, 0x31, 0xFA, 0xFB, 0xE1, 0xC3, 0xD9, 0x50, 0xC6,
    0xD4, 0xE1, 0x05, 0xFC, 0x15, 0xEA, 0xD9, 0xF8, 0x3C, 0x1B, 0xE1, 0x37,
    0xD3, 0x14, 0xF4, 0x02, 0xDB, 0x30, 0xFB, 0x62, 0xD7, 0x25, 0xF1, 0x1A,
    0x02, 0x0B, 0xF4, 0xBF, 0xDA, 0xCA, 0x40, 0xEE, 0xF0, 0xF8, 0x02, 0x1F,
    0x10, 0x23, 0x2A, 0x48, 0x05, 0x3F, 0xF7, 0x2A, 0x87, 0x19, 0xFC, 0x1D,
    0xEC, 0xCF, 0x00, 0xEA, 0xEF, 0x08, 0xF8, 0x3F, 0xB8, 0xEE, 0x21, 0xC9,
    0x13, 0xE7, 0x29, 0xF9, 0xF5, 0xEA, 0xC8, 0xC6, 0xFA, 0x20, 0x33, 0xCF,
    0x0E, 0x43, 0xDC, 0xEA, 0xEA, 0xEF, 0x24, 0x31, 0xE4, 0x21, 0x20, 0xF1,
    0xEE, 0x13, 0xFB, 0x12, 0x02, 0x9D, 0x03, 0x0C, 0x35, 0xD0, 0x33, 0x17,
    0x35, 0xB6, 0xFE, 0x01, 0x0D, 0xE0, 0x0D, 0x18, 0xD5, 0xD7, 0xE8, 0x09,
    0xFF, 0x11, 0x26, 0xE0, 0xC6, 0x3E, 0xF0, 0x50, 0x18, 0x08, 0xDD, 0x03,
    0x1A, 0x0D, 0x50, 0x27, 0xC1, 0xB7, 0x05, 0xCA, 0x18, 0xFE, 0xEB, 0x44,
    0xE2, 0xE1, 0x15, 0xF8, 0x13, 0x08, 0x0E, 0xDE, 0xCF, 0xF9, 0x2D, 0x61,
    0xCB, 0xF1, 0xF6, 0xE6, 0xEC, 0xF4, 0xE0, 0xE3, 0x17, 0x11, 0x10, 0x16,
    0xDC, 0xE2, 0x16, 0xDF, 0xFD, 0xEA, 0xED, 0xA2, 0x16, 0x45, 0xFC, 0x14,
    0xF3, 0x28, 0x08, 0xDB, 0xC0, 0x23, 0x37, 0x55, 0xD7, 0xE1, 0xD8, 0x43,
    0x0C, 0xD8, 0xB9, 0x19, 0x1F, 0xE3, 0x30, 0xF7, 0xCE, 0xDB, 0xEE, 0x0C,
    0x20, 0xD6, 0x00, 0xEA, 0xFC, 0xDC, 0x37, 0x04, 0x07, 0xDA, 0x0A, 0xED,
    0xBB, 0x2A, 0x4C, 0xF2, 0xDA, 0x4F, 0xEC, 0xF2, 0xCB, 0xE4, 0x37, 0xEB,
    0x04, 0xFE, 0x22, 0x20, 0x04, 0xD6, 0xD9, 0x0C, 0x12, 0x04, 0xE8, 0x12,
    0x2F, 0x04, 0x2F, 0x01, 0xA2, 0xFB, 0xF7, 0x44, 0xCC, 0x39, 0x3C, 0xD4,
    0xC7, 0xF8, 0x12, 0xF4, 0x1E, 0x1A, 0xE1, 0x1A, 0x4E, 0xFB, 0x0E, 0xFE,
    0x00, 0xF7, 0x20, 0xE7, 0xD1, 0x0C, 0x34, 0xD6, 0xFA, 0xB3, 0x07, 0xF0,
    0x0B, 0x0B, 0xD3, 0xFD, 0x0D, 0x19, 0xE7, 0x44, 0xB6, 0xFB, 0x2C, 0xD8,
    0x3D, 0x20, 0xE8, 0xEC, 0xDE, 0xCE, 0x10, 0xF6, 0x2C, 0xE0, 0x36, 0xB7,
    0x59, 0x0A, 0x47, 0xEE, 0x2B, 0xFA, 0x03, 0xE2, 0x24, 0xFD, 0xFA, 0xCE,
    0xF4, 0x19, 0xD7, 0xEF, 0xB0, 0x0D, 0x25, 0xC7, 0xF5, 0x0F, 0x2B, 0xCC,
    0x1B, 0x1B, 0xF0, 0xDA, 0xF4, 0x1F, 0x55, 0x12, 0x2A, 0x0D, 0x2D, 0xFF,
    0xCB, 0xF2, 0x64, 0x24, 0xF3, 0xF4, 0xCA, 0xF2, 0xDD, 0x03, 0xFE, 0x1D,
    0xB7, 0xD3, 0xE8, 0x10, 0x1B, 0x0D, 0x37, 0xDE, 0x3B, 0xFC, 0x38, 0x10,
    0xF8, 0xF6, 0x1D, 0x23, 0xE3, 0xFC, 0x02, 0xF4, 0x15, 0x25, 0xEE, 0x49,
    0xD1, 0xA9, 0xCE, 0xC2, 0x07, 0x1B, 0xF6, 0x43, 0xC4, 0x02, 0xF7, 0xD9,
    0xE5, 0x0F, 0x47, 0xF8, 0xFB, 0xB6, 0xFF, 0x2B, 0x30, 0xD1, 0xFF, 0xFE,
    0x0F, 0xC9, 0xD0, 0x1C, 0xF3, 0x5D, 0xF4, 0xE7, 0x20, 0xFA, 0xED, 0x1A,
    0xB4, 0x0A, 0x18, 0x2E, 0xF7, 0x21, 0x11, 0xCC, 0xF4, 0x1D, 0xFE, 0xD4,
    0x34, 0xD5, 0xF4, 0x1B, 0x1F, 0xD6, 0x45, 0xEB, 0x20, 0xE1, 0xEC, 0x15,
    0xFF, 0xB0, 0x4C, 0x11, 0x3E, 0xD3, 0x0D, 0x18, 0xFF, 0x38, 0xF3, 0xD6,
    0xCD, 0xD1, 0x08, 0xE1, 0xFD, 0xFA, 0x33, 0xFB, 0x28, 0xB9, 0xE9, 0x0B,
    0xEF, 0xB8, 0xF4, 0x20, 0xFF, 0xE6, 0xF6, 0x31, 0xF9, 0x07, 0x16, 0xE7,
    0x11, 0xC0, 0xDE, 0x33, 0x36, 0x35, 0x1D, 0x4F, 0xC7, 0xE3, 0xCD, 0x14,
    0xE8, 0xF8, 0xD5, 0xFF, 0x36, 0x8E, 0x0D, 0x16, 0x1C, 0xF9, 0x01, 0xF1,
    0x12, 0x0B, 0x0A, 0x09, 0x33, 0xC9, 0x10, 0x0E, 0x10, 0x1A, 0xCC, 0x05,
    0x0B, 0x14, 0xD9, 0x45, 0xFC, 0xDC, 0xE3, 0x29, 0x26, 0x13, 0x39, 0xF5,
    0xFF, 0x93, 0x17, 0xBB, 0xEB, 0x22, 0x19, 0x55, 0x13, 0xC1, 0x0D, 0xFD,
    0x19, 0x0B, 0x39, 0xDB, 0xFC, 0xE2, 0xE9, 0x22, 0xDA, 0x17, 0x19, 0x20,
    0x2A, 0xDE, 0xF5, 0xDF, 0x0C, 0x1B, 0x10, 0xD9, 0x29, 0xE0, 0x29, 0x11,
    0xC3, 0x08, 0xE7, 0x21, 0x59, 0xE0, 0xC2, 0x26, 0x41, 0x1F, 0xF9, 0xD3,
    0xF4, 0x18, 0xCE, 0xDA, 0xF0, 0x07, 0x15, 0x02, 0xF4, 0xC6, 0xFE, 0x39,
    0x0F, 0x0B, 0x45, 0xEF, 0x3A, 0xA6, 0x29, 0x11, 0xD9, 0x19, 0x28, 0x1E,
    0x29, 0xF0, 0x0E, 0xAD, 0x04, 0x13, 0xBF, 0x2B, 0x27, 0x28, 0xD2, 0xFE,
    0xF2, 0x08, 0xEB, 0xEF, 0xE6, 0x07, 0xE0, 0xE1, 0x0B, 0x11, 0xE7, 0xF0,
    0x3F, 0xFA, 0xF4, 0x3B, 0x3A, 0x32, 0x24, 0xCB, 0x1D, 0xDF, 0x3B, 0x06,
    0xEA, 0x0F, 0xF0, 0xE4, 0xDA, 0x0A, 0xCD, 0x25, 0x08, 0x12, 0x10, 0x2C,
    0xF3, 0xB9, 0xC3, 0xAF, 0x28, 0xCC, 0x2A, 0xEB, 0x1A, 0x12, 0x09, 0x13,
    0xFF, 0x3D, 0x0B, 0xE5, 0x17, 0xDC, 0xFC, 0xF0, 0xA2, 0xED, 0x0C, 0xB3,
    0x0C, 0xF2, 0xE3, 0xEF, 0x39, 0x22, 0x48, 0x2B, 0xD0, 0xF6, 0x00, 0x07,
    0xCF, 0xE0, 0xE5, 0x3F, 0x18, 0x3F, 0x1B, 0x27, 0x1F, 0x05, 0x34, 0xED,
    0xF1, 0xE1, 0xF4, 0xFE, 0x1B, 0xF7, 0x38, 0xDB, 0xB7, 0x0D, 0xCB, 0xD5,
    0x22, 0x1C, 0xFD, 0x02, 0x10, 0xF2, 0xDE, 0xF3, 0xF2, 0xF9, 0x58, 0x2D,
    0x4F, 0x3E, 0xE6, 0x22, 0xF6, 0xD2, 0x06, 0xE6, 0x0A, 0xB8, 0x26, 0xF3,
    0x29, 0xE4, 0x1E, 0xBF, 0xFE, 0x12, 0xF7, 0x04, 0xE0, 0xFC, 0x26, 0x1C,
    0xCE, 0x07, 0xDC, 0xC7, 0xEE, 0x05, 0x46, 0xFA, 0x07, 0x3C, 0x30, 0x35,
    0x3D, 0xDB, 0x2C, 0xB8, 0x07, 0xD3, 0x10, 0xC8, 0xE1, 0xD8, 0xD2, 0xF2,
    0xE5, 0xFF, 0xFD, 0x2C, 0x36, 0xFE, 0x23, 0xE1, 0x0F, 0xCF, 0x02, 0xDB,
    0x54, 0x12, 0x00, 0x03, 0x1D, 0x13, 0xC4, 0xE8, 0x2C, 0xE2, 0xFB, 0xC4,
    0xDE, 0xF4, 0x01, 0xCF, 0x2A, 0x45, 0x0F, 0xE8, 0xD0, 0xE9, 0xBB, 0xF9,
    0x28, 0xFF, 0x44, 0xF3, 0xE1, 0x11, 0xDD, 0x1D, 0xD7, 0xFB, 0xD9, 0xE2,
    0x25, 0x17, 0x0A, 0xD0, 0x12, 0xF9, 0x36, 0xB0, 0x52, 0xDA, 0x0F, 0xC8,
    0x2B, 0x10, 0x39, 0xCC, 0xE8, 0xD2, 0xDF, 0x04, 0x24, 0x03, 0x19, 0x1A,
    0x0C, 0xFE, 0x1D, 0x1E, 0xFB, 0x06, 0x73, 0x00, 0xFE, 0xF0, 0x33, 0xD6,
    0x0D, 0xF6, 0x2A, 0xA1, 0x11, 0xD6, 0xC5, 0x2A, 0x48, 0x0C, 0xF3, 0xDC,
    0x0C, 0xD9, 0xE4, 0xF8, 0x25, 0xF0, 0xF7, 0x1C, 0x0D, 0xE2, 0x0E, 0xF5,
    0x2D, 0x09, 0x2C, 0x23, 0xD8, 0xD6, 0xE1, 0x15, 0xD9, 0x14, 0xF5, 0xE3,
    0x41, 0xF9, 0xE8, 0xFE, 0x03, 0xEC, 0x3D, 0x3B, 0xC8, 0xCA, 0x42, 0x36,
    0xE6, 0xFB, 0xC9, 0x12, 0x08, 0x34, 0x15, 0x1E, 0x2D, 0x09, 0x2B, 0x23,
    0xDA, 0xD7, 0xE3, 0x16, 0xDA, 0x14, 0xF6, 0xE5, 0x40, 0xF8, 0xE9, 0xFE,
    0x04, 0xEE, 0x3D, 0x3A, 0xC9, 0xCD, 0x40, 0x35, 0xE7, 0xFC, 0xCC, 0x12,
    0x08, 0x34, 0x15, 0x1D, 0xED, 0x0E, 0x20, 0x10, 0x19, 0xE3, 0x00, 0xDE,
    0xDF, 0x13, 0xDD, 0x1B, 0x2F, 0x03, 0xE1, 0xF2, 0x17, 0xF2, 0x0E, 0xF6,
    0xDF, 0xEC, 0x11, 0x1A, 0x05, 0xFE, 0xE8, 0x0C, 0x0F, 0x1A, 0x0F, 0x0B,
    0x34, 0x15, 0xE0, 0xF9, 0xF4, 0xF1, 0xEE, 0xFC, 0xDD, 0x1D, 0xFB, 0x10,
    0x0C, 0xF7, 0xBE, 0xF9, 0xF4, 0xF5, 0x0A, 0x23, 0xE4, 0xFE, 0x28, 0x16,
    0xEC, 0xF5, 0xF2, 0x1E, 0x12, 0x27, 0x04, 0xFE, 0x20, 0x0A, 0x1A, 0x13,
    0xDB, 0xDA, 0xE2, 0x0A, 0xDF, 0x0F, 0xF3, 0xE6, 0x28, 0xF8, 0xDB, 0xF5,
    0x02, 0xE8, 0x27, 0x32, 0xD2, 0xCE, 0x37, 0x2C, 0xE5, 0xF4, 0xD2, 0x10,
    0xFE, 0x27, 0x0A, 0x0F, 0x1A, 0x0B, 0x23, 0x0E, 0xDA, 0xDD, 0xDE, 0x0A,
    0xD9, 0x0C, 0xF0, 0xE8, 0x35, 0xF9, 0xE4, 0xF3, 0x07, 0xF7, 0x27, 0x2F,
    0xCF, 0xDC, 0x33, 0x29, 0xEF, 0xEF, 0xDE, 0x14, 0x00, 0x26, 0x10, 0x0E,
    0x2C, 0x08, 0x2A, 0x23, 0xD8, 0xD6, 0xE2, 0x15, 0xD9, 0x13, 0xF5, 0xE3,
    0x3F, 0xF8, 0xE8, 0xFD, 0x02, 0xEC, 0x39, 0x3A, 0xC9, 0xCB, 0x40, 0x34,
    0xE6, 0xFA, 0xCC, 0x12, 0x06, 0x32, 0x15, 0x1C, 0x22, 0x0A, 0x28, 0x19,
    0xDB, 0xD7, 0xE2, 0x0F, 0xDF, 0x15, 0xF5, 0xE6, 0x3B, 0xF8, 0xE3, 0xF3,
    0x05, 0xEE, 0x38, 0x34, 0xCC, 0xCD, 0x3B, 0x31, 0xE7, 0xF3, 0xD0, 0x0E,
    0x02, 0x2F, 0x0F, 0x16, 0x2C, 0x08, 0x2B, 0x24, 0xD9, 0xD5, 0xE2, 0x17,
    0xDA, 0x15, 0xF5, 0xE3, 0x3F, 0xF9, 0xE9, 0xFD, 0x03, 0xEC, 0x3B, 0x3B,
    0xC9, 0xCA, 0x41, 0x34, 0xE5, 0xFC, 0xCC, 0x12, 0x07, 0x32, 0x16, 0x1C,
    0x2A, 0x09, 0x2B, 0x1F, 0xD8, 0xD7, 0xE4, 0x13, 0xDB, 0x12, 0xF5, 0xE4,
    0x3D, 0xF9, 0xE6, 0xFC, 0x05, 0xEE, 0x39, 0x37, 0xCA, 0xCB, 0x3E, 0x33,
    0xE7, 0xF9, 0xCE, 0x12, 0x06, 0x33, 0x13, 0x1C, 0x2D, 0x09, 0x2B, 0x24,
    0xD8, 0xD5, 0xE2, 0x16, 0xD9, 0x14, 0xF6, 0xE3, 0x40, 0xF8, 0xE7, 0xFE,
    0x03, 0xEB, 0x3B, 0x3B, 0xC9, 0xC9, 0x41, 0x34, 0xE5, 0xFB, 0xCA, 0x11,
    0x07, 0x33, 0x16, 0x1D, 0x1B, 0x16, 0x11, 0xFF, 0xE8, 0xE0, 0xE8, 0xFC,
    0xF6, 0x13, 0xE7, 0xF7, 0x39, 0xFE, 0xDB, 0xF2, 0x0D, 0xEC, 0x1E, 0x21,
    0xD8, 0xE2, 0x2C, 0x22, 0xF0, 0xEE, 0xD6, 0x12, 0xFC, 0x25, 0x09, 0x13,
    0x2A, 0x09, 0x28, 0x1D, 0xD8, 0xD7, 0xE3, 0x14, 0xDC, 0x14, 0xF3, 0xE4,
    0x3B, 0xFC, 0xE7, 0xFA, 0x05, 0xED, 0x34, 0x39, 0xC9, 0xCB, 0x3D, 0x2E,
    0xE7, 0xF8, 0xCE, 0x12, 0x05, 0x2E, 0x16, 0x1A, 0x2C, 0x08, 0x2B, 0x22,
    0xD8, 0xD5, 0xE1, 0x15, 0xDB, 0x15, 0xF7, 0xE4, 0x41, 0xF9, 0xE7, 0xFC,
    0x03, 0xED, 0x3E, 0x3B, 0xC8, 0xCC, 0x42, 0x37, 0xE5, 0xFA, 0xCA, 0x13,
    0x08, 0x34, 0x13, 0x1D, 0x17, 0x0D, 0x1D, 0xF3, 0xEB, 0xEF, 0xEC, 0x06,
    0xE3, 0x12, 0xF3, 0xEC, 0x11, 0x12, 0xDC, 0x04, 0x04, 0xF7, 0x19, 0x27,
    0xE4, 0xEF, 0x31, 0x14, 0xEA, 0x16, 0xED, 0x1D, 0x03, 0x22, 0xEF, 0xE2,
    0x21, 0x07, 0x1C, 0x0B, 0xE0, 0xDC, 0xE2, 0x0A, 0xDE, 0x07, 0xF2, 0xE9,
    0x31, 0x04, 0xDD, 0xF6, 0x08, 0xEE, 0x21, 0x35, 0xC7, 0xD8, 0x34, 0x27,
    0xE8, 0xEF, 0xD4, 0x11, 0x00, 0x25, 0x11, 0x12, 0x20, 0x06, 0x1E, 0xFD,
    0xE9, 0xD9, 0xE0, 0x0A, 0xFA, 0x0C, 0xF5, 0xEF, 0x38, 0x05, 0xDD, 0xF2,
    0x07, 0xF0, 0x30, 0x36, 0xCD, 0xD8, 0x35, 0x2C, 0xE0, 0xE4, 0xC9, 0x12,
    0x01, 0x1F, 0x0E, 0x0E, 0x1D, 0x09, 0x25, 0x15, 0xD9, 0xD7, 0xDF, 0x0A,
    0xEE, 0x0B, 0xEF, 0xE7, 0x36, 0xFD, 0xDF, 0xEB, 0x06, 0xF0, 0x32, 0x28,
    0xD4, 0xCB, 0x36, 0x2E, 0xE7, 0xEC, 0xD2, 0x15, 0xFB, 0x24, 0x0E, 0x11,
    0x2E, 0x09, 0x2D, 0x23, 0xD8, 0xD6, 0xE2, 0x16, 0xDA, 0x14, 0xF6, 0xE3,
    0x41, 0xF9, 0xE8, 0xFD, 0x03, 0xED, 0x3E, 0x3B, 0xC7, 0xCB, 0x42, 0x36,
    0xE6, 0xFA, 0xCA, 0x12, 0x08, 0x35, 0x14, 0x1D, 0x2E, 0x0A, 0x2B, 0x23,
    0xD9, 0xD6, 0xE4, 0x16, 0xDA, 0x15, 0xF6, 0xE5, 0x40, 0xF8, 0xE8, 0xFF,
    0x04, 0xED, 0x3C, 0x3A, 0xCA, 0xCC, 0x41, 0x35, 0xE6, 0xFC, 0xCB, 0x13,
    0x08, 0x35, 0x15, 0x1E, 0x2D, 0x09, 0x2A, 0x23, 0xD9, 0xD6, 0xE2, 0x15,
    0xDA, 0x15, 0xF6, 0xE4, 0x40, 0xF8, 0xE9, 0xFD, 0x04, 0xEE, 0x3B, 0x3A,
    0xC9, 0xCC, 0x40, 0x35, 0xE7, 0xFB, 0xCD, 0x13, 0x07, 0x33, 0x15, 0x1D,
    0x2D, 0x0A, 0x2B, 0x24, 0xDA, 0xD7, 0xE3, 0x16, 0xDB, 0x15, 0xF7, 0xE4,
    0x40, 0xF9, 0xE8, 0xFE, 0x04, 0xED, 0x3D, 0x3B, 0xCA, 0xCC, 0x41, 0x36,
    0xE7, 0xFB, 0xCC, 0x12, 0x08, 0x34, 0x15, 0x1E, 0x2F, 0x09, 0x2C, 0x23,
    0xD8, 0xD6, 0xE2, 0x16, 0xDB, 0x15, 0xF7, 0xE4, 0x42, 0xF9, 0xE8, 0xFE,
    0x04, 0xED, 0x3F, 0x3C, 0xC7, 0xCB, 0x43, 0x38, 0xE7, 0xFA, 0xCB, 0x13,
    0x09, 0x36, 0x15, 0x1F, 0x20, 0x09, 0x26, 0x0F, 0xDF, 0xD4, 0xED, 0x0F,
    0xF4, 0x0C, 0xFB, 0xEA, 0x31, 0x04, 0xDA, 0xE6, 0x02, 0xEE, 0x31, 0x37,
    0xD4, 0xD1, 0x3E, 0x31, 0xE7, 0xE6, 0xDC, 0x0E, 0xFF, 0x1B, 0x12, 0x0F,
    0x1D, 0x16, 0x22, 0xF7, 0xF0, 0xE4, 0xE9, 0x01, 0xF7, 0x15, 0xE7, 0xF1,
    0x2E, 0xFE, 0xE4, 0xF1, 0x04, 0xF9, 0x1D, 0x1B, 0xE1, 0xE8, 0x2B, 0x1D,
    0xF1, 0xED, 0xD0, 0x0F, 0xF8, 0x22, 0x09, 0xFB, 0x2F, 0x12, 0x05, 0x03,
    0xDD, 0xE0, 0xE3, 0x03, 0x05, 0x08, 0xE8, 0xF4, 0x32, 0x03, 0xD0, 0xF6,
    0xFF, 0xF5, 0x25, 0x2C, 0xE0, 0xDE, 0x37, 0x22, 0xEC, 0xF2, 0xD1, 0x1A,
    0xFC, 0x1B, 0x08, 0x16, 0x2C, 0x09, 0x2B, 0x23, 0xD9, 0xD6, 0xE3, 0x15,
    0xD9, 0x13, 0xF5, 0xE4, 0x3F, 0xF8, 0xE8, 0xFC, 0x03, 0xED, 0x3B, 0x39,
    0xC8, 0xCC, 0x40, 0x35, 0xE6, 0xFA, 0xCC, 0x12, 0x07, 0x33, 0x14, 0x1C,
    0x2C, 0x08, 0x2A, 0x23, 0xD7, 0xD5, 0xE1, 0x15, 0xD9, 0x14, 0xF5, 0xE3,
    0x40, 0xF8, 0xE8, 0xFC, 0x02, 0xEC, 0x3B, 0x3A, 0xC7, 0xCB, 0x41, 0x35,
    0xE6, 0xF9, 0xCC, 0x12, 0x06, 0x32, 0x14, 0x1C, 0x2D, 0x09, 0x2A, 0x23,
    0xD8, 0xD6, 0xE2, 0x16, 0xDB, 0x15, 0xF6, 0xE4, 0x40, 0xF8, 0xE8, 0xFE,
    0x03, 0xED, 0x3D, 0x3B, 0xC8, 0xCB, 0x41, 0x36, 0xE7, 0xFC, 0xCC, 0x13,
    0x08, 0x34, 0x15, 0x1E, 0x2C, 0x08, 0x2C, 0x24, 0xD7, 0xD5, 0xDF, 0x16,
    0xDA, 0x15, 0xF6, 0xE2, 0x42, 0xF9, 0xE8, 0xFD, 0x02, 0xEC, 0x40, 0x3C,
    0xC6, 0xCA, 0x43, 0x38, 0xE5, 0xFB, 0xC9, 0x13, 0x08, 0x34, 0x15, 0x1D,
    0x2C, 0x09, 0x2C, 0x23, 0xD8, 0xD6, 0xE2, 0x16, 0xDA, 0x14, 0xF6, 0xE4,
    0x40, 0xF9, 0xE8, 0xFD, 0x03, 0xED, 0x3B, 0x3A, 0xC9, 0xCB, 0x41, 0x36,
    0xE7, 0xFB, 0xCD, 0x13, 0x07, 0x32, 0x15, 0x1D, 0x2D, 0x09, 0x2C, 0x24,
    0xD9, 0xD5, 0xE2, 0x16, 0xDB, 0x15, 0xF7, 0xE4, 0x41, 0xF9, 0xE8, 0xFE,
    0x04, 0xED, 0x3E, 0x3C, 0xC9, 0xCB, 0x42, 0x36, 0xE6, 0xFC, 0xCB, 0x13,
    0x08, 0x34, 0x15, 0x1E, 0x2A, 0x0B, 0x2C, 0x16, 0xDB, 0xD6, 0xEB, 0x15,
    0xE3, 0x0F, 0xF6, 0xE5, 0x3D, 0xFE, 0xE2, 0xF3, 0x03, 0xEE, 0x36, 0x36,
    0xCC, 0xCB, 0x3C, 0x2E, 0xE7, 0xEE, 0xCF, 0x0D, 0x03, 0x2D, 0x11, 0x19,
    0x2D, 0x05, 0x25, 0x1B, 0xDB, 0xD5, 0xE2, 0x14, 0xDC, 0x10, 0xF8, 0xE5,
    0x3D, 0xFB, 0xE6, 0xF7, 0x00, 0xEE, 0x35, 0x3E, 0xC6, 0xD1, 0x3D, 0x2D,
    0xE3, 0xF2, 0xCD, 0x0F, 0x05, 0x2B, 0x14, 0x15, 0x14, 0x14, 0xE9, 0x24,
    0x0C, 0xFB, 0xF2, 0xD7, 0x3B, 0xF9, 0xF1, 0x1A, 0x2A, 0x16, 0xDE, 0xF4,
    0x14, 0xED, 0xEF, 0xFA, 0xF4, 0xF8, 0x3B, 0xFF, 0xF1, 0xDE, 0x0A, 0xD3,
    0x04, 0x06, 0xF7, 0x2B, 0xCF, 0xEE, 0xCA, 0xDC, 0x37, 0xF7, 0xD9, 0xD5,
    0x2D, 0xDB, 0x20, 0x29, 0xED, 0x24, 0xDC, 0x28, 0x16, 0xFF, 0xCC, 0xF1,
    0xDA, 0x27, 0x4E, 0xEF, 0x1E, 0xD0, 0x11, 0x05, 0x2E, 0xF5, 0x39, 0xDE,
    0xF3, 0xEB, 0xE2, 0x02, 0xD2, 0x3C, 0xEE, 0xF3, 0x23, 0xFC, 0x19, 0x21,
    0xFF, 0x35, 0x20, 0x49, 0xF7, 0x32, 0xCC, 0xD9, 0xF4, 0x0C, 0x0C, 0xD4,
    0xEE, 0x01, 0x0E, 0xD4, 0xFF, 0x0C, 0xC0, 0x13, 0xEA, 0xF0, 0xF7, 0x04,
    0x26, 0x46, 0x0F, 0xC7, 0x07, 0x11, 0xEA, 0x4A, 0xD8, 0x1B, 0x1E, 0x16,
    0xFB, 0x3A, 0xD6, 0xCB, 0x1A, 0x0F, 0xF6, 0xF1, 0x20, 0x04, 0xF0, 0xC9,
    0x14, 0xE8, 0xF3, 0xEC, 0xFC, 0xD3, 0xCD, 0xFB, 0x04, 0x00, 0x1B, 0xF7,
    0x12, 0xFC, 0xF4, 0x26, 0xD9, 0x19, 0xD1, 0x0D, 0x03, 0x25, 0xCA, 0xD0,
    0x41, 0x38, 0x31, 0xDA, 0x27, 0x23, 0x29, 0xCD, 0xE3, 0xFA, 0xEB, 0x05,
    0x0F, 0xE7, 0xE1, 0x24, 0x04, 0x06, 0x24, 0xD4, 0x01, 0xED, 0x12, 0x01,
    0xDA, 0x13, 0x35, 0x39, 0xF8, 0x07, 0xDD, 0xE6, 0x1C, 0xF0, 0x44, 0xEB,
    0x46, 0x06, 0x01, 0xCD, 0xF6, 0x08, 0xEE, 0xD3, 0xE5, 0xE8, 0xEB, 0xE1,
    0x22, 0xE5, 0xF7, 0xE4, 0x36, 0xD6, 0xE0, 0x23, 0xF1, 0x3B, 0x26, 0xF7,
    0x25, 0x03, 0xDE, 0xDC, 0x26, 0x39, 0x14, 0xF0, 0x21, 0x0B, 0xE2, 0xC2,
    0xF8, 0x39, 0xF4, 0xFD, 0x0A, 0xF0, 0xD9, 0x0D, 0x21, 0x00, 0x1B, 0xD2,
    0x01, 0x19, 0xF2, 0x2E, 0xD4, 0x3D, 0xF2, 0x20, 0x4F, 0x11, 0xE4, 0xC8,
    0xF5, 0x0E, 0x2E, 0x10, 0x03, 0xDF, 0x03, 0xF0, 0xCA, 0xFD, 0xD6, 0xDF,
    0x21, 0x09, 0x2B, 0x18, 0xDE, 0xD7, 0xE8, 0x16, 0xEB, 0x16, 0xF3, 0xE6,
    0x39, 0xFE, 0xEA, 0xEF, 0x07, 0xF2, 0x3A, 0x34, 0xCF, 0xD1, 0x39, 0x2A,
    0xE6, 0xF2, 0xD0, 0x11, 0x03, 0x27, 0x12, 0x11, 0x25, 0x06, 0x24, 0x0D,
    0xE6, 0xDA, 0xE7, 0x14, 0xF6, 0x03, 0xF1, 0xEA, 0x34, 0x02, 0xE5, 0xE6,
    0x03, 0xF3, 0x2F, 0x28, 0xCC, 0xD6, 0x32, 0x27, 0xE5, 0xDE, 0xCF, 0x13,
    0x01, 0x16, 0x12, 0x06, 0x2B, 0x01, 0x12, 0x02, 0xDE, 0xD4, 0xE1, 0x0D,
    0xFE, 0xFF, 0xFA, 0xEF, 0x36, 0x04, 0xCF, 0xEC, 0x03, 0xEE, 0x28, 0x35,
    0xD4, 0xD6, 0x33, 0x23, 0xE2, 0xE1, 0xCD, 0x12, 0x01, 0x12, 0x0D, 0x0A,
    0x26, 0x09, 0x27, 0x1B, 0xDC, 0xD8, 0xE2, 0x13, 0xE2, 0x15, 0xF1, 0xE3,
    0x38, 0xF9, 0xE8, 0xF5, 0x05, 0xEF, 0x39, 0x33, 0xCF, 0xCD, 0x3A, 0x30,
    0xE6, 0xF3, 0xCD, 0x15, 0x03, 0x2D, 0x10, 0x17, 0x2D, 0x10, 0x1F, 0x00,
    0xE0, 0xE5, 0xEF, 0x04, 0xF8, 0x04, 0xF5, 0xF0, 0x35, 0x00, 0xD3, 0xF4,
    0x04, 0xF2, 0x23, 0x2D, 0xD2, 0xDF, 0x35, 0x25, 0xE6, 0xF1, 0xD0, 0x11,
    0x02, 0x2C, 0x06, 0x10, 0xE0, 0x09, 0xFD, 0x11, 0x2E, 0xFE, 0x09, 0xE4,
    0xF7, 0xE6, 0x26, 0x21, 0xD4, 0x2C, 0xE7, 0x1B, 0xEC, 0x14, 0xD6, 0x06,
    0xD8, 0x09, 0x4C, 0xDF, 0x0F, 0xCF, 0x0E, 0xFC, 0x1B, 0xD3, 0xEA, 0x17,
    0x19, 0x0B, 0x12, 0x0A, 0xEE, 0xE6, 0xE4, 0xF9, 0xF2, 0x03, 0xF6, 0xEE,
    0x27, 0x06, 0xDD, 0xFF, 0x00, 0xEF, 0x1A, 0x2B, 0xD9, 0xED, 0x3D, 0x2D,
    0xE7, 0xFE, 0xD8, 0x11, 0xFC, 0x1A, 0xFD, 0xFB, 0x2D, 0x09, 0x2C, 0x22,
    0xD9, 0xD6, 0xE3, 0x15, 0xDA, 0x15, 0xF6, 0xE3, 0x40, 0xF9, 0xE7, 0xFE,
    0x04, 0xEC, 0x3D, 0x3B, 0xC9, 0xCA, 0x41, 0x35, 0xE5, 0xFC, 0xCA, 0x12,
    0x08, 0x35, 0x15, 0x1D, 0x2E, 0x0A, 0x2C, 0x23, 0xD8, 0xD6, 0xE3, 0x15,
    0xDB, 0x14, 0xF7, 0xE5, 0x42, 0xF9, 0xE7, 0xFF, 0x04, 0xEE, 0x3D, 0x3B,
    0xC9, 0xCB, 0x42, 0x37, 0xE7, 0xFC, 0xCB, 0x13, 0x09, 0x36, 0x15, 0x1F,
    0x2C, 0x09, 0x2B, 0x23, 0xD7, 0xD5, 0xE2, 0x15, 0xDA, 0x14, 0xF6, 0xE3,
    0x40, 0xF8, 0xE7, 0xFE, 0x03, 0xEC, 0x3B, 0x3B, 0xC8, 0xCA, 0x42, 0x36,
    0xE6, 0xFA, 0xCB, 0x13, 0x07, 0x33, 0x14, 0x1E, 0x2E, 0x09, 0x2C, 0x23,
    0xD9, 0xD6, 0xE3, 0x16, 0xDB, 0x15, 0xF6, 0xE4, 0x40, 0xF9, 0xE8, 0xFE,
    0x03, 0xED, 0x3D, 0x3B, 0xC9, 0xCB, 0x41, 0x36, 0xE6, 0xFB, 0xCA, 0x13,
    0x08, 0x34, 0x15, 0x1E, 0x2D, 0x09, 0x2C, 0x23, 0xDA, 0xD6, 0xE3, 0x16,
    0xDA, 0x16, 0xF6, 0xE4, 0x40, 0xF8, 0xE9, 0xFE, 0x04, 0xED, 0x3D, 0x3B,
    0xC9, 0xCD, 0x41, 0x34, 0xE6, 0xFC, 0xCB, 0x12, 0x09, 0x34, 0x15, 0x1D,
    0x2D, 0x0A, 0x2B, 0x24, 0xD9, 0xD6, 0xE3, 0x16, 0xDA, 0x15, 0xF6, 0xE4,
    0x40, 0xF9, 0xE8, 0xFE, 0x04, 0xED, 0x3C, 0x3B, 0xCA, 0xCB, 0x41, 0x35,
    0xE6, 0xFB, 0xCC, 0x12, 0x07, 0x33, 0x16, 0x1E, 0x2D, 0x09, 0x2B, 0x24,
    0xD8, 0xD6, 0xE2, 0x16, 0xDA, 0x15, 0xF7, 0xE4, 0x42, 0xF9, 0xE8, 0xFE,
    0x03, 0xED, 0x3D, 0x3C, 0xC8, 0xCC, 0x42, 0x37, 0xE7, 0xFC, 0xCC, 0x14,
    0x08, 0x34, 0x15, 0x1E, 0x2C, 0x09, 0x2C, 0x22, 0xD9, 0xD7, 0xE3, 0x16,
    0xDB, 0x15, 0xF6, 0xE5, 0x40, 0xF9, 0xE9, 0xFD, 0x04, 0xEE, 0x3D, 0x3A,
    0xC9, 0xCD, 0x41, 0x36, 0xE7, 0xFB, 0xCD, 0x13, 0x08, 0x33, 0x15, 0x1D,
    0x2C, 0x09, 0x2B, 0x23, 0xDA, 0xD6, 0xE3, 0x16, 0xDA, 0x14, 0xF6, 0xE5,
    0x40, 0xF8, 0xE8, 0xFD, 0x04, 0xED, 0x3C, 0x3A, 0xCA, 0xCC, 0x40, 0x34,
    0xE6, 0xFB, 0xCD, 0x11, 0x07, 0x32, 0x15, 0x1D, 0x2C, 0x09, 0x2B, 0x23,
    0xD9, 0xD6, 0xE2, 0x16, 0xDA, 0x14, 0xF6, 0xE4, 0x40, 0xF9, 0xE8, 0xFD,
    0x03, 0xED, 0x3C, 0x3A, 0xC9, 0xCB, 0x41, 0x35, 0xE6, 0xFB, 0xCC, 0x12,
    0x07, 0x33, 0x15, 0x1C, 0x2E, 0x09, 0x2C, 0x24, 0xD9, 0xD5, 0xE2, 0x16,
    0xDB, 0x15, 0xF6, 0xE3, 0x41, 0xF8, 0xE8, 0xFD, 0x03, 0xEC, 0x3D, 0x3B,
    0xC8, 0xCA, 0x42, 0x36, 0xE6, 0xFB, 0xCA, 0x12, 0x07, 0x34, 0x15, 0x1D,
    0x2C, 0x09, 0x2B, 0x22, 0xD9, 0xD7, 0xE3, 0x15, 0xDA, 0x14, 0xF6, 0xE4,
    0x3F, 0xF8, 0xE8, 0xFD, 0x04, 0xEE, 0x39, 0x39, 0xC9, 0xCD, 0x3F, 0x35,
    0xE7, 0xFA, 0xCF, 0x13, 0x07, 0x33, 0x14, 0x1C, 0x2C, 0x08, 0x2B, 0x21,
    0xD8, 0xD5, 0xE2, 0x14, 0xDB, 0x14, 0xF6, 0xE3, 0x40, 0xF8, 0xE7, 0xFC,
    0x03, 0xED, 0x3C, 0x3A, 0xC8, 0xCB, 0x40, 0x35, 0xE6, 0xF9, 0xCB, 0x12,
    0x07, 0x33, 0x13, 0x1C, 0x2D, 0x09, 0x2B, 0x22, 0xD9, 0xD7, 0xE3, 0x15,
    0xDB, 0x14, 0xF5, 0xE4, 0x3F, 0xF8, 0xE8, 0xFE, 0x04, 0xEE, 0x3B, 0x39,
    0xC9, 0xCC, 0x3F, 0x34, 0xE6, 0xFB, 0xCC, 0x13, 0x07, 0x33, 0x13, 0x1D,
    0x10, 0x36, 0xFC, 0x1C, 0xF7, 0xF8, 0xC0, 0x38, 0x1C, 0x50, 0xF6, 0xE3,
    0x13, 0x21, 0xC2, 0x08, 0xC6, 0xFD, 0x26, 0xC4, 0xFF, 0x18, 0x21, 0x2C,
    0x2B, 0x8F, 0x1E, 0xEE, 0xEB, 0xE4, 0x07, 0x37,
};
static const int8_t k_blk0_qkv[96 * 32] __attribute__((aligned(4))) = {
    0x06, 0x08, 0x09, 0xF9, 0xF6, 0x0A, 0x00, 0x01, 0x01, 0x00, 0xFA, 0xFE,
    0x00, 0xF9, 0x0B, 0xFA, 0xF6, 0xFD, 0x0B, 0x03, 0xFD, 0xFB, 0xEF, 0x02,
    0x0C, 0x09, 0x03, 0x00, 0x06, 0x09, 0x08, 0xFE, 0xF2, 0x05, 0x0E, 0xF9,
    0x12, 0xF5, 0xFB, 0x02, 0x01, 0xFB, 0x05, 0xF3, 0x01, 0x05, 0xF0, 0xFC,
    0xEB, 0x03, 0x07, 0x03, 0xEF, 0x01, 0x02, 0x03, 0x16, 0x00, 0x04, 0x01,
    0xFD, 0x01, 0xFB, 0x11, 0x08, 0xD9, 0xF8, 0x01, 0x08, 0xFC, 0x03, 0x05,
    0x06, 0xF2, 0xFE, 0x0F, 0xF1, 0x00, 0x13, 0x01, 0x06, 0x1E, 0x0B, 0xF8,
    0x13, 0xF4, 0xF8, 0xEF, 0x02, 0xE3, 0x05, 0xF1, 0xFA, 0xE7, 0x14, 0x10,
    0xFE, 0xEA, 0x04, 0xFE, 0x06, 0xF5, 0x04, 0x02, 0x0E, 0xFA, 0x01, 0x06,
    0xF7, 0x08, 0x0B, 0x03, 0x01, 0x0D, 0x00, 0x09, 0x01, 0xF6, 0xF8, 0x08,
    0xF9, 0xFD, 0x00, 0xF1, 0xFD, 0xF3, 0x15, 0x08, 0x05, 0xE7, 0xFA, 0x04,
    0xF9, 0xF1, 0xF6, 0x10, 0x08, 0xEF, 0x07, 0x00, 0xF7, 0x03, 0x0D, 0xF6,
    0x03, 0x1F, 0x00, 0x08, 0xFE, 0xF6, 0xF9, 0x0A, 0xF9, 0xE8, 0xFA, 0xFA,
    0x00, 0xE4, 0x15, 0x02, 0xF6, 0x03, 0x09, 0x05, 0x0C, 0xFA, 0x04, 0xF3,
    0xFC, 0xF8, 0x08, 0x02, 0xFF, 0xF8, 0x07, 0x04, 0xF9, 0xF4, 0xFA, 0x06,
    0xF6, 0x03, 0x03, 0x0F, 0x01, 0xFC, 0xFD, 0xF9, 0x04, 0x04, 0xFB, 0xFC,
    0x04, 0x02, 0x04, 0x00, 0xEC, 0x05, 0x05, 0x00, 0xFA, 0xFF, 0xF8, 0xFB,
    0x14, 0xFF, 0xE8, 0xFE, 0xFF, 0xEB, 0x07, 0x04, 0xF4, 0x02, 0xFB, 0x12,
    0xF6, 0x20, 0xF4, 0x07, 0xFF, 0x11, 0xF7, 0xED, 0x04, 0xD2, 0x02, 0x0B,
    0x09, 0xFA, 0xF0, 0x09, 0xFB, 0xF7, 0x0A, 0x0A, 0xFF, 0xFF, 0x13, 0x02,
    0x0E, 0x08, 0x0C, 0x04, 0x0A, 0xF8, 0xFB, 0x06, 0xF7, 0xEA, 0xF4, 0xF2,
    0xFC, 0xEF, 0x25, 0xFB, 0x06, 0x25, 0xFE, 0x41, 0xCE, 0x03, 0xD8, 0xEC,
    0x04, 0x0E, 0xF4, 0x02, 0xFA, 0x28, 0xE2, 0xEA, 0x05, 0xF1, 0xDF, 0xE7,
    0xD0, 0xFD, 0x3F, 0x10, 0x28, 0x1E, 0x05, 0xCB, 0x2C, 0xF6, 0xDB, 0x24,
    0xD3, 0xF2, 0xFD, 0xDA, 0x14, 0xF5, 0x1E, 0x05, 0x11, 0xFE, 0x12, 0x13,
    0xD7, 0xE5, 0x2D, 0x03, 0x29, 0x07, 0x05, 0xF9, 0x23, 0xF5, 0xDB, 0x02,
    0x02, 0xCB, 0x2C, 0xF4, 0xD2, 0xDA, 0x16, 0x17, 0x14, 0x10, 0xFB, 0x22,
    0xD2, 0xED, 0xD9, 0x09, 0xDA, 0x22, 0xCF, 0x14, 0x1F, 0x18, 0xDC, 0xFC,
    0xDA, 0xE8, 0x05, 0x14, 0xE5, 0xF5, 0x26, 0x05, 0x03, 0x3D, 0xDF, 0x12,
    0x19, 0x11, 0xF5, 0x07, 0x13, 0xCF, 0xEF, 0xDE, 0x00, 0xFD, 0x16, 0x22,
    0x1B, 0xF1, 0x2C, 0x16, 0x06, 0xE2, 0xF9, 0xE9, 0x06, 0x38, 0x18, 0x0D,
    0xFB, 0x0A, 0xE9, 0x05, 0xDE, 0xFB, 0x20, 0x1C, 0xBE, 0xDC, 0x18, 0xDC,
    0xF4, 0xF0, 0xFD, 0x00, 0xDB, 0x11, 0x04, 0xCC, 0x15, 0xD8, 0x35, 0x01,
    0x22, 0xF2, 0xF2, 0x08, 0x2B, 0x19, 0xF3, 0xF3, 0xFC, 0x17, 0xA7, 0x02,
    0x2A, 0x55, 0x0C, 0xE4, 0xD3, 0xF3, 0xF9, 0xE8, 0x09, 0xCC, 0xE4, 0x25,
    0x22, 0xF4, 0xC9, 0x09, 0x01, 0x1D, 0xF4, 0xF4, 0xE0, 0x1E, 0x15, 0xE3,
    0xD5, 0x25, 0xFF, 0x03, 0x0A, 0xC5, 0x1C, 0xF6, 0xF7, 0xC5, 0xFC, 0xDB,
    0x10, 0x12, 0x24, 0x1A, 0x1F, 0xE4, 0xFE, 0xEF, 0x0D, 0xD7, 0x33, 0xE4,
    0x43, 0xD7, 0x0F, 0x24, 0x12, 0x08, 0xEC, 0xEF, 0xEC, 0xE2, 0xE6, 0xEE,
    0x05, 0x3D, 0xE9, 0xF2, 0xFD, 0x1B, 0xEF, 0xEA, 0xEF, 0x08, 0xDA, 0x0E,
    0xFA, 0x28, 0xFB, 0x20, 0xEF, 0x11, 0xB3, 0x2D, 0xC6, 0x2E, 0xF7, 0xC7,
    0x2A, 0x14, 0xE2, 0xF2, 0xDD, 0xEE, 0x0D, 0x08, 0x00, 0xE9, 0x33, 0x08,
    0xFD, 0xE5, 0xF9, 0x22, 0x23, 0x30, 0x03, 0xF5, 0x0A, 0x17, 0x3E, 0xEA,
    0xE3, 0x0B, 0xE6, 0x1F, 0xF4, 0xF8, 0x12, 0xE6, 0x2D, 0xDF, 0x05, 0xFB,
    0x03, 0x0D, 0x21, 0x27, 0xC6, 0xF2, 0xC7, 0x18, 0xD9, 0x05, 0xDB, 0x2F,
    0x26, 0x19, 0xF2, 0x08, 0xDC, 0x18, 0x14, 0xD2, 0xF8, 0xDE, 0xEB, 0xFA,
    0x1C, 0xF2, 0xF2, 0xEF, 0x0B, 0xFA, 0x20, 0x0F, 0x10, 0x1B, 0x11, 0x0D,
    0x1E, 0x11, 0xD1, 0xE3, 0xEA, 0xE9, 0x2C, 0x0B, 0xF2, 0xEC, 0x05, 0x1C,
    0x10, 0xEC, 0xEB, 0x0A, 0xEA, 0x20, 0xB4, 0x06, 0xF6, 0x0D, 0x18, 0x17,
    0xFE, 0x15, 0x2D, 0x09, 0x1B, 0xFA, 0xDE, 0xDC, 0x19, 0x34, 0xE0, 0x06,
    0x1D, 0xDC, 0xBD, 0xDE, 0x04, 0xD0, 0x0F, 0xED, 0x0D, 0xED, 0xF8, 0x12,
    0x07, 0x29, 0xED, 0x0A, 0xF8, 0x01, 0x08, 0x0D, 0x09, 0x0F, 0xD6, 0xFB,
    0xDB, 0xFC, 0xE1, 0xEB, 0xDE, 0x11, 0x1F, 0x11, 0xF3, 0x0A, 0xE9, 0x0F,
    0x1A, 0x0F, 0xF5, 0xF5, 0x07, 0xE7, 0xE9, 0x14, 0x0C, 0xED, 0xEE, 0xD6,
    0x1C, 0x11, 0xF9, 0x28, 0xDF, 0x1B, 0x0C, 0x25, 0x23, 0xF9, 0xDF, 0xD2,
    0x20, 0x08, 0x02, 0x0C, 0x11, 0xCF, 0xED, 0xDD, 0xF3, 0xD3, 0x0F, 0x07,
    0x1F, 0x20, 0x03, 0x0E, 0x19, 0xF4, 0xCB, 0x2C, 0x13, 0x0C, 0xDE, 0x01,
    0x1F, 0x14, 0xCC, 0xE6, 0xE7, 0xFA, 0xE5, 0x1F, 0xEF, 0x17, 0xFA, 0xDF,
    0xDD, 0xF5, 0x0A, 0x3D, 0x08, 0x08, 0xF4, 0x10, 0xFE, 0x36, 0x15, 0x02,
    0xFE, 0xE6, 0x1D, 0x0A, 0xE5, 0xFE, 0xFC, 0xD8, 0x17, 0xE9, 0x06, 0xEF,
    0x0A, 0xD1, 0x24, 0x2E, 0xE5, 0xDC, 0x04, 0x1A, 0x02, 0xE1, 0x16, 0x21,
    0x0D, 0x31, 0xF4, 0xF4, 0xEC, 0x56, 0x33, 0x2E, 0xF5, 0xEE, 0xD3, 0x07,
    0x08, 0x59, 0xCB, 0xF6, 0x0E, 0x21, 0x0E, 0x0C, 0xE0, 0x03, 0xF8, 0xFA,
    0x14, 0xEF, 0xE9, 0xF5, 0xE9, 0xF6, 0x04, 0xF9, 0x2D, 0xF4, 0xF0, 0xF5,
    0xEE, 0xF3, 0xF3, 0xF8, 0x05, 0xEA, 0x10, 0xE9, 0x0E, 0xDE, 0x07, 0x0C,
    0xF6, 0x0A, 0x06, 0x08, 0x0E, 0x25, 0xDB, 0x04, 0x15, 0x03, 0xFF, 0x14,
    0x0D, 0xF5, 0xFC, 0xE7, 0xF9, 0xF3, 0x09, 0xFB, 0x06, 0xF4, 0xFD, 0xF9,
    0x0F, 0xFE, 0x09, 0xEA, 0x14, 0xF1, 0x0B, 0xF9, 0xE1, 0xF9, 0x26, 0x1F,
    0x17, 0x09, 0x0A, 0xE7, 0x0A, 0x05, 0xE6, 0xE3, 0x13, 0xEF, 0xF7, 0x06,
    0x06, 0xEA, 0x11, 0xF9, 0xF3, 0xC9, 0xF3, 0xF4, 0x09, 0xF5, 0x03, 0xF7,
    0x1C, 0xE1, 0x09, 0x0F, 0x05, 0x12, 0xF1, 0x0D, 0x08, 0x24, 0x0C, 0x07,
    0xF1, 0x0D, 0x0A, 0x11, 0xF5, 0xE0, 0xF7, 0x01, 0xFA, 0xDD, 0x0C, 0x0E,
    0xEF, 0xF7, 0xEF, 0x09, 0x06, 0x02, 0xFB, 0xD9, 0x25, 0xF7, 0xEB, 0x15,
    0xF3, 0x2D, 0x07, 0x0C, 0xFC, 0xFB, 0x06, 0x02, 0xF8, 0xF3, 0x2B, 0xCC,
    0x1C, 0xD6, 0x0B, 0xE2, 0x05, 0x0B, 0xFF, 0x20, 0xE8, 0x09, 0xFC, 0xE8,
    0x0A, 0x09, 0x01, 0xE9, 0xF3, 0xF1, 0x1F, 0x09, 0xE8, 0xF9, 0x03, 0x07,
    0x0C, 0xFD, 0x03, 0x1C, 0xEE, 0x0B, 0x0A, 0xF3, 0x0F, 0xFB, 0xF9, 0x0F,
    0xFC, 0x0C, 0xE7, 0x09, 0xE8, 0x24, 0x0C, 0xE5, 0xF9, 0x05, 0x18, 0x12,
    0xFA, 0x0F, 0xE0, 0xF3, 0x18, 0x01, 0x00, 0xF4, 0xFE, 0x0C, 0x08, 0x15,
    0xDF, 0xF3, 0xF5, 0x08, 0xD8, 0x0A, 0x24, 0xFF, 0xFB, 0x1A, 0xE9, 0x18,
    0xE9, 0x08, 0x06, 0x22, 0x15, 0xE4, 0xFA, 0xF0, 0xF6, 0xFC, 0x05, 0x19,
    0xE8, 0x32, 0x0C, 0x01, 0xF4, 0x1D, 0xE2, 0x0F, 0x04, 0xE8, 0x1A, 0x09,
    0x0A, 0xD8, 0x0C, 0xDE, 0x07, 0xFE, 0x01, 0x16, 0xE8, 0x0B, 0x03, 0xFB,
    0x11, 0xEF, 0x08, 0x0C, 0x06, 0x13, 0xF8, 0x03, 0xDF, 0x0D, 0x1A, 0x07,
    0x04, 0x16, 0x01, 0xF9, 0x05, 0xEB, 0xEF, 0xF4, 0x06, 0xEA, 0x1D, 0xE6,
    0xF2, 0xE9, 0x13, 0x1A, 0xC9, 0x29, 0xFF, 0xF2, 0xFB, 0xFC, 0x00, 0x02,
    0xFC, 0x2D, 0xF1, 0xEC, 0xEE, 0x09, 0x12, 0x05, 0x07, 0xEB, 0x0D, 0xFA,
    0x1B, 0xE8, 0x02, 0xFB, 0x00, 0x16, 0x3C, 0x08, 0xF7, 0x1A, 0xF5, 0xF1,
    0x05, 0xEE, 0xF3, 0xF8, 0x09, 0x06, 0xF8, 0xFF, 0xDB, 0xFB, 0xFA, 0x03,
    0x02, 0x03, 0x00, 0x01, 0x02, 0xF1, 0x07, 0x0E, 0x06, 0x28, 0x01, 0xFF,
    0xFA, 0xFA, 0x00, 0x0A, 0xFD, 0xF8, 0x08, 0x0D, 0x2F, 0xDC, 0x01, 0x0B,
    0x0A, 0xF2, 0xF5, 0xF5, 0x15, 0xD3, 0x09, 0x14, 0x0A, 0xFE, 0x00, 0xFF,
    0xFC, 0x0A, 0xEC, 0x0A, 0xFC, 0x0F, 0x09, 0x0C, 0xF7, 0xFE, 0xDF, 0xF4,
    0xF8, 0xE7, 0x00, 0xF9, 0xC7, 0x2B, 0xFC, 0xE6, 0x0B, 0xF6, 0x14, 0x04,
    0xF6, 0x10, 0xFB, 0xF5, 0xF8, 0x04, 0x0E, 0x00, 0x23, 0x00, 0x00, 0xF3,
    0x1B, 0xEC, 0xFB, 0xFB, 0x0C, 0xFF, 0x35, 0xFD, 0x04, 0xFC, 0x05, 0x08,
    0x25, 0xD9, 0xFB, 0x06, 0x16, 0xFA, 0x09, 0xF3, 0x17, 0xEA, 0x15, 0x0C,
    0x14, 0xF2, 0xF7, 0xFE, 0xEF, 0x08, 0xF6, 0x03, 0xE9, 0x1A, 0xFD, 0x08,
    0xFB, 0xFA, 0xE4, 0xFA, 0xF3, 0xE1, 0xFE, 0xFC, 0x25, 0xDF, 0xFE, 0x06,
    0xFD, 0xF7, 0xF7, 0xF9, 0x06, 0xFA, 0x03, 0x0C, 0x06, 0xF9, 0xE3, 0x08,
    0x00, 0x01, 0x00, 0x06, 0xED, 0x0F, 0xFE, 0x09, 0xF3, 0xFC, 0xE2, 0xFC,
    0x05, 0xE4, 0x0B, 0x0B, 0x3E, 0xD1, 0xFC, 0x07, 0xF7, 0x10, 0xF5, 0xFE,
    0x18, 0xE4, 0x0B, 0x0C, 0x13, 0xED, 0xE1, 0xFB, 0xE2, 0x05, 0xF8, 0x05,
    0xF8, 0x1C, 0x00, 0x1B, 0xF6, 0xF9, 0xCF, 0xFE, 0xF2, 0xF6, 0xFC, 0x01,
    0xF2, 0xF9, 0xF8, 0xEF, 0x08, 0x09, 0x0B, 0xFF, 0x18, 0xF3, 0x10, 0x0F,
    0x0A, 0xF8, 0x1B, 0x0A, 0x15, 0x0E, 0xFC, 0xF6, 0x10, 0xF7, 0xF6, 0x01,
    0xF7, 0x02, 0x12, 0xFF, 0xEC, 0xEB, 0x10, 0x06, 0x2C, 0xF2, 0x0F, 0x14,
    0xF8, 0x20, 0xB9, 0x2E, 0xBA, 0x2C, 0xCE, 0xFD, 0x10, 0x0A, 0x14, 0xE1,
    0xCB, 0x06, 0x15, 0x0C, 0x18, 0xEE, 0x0E, 0x16, 0xEA, 0xCE, 0xAD, 0x11,
    0x23, 0xF0, 0x01, 0xF3, 0x12, 0xE4, 0xE8, 0x07, 0x08, 0xF4, 0xEE, 0xDA,
    0x02, 0xCD, 0xE8, 0x25, 0xE1, 0x1D, 0xF2, 0x2A, 0x08, 0x02, 0xF1, 0xEB,
    0xF2, 0x42, 0x17, 0xF7, 0x1F, 0xFA, 0xC7, 0xF2, 0xE4, 0xEF, 0xDF, 0x14,
    0x28, 0xD5, 0x09, 0x13, 0x1C, 0xE5, 0xF6, 0x2B, 0xF2, 0x03, 0xEA, 0xDD,
    0x22, 0xF9, 0xCA, 0xCA, 0xFC, 0xFD, 0x01, 0x0A, 0x1C, 0xED, 0x19, 0x00,
    0xED, 0xD8, 0x06, 0x07, 0x16, 0x25, 0x21, 0xE9, 0x37, 0xD7, 0x01, 0x07,
    0x1A, 0xE9, 0x2D, 0xE3, 0x10, 0xDA, 0x21, 0x13, 0x12, 0xEE, 0xDD, 0x12,
    0x20, 0xFA, 0xF0, 0xFA, 0xE2, 0x2A, 0xF2, 0x18, 0x0A, 0xF0, 0xDA, 0x06,
    0xE9, 0xD6, 0x10, 0xFA, 0x4E, 0xA9, 0x1D, 0x13, 0xF8, 0x1A, 0xE9, 0xF7,
    0x00, 0xE3, 0x26, 0x09, 0x1E, 0xE6, 0xE4, 0x11, 0xCC, 0x0F, 0xF6, 0xFD,
    0xF3, 0x24, 0xF7, 0x05, 0x20, 0x05, 0xA7, 0xF6, 0xEE, 0xE9, 0x11, 0xF5,
    0x54, 0x81, 0x0C, 0x1B, 0xF7, 0xCC, 0xFA, 0x0A, 0x3B, 0x02, 0x01, 0x1D,
    0x13, 0x04, 0x17, 0xEC, 0xCD, 0x0C, 0x0B, 0x15, 0xC6, 0x14, 0x05, 0x30,
    0xAC, 0xAC, 0xC4, 0x09, 0xF7, 0xD9, 0x30, 0xEA, 0x33, 0xD3, 0x1A, 0x0C,
    0xE9, 0xFE, 0xC1, 0xFD, 0x0F, 0xB5, 0x08, 0x12, 0x28, 0xE9, 0xE5, 0x16,
    0xF2, 0xFD, 0x12, 0x0F, 0xDC, 0x23, 0xF3, 0x10, 0xFB, 0x06, 0xB9, 0xFE,
    0xE8, 0xDD, 0x05, 0x4B, 0xB8, 0x25, 0xFC, 0x0B, 0x05, 0x05, 0x3E, 0x00,
    0xEB, 0x32, 0x0F, 0xEB, 0xDC, 0x12, 0x0D, 0xEC, 0x16, 0x06, 0x02, 0x07,
    0x25, 0xC8, 0x05, 0xEA, 0xDB, 0xE8, 0x2E, 0x07, 0x29, 0x33, 0x0C, 0xD6,
    0xB7, 0x2A, 0x06, 0x15, 0x06, 0x0C, 0x07, 0xFB, 0x07, 0x35, 0xEC, 0xEA,
    0x08, 0x02, 0x34, 0x0D, 0xFC, 0xF3, 0xE3, 0xC8, 0x60, 0xED, 0x13, 0xD6,
    0x0E, 0x26, 0x4E, 0xD2, 0xEA, 0x2D, 0xDF, 0x19, 0x05, 0x9C, 0xDB, 0x19,
    0x0A, 0x20, 0xD8, 0x0C, 0x1A, 0x05, 0x35, 0x30, 0xFB, 0x05, 0xBF, 0x08,
    0xF9, 0xF9, 0xCA, 0xF4, 0xD4, 0x17, 0x32, 0x03, 0x03, 0x0C, 0xD9, 0x03,
    0x1F, 0xC7, 0xE7, 0x07, 0x52, 0xA2, 0xFF, 0xE4, 0xE3, 0xE0, 0xE1, 0x1A,
    0x30, 0xAA, 0x15, 0x0C, 0x1C, 0xE3, 0xBF, 0xF8, 0x08, 0x3B, 0x0A, 0xFA,
    0xD0, 0x40, 0xFF, 0x3A, 0xD5, 0xF5, 0xE2, 0x0C, 0x02, 0xE1, 0x0E, 0x3C,
    0xE1, 0x2A, 0x24, 0xF6, 0xF0, 0x02, 0xE9, 0xFD, 0xE7, 0x29, 0xFB, 0xD1,
    0xEB, 0xF5, 0x37, 0xF6, 0x19, 0x07, 0x19, 0x07, 0x21, 0xD1, 0xE8, 0xFC,
    0x00, 0x23, 0x45, 0x18, 0xE4, 0xFF, 0xFB, 0x00, 0x4D, 0xE2, 0x02, 0xF3,
    0xEC, 0xCD, 0xD3, 0x0C, 0x0D, 0xDA, 0x04, 0x0D, 0x15, 0xF5, 0xAA, 0xF4,
    0xF0, 0x09, 0x03, 0x1E, 0xBF, 0x17, 0x04, 0x30, 0xE6, 0xE7, 0xC7, 0x2B,
    0x08, 0xD1, 0x27, 0x27, 0x8A, 0x43, 0x1B, 0xF2, 0xED, 0xF4, 0x23, 0xF1,
    0xE6, 0x2B, 0xF9, 0xF7, 0xD4, 0x1A, 0x1E, 0xF6, 0x32, 0xF1, 0xF1, 0x05,
    0x2A, 0xDF, 0x09, 0xDE, 0x05, 0x2F, 0x48, 0x04, 0xF3, 0x1A, 0xED, 0x17,
    0x9F, 0x66, 0x06, 0xFF, 0x15, 0x10, 0x14, 0xF8, 0x0C, 0x2A, 0xD2, 0xF8,
    0xEE, 0x14, 0x3F, 0x10, 0x05, 0xE2, 0xF2, 0xEB, 0x30, 0xD1, 0x02, 0xC0,
    0x12, 0x15, 0x3D, 0xDC, 0x0B, 0x4A, 0xEE, 0xF7, 0xBE, 0x65, 0xF7, 0xEF,
    0x07, 0xED, 0x06, 0xE8, 0xF5, 0x27, 0xDD, 0x02, 0xA9, 0x1C, 0xF4, 0xF5,
    0x26, 0x04, 0xF1, 0xEB, 0x3F, 0xFA, 0xF1, 0xF5, 0x0C, 0x0E, 0x60, 0x09,
    0xFB, 0x35, 0xE2, 0x08, 0x34, 0xEF, 0x07, 0x0E, 0xE1, 0x17, 0x05, 0xFE,
    0x1F, 0xF6, 0x2E, 0xF7, 0x27, 0xEB, 0x07, 0x02, 0xFA, 0x18, 0x06, 0xFA,
    0xDE, 0x14, 0xF2, 0xF4, 0x06, 0xEE, 0xEC, 0xF9, 0x17, 0xF5, 0xEA, 0x10,
    0x29, 0xD2, 0x07, 0x24, 0xE6, 0xF3, 0xFA, 0x09, 0xFB, 0xD9, 0x1B, 0xFA,
    0x20, 0xF9, 0xDE, 0xF8, 0xFC, 0xFB, 0xEC, 0x0F, 0xE4, 0x2F, 0xFB, 0xEC,
    0x01, 0x0F, 0xF0, 0xFE, 0xFC, 0xF5, 0xF4, 0x26, 0x2A, 0xC7, 0x03, 0x12,
    0x05, 0xFD, 0x2E, 0xFD, 0x15, 0xC9, 0x35, 0xFB, 0x13, 0xDA, 0xFE, 0x02,
    0x17, 0x06, 0x0B, 0xFC, 0xE1, 0x0C, 0xFE, 0x04, 0xF9, 0xE8, 0xEB, 0xFB,
    0x07, 0xDA, 0x00, 0xF4, 0xF2, 0x03, 0x03, 0xF7, 0xFA, 0xDC, 0x1F, 0xFE,
    0x05, 0xE8, 0x07, 0xFD, 0x0E, 0xFA, 0x2D, 0xED, 0x41, 0xE1, 0x13, 0xF8,
    0x13, 0x08, 0x02, 0xCE, 0xFE, 0xE8, 0x13, 0x06, 0x2F, 0xF7, 0xD5, 0x07,
    0xF1, 0x14, 0xFE, 0xF1, 0xFC, 0xF3, 0x17, 0xFD, 0xEC, 0x0B, 0xE4, 0xF8,
    0xF9, 0x12, 0xF8, 0x00, 0xF3, 0xF4, 0x10, 0xFB, 0xF1, 0xD8, 0x0A, 0xF3,
    0x0E, 0x17, 0x48, 0x0A, 0x10, 0xF6, 0xFC, 0x0C, 0xE8, 0x1F, 0xF9, 0xFA,
    0x14, 0x0D, 0x06, 0xFD, 0xEF, 0x28, 0xE8, 0xF7, 0xCA, 0x12, 0x23, 0xFC,
    0xED, 0x05, 0xFC, 0xFF, 0x02, 0xCD, 0x19, 0x13, 0x15, 0x17, 0xFC, 0x00,
    0x05, 0x02, 0x04, 0xD9, 0xBA, 0x5A, 0x03, 0xEC, 0x06, 0xF0, 0x2B, 0xEB,
    0x00, 0x2D, 0xF1, 0x0A, 0xF5, 0x13, 0x23, 0x03, 0x0F, 0xE7, 0x08, 0xED,
    0x21, 0xEA, 0xF5, 0xD9, 0x03, 0xE9, 0x57, 0x11, 0x1F, 0xDD, 0xE3, 0xF6,
    0xFE, 0xF3, 0xFB, 0x0A, 0x06, 0x1A, 0x1A, 0xFC, 0xFE, 0x0B, 0x08, 0x10,
    0xFC, 0x0B, 0xF7, 0xF1, 0x23, 0x01, 0xE9, 0xFD, 0xF6, 0x05, 0xFD, 0xEF,
    0x01, 0xF8, 0xEE, 0xFD, 0x07, 0x06, 0xEA, 0x08, 0x15, 0x04, 0xF7, 0x02,
    0xF6, 0x05, 0xF0, 0x27, 0xF3, 0x04, 0x01, 0xED, 0x16, 0xDF, 0xFA, 0xFC,
    0x0A, 0xED, 0x1A, 0x04, 0xFC, 0xEF, 0xDF, 0x0F, 0xF9, 0x16, 0xFD, 0x13,
    0x03, 0xFF, 0x01, 0x10, 0xF8, 0xFA, 0xFD, 0x00, 0xF7, 0xEA, 0x08, 0x15,
    0x01, 0x0C, 0x04, 0x1C, 0x02, 0x15, 0xFA, 0xEB, 0x04, 0x0C, 0xEA, 0xFA,
    0xF8, 0xFB, 0x06, 0xF9, 0x09, 0x03, 0x0B, 0x09, 0x06, 0x06, 0xF5, 0xF5,
    0x01, 0xFE, 0xEE, 0xF0, 0x22, 0x0A, 0x00, 0xF9, 0x02, 0xFF, 0xE9, 0x10,
    0xFE, 0x04, 0xF7, 0x13, 0xFF, 0xEB, 0xF5, 0x06, 0x02, 0xF4, 0x1E, 0xFC,
    0x0B, 0x02, 0xFB, 0x04, 0xF2, 0xF7, 0xE8, 0xEF, 0x0B, 0x07, 0x11, 0xFE,
    0xF4, 0xFC, 0xF6, 0x19, 0xE7, 0x0B, 0xFF, 0xE1, 0x1B, 0xE3, 0x00, 0xE8,
    0xFC, 0xFA, 0x26, 0x18, 0xF0, 0xFA, 0xDC, 0x12, 0xF1, 0x10, 0xFD, 0x25,
    0x00, 0x04, 0x17, 0x13, 0x11, 0xF7, 0x11, 0x03, 0xF0, 0xFF, 0xEF, 0x1C,
    0xEE, 0xF8, 0x01, 0xFA, 0x04, 0xEE, 0x03, 0xEC, 0x08, 0x05, 0x0C, 0x1C,
    0x02, 0xF6, 0xE9, 0x06, 0xF7, 0x0B, 0xF2, 0x05, 0x03, 0xF8, 0xFE, 0xFD,
    0xFB, 0xFD, 0x2A, 0xED, 0x0C, 0xDD, 0x01, 0xFC, 0xFA, 0x01, 0x14, 0xF9,
    0xEF, 0x0F, 0xF5, 0x10, 0x0E, 0xFD, 0xEF, 0x05, 0xFF, 0x0E, 0x1E, 0xFB,
    0xFD, 0xFE, 0xFF, 0x0C, 0xFD, 0xF9, 0xF9, 0xF5, 0xF3, 0x05, 0xE3, 0xF3,
    0x0F, 0x1C, 0x08, 0xE2, 0x0F, 0xFC, 0xFA, 0x1B, 0xEA, 0x19, 0x08, 0x18,
    0x02, 0xF7, 0xDF, 0xE8, 0x0C, 0x0C, 0x11, 0xF6, 0x12, 0xEE, 0xFE, 0xE1,
    0xF8, 0x0A, 0xEB, 0xF7, 0xFE, 0xFD, 0x01, 0x16, 0xFB, 0x0E, 0x07, 0xF7,
    0xFD, 0xD9, 0xCD, 0xFC, 0xF1, 0xF8, 0x03, 0xFC, 0x13, 0x02, 0x10, 0x0C,
    0x0A, 0x01, 0xFF, 0x02, 0x18, 0x02, 0x02, 0xF7, 0x01, 0x02, 0x02, 0xF5,
    0x06, 0x00, 0x0E, 0xF3, 0x18, 0xF3, 0xF1, 0xE5, 0x13, 0xFD, 0x04, 0xF8,
    0xFE, 0xF3, 0x01, 0x05, 0xFE, 0x17, 0x03, 0x10, 0x0A, 0xFB, 0xFD, 0x1E,
    0x0B, 0x05, 0x05, 0x09, 0xF5, 0x08, 0xE1, 0xD9, 0xF0, 0x0D, 0xFA, 0x0C,
    0x00, 0xF6, 0xEE, 0x14, 0xF9, 0xEF, 0x0D, 0xE9, 0x0C, 0x00, 0x0D, 0x12,
    0xE4, 0x09, 0x28, 0x02, 0xEF, 0x06, 0xF6, 0x1D, 0x03, 0x0D, 0xFC, 0xEC,
    0xE6, 0x1B, 0x06, 0x10, 0x01, 0xFB, 0xFB, 0xFB, 0xE9, 0xFB, 0x06, 0xF0,
    0xFA, 0xF2, 0xF4, 0x04, 0x04, 0x19, 0xEC, 0x14, 0x14, 0x13, 0x0E, 0x00,
    0x04, 0x0A, 0x05, 0x03, 0x10, 0xFF, 0xFE, 0xF1, 0xFE, 0x0B, 0xF9, 0xF7,
    0x03, 0xFC, 0x1D, 0x08, 0x08, 0xFD, 0xDA, 0x04, 0x0B, 0x0C, 0x25, 0x00,
    0xFF, 0xEF, 0xF9, 0x05, 0xFC, 0xE9, 0x1F, 0x04, 0xF9, 0xF0, 0x0B, 0x07,
    0x00, 0xF8, 0x14, 0xE4, 0xF8, 0x0F, 0x12, 0x17, 0xF5, 0xFF, 0x23, 0xFB,
    0xEC, 0x12, 0xFA, 0xEA, 0xF8, 0xE2, 0xF5, 0xFB, 0xFA, 0xF5, 0x0E, 0xF3,
    0x05, 0xE9, 0x06, 0x1D, 0x0A, 0xF5, 0x24, 0x21, 0xEA, 0x01, 0xF5, 0x12,
    0x0F, 0xE6, 0xF0, 0x0B, 0x08, 0x02, 0x15, 0xEE, 0xF5, 0xFC, 0xFF, 0x03,
    0x02, 0xEC, 0xF0, 0x06, 0x00, 0x27, 0x05, 0xF7, 0xE7, 0x02, 0x05, 0xEA,
    0xFD, 0x17, 0x04, 0xF7, 0x06, 0x14, 0xFF, 0x14, 0xFA, 0xF8, 0xED, 0xFA,
    0x0A, 0xFD, 0x00, 0x01, 0xFC, 0x0B, 0x01, 0xFF, 0xF6, 0xF3, 0xF8, 0xF5,
    0x08, 0x01, 0x05, 0xDC, 0x09, 0xEF, 0x1F, 0x04, 0x0D, 0xE0, 0xEF, 0x10,
    0xFB, 0x04, 0xFC, 0x1F, 0x13, 0x06, 0x1D, 0xEA, 0xFE, 0x10, 0xF8, 0x0E,
    0x10, 0x00, 0xF1, 0xE9, 0x01, 0xF8, 0xFE, 0x20, 0xEC, 0xFF, 0xFD, 0x04,
    0xE5, 0x0D, 0x04, 0x0C, 0xFA, 0x0A, 0x0C, 0xDF, 0x0C, 0xEB, 0xF6, 0x11,
    0x07, 0x0B, 0x0F, 0xF9, 0xF2, 0x07, 0x13, 0xFE, 0x10, 0x08, 0xFF, 0xEA,
    0x0B, 0xFD, 0x06, 0x0A, 0x0C, 0x01, 0x1C, 0xF4, 0xFF, 0x03, 0x1B, 0xD1,
    0x04, 0x02, 0x05, 0x03, 0x07, 0xFA, 0xF7, 0xF7, 0xEB, 0x06, 0x08, 0xE2,
    0xFF, 0x06, 0x04, 0x10, 0x1E, 0xD6, 0xE9, 0xFB, 0x1E, 0xFA, 0x1A, 0x06,
    0xF9, 0xFE, 0xF1, 0xE2, 0xE6, 0x01, 0x03, 0xE9, 0x09, 0xF7, 0xFB, 0x1A,
    0xFB, 0x0D, 0x00, 0x01, 0xFE, 0x21, 0xF6, 0x06, 0x05, 0xF9, 0x07, 0x02,
    0xF1, 0xD5, 0x16, 0xFE, 0x04, 0xFF, 0xF9, 0x02, 0x13, 0xFF, 0x0D, 0x1A,
    0x02, 0xDF, 0xF1, 0xE8, 0x0F, 0xFA, 0x0B, 0x18, 0x19, 0xF1, 0xE8, 0x04,
    0xF1, 0xF9, 0x04, 0xDB, 0x09, 0x0C, 0x06, 0xDD, 0x00, 0xFA, 0x02, 0x15,
    0x03, 0x08, 0x05, 0x08, 0xE9, 0xE7, 0xF9, 0x12, 0x08, 0xF6, 0x0A, 0x0E,
    0xF7, 0xF5, 0xF1, 0x00, 0x01, 0xFF, 0x03, 0x0C, 0xED, 0xFE, 0x06, 0x0F,
    0xFC, 0xFF, 0x08, 0xE2, 0x1A, 0x0D, 0xF4, 0xFE, 0x15, 0xF4, 0xF0, 0xFC,
    0x0F, 0xED, 0xED, 0x22, 0xE9, 0x15, 0x18, 0xF9, 0x19, 0xF0, 0x05, 0xF7,
    0xFC, 0xF7, 0xF9, 0x23, 0x03, 0x0B, 0xF6, 0xD3, 0xF9, 0xFF, 0x2C, 0xDE,
    0x10, 0xE5, 0x0D, 0x03, 0xD8, 0xFC, 0x09, 0xFB, 0x0F, 0x08, 0xFE, 0xEB,
    0xFC, 0x09, 0x10, 0xD8, 0xFC, 0x14, 0x06, 0xF3, 0x07, 0x14, 0xFA, 0x0A,
    0xF6, 0x13, 0xFD, 0x02, 0x0B, 0x00, 0x00, 0x08, 0xE7, 0x04, 0xF6, 0xDC,
    0xFE, 0xEF, 0x05, 0xED, 0x01, 0x08, 0xFA, 0xFD, 0xF3, 0x0D, 0x19, 0x08,
    0x08, 0x06, 0xF1, 0x0E, 0xEC, 0x0B, 0x0D, 0x0A, 0xFB, 0x0C, 0xEF, 0x0B,
    0xF2, 0xE0, 0xFB, 0x0D, 0xF6, 0xFC, 0x11, 0xFD, 0xE3, 0x1E, 0x11, 0x08,
    0x0A, 0xEC, 0x00, 0xF1, 0xFB, 0xF8, 0xE6, 0x01, 0x02, 0x0B, 0xEF, 0xFB,
    0x1F, 0xF5, 0x03, 0x22, 0xFE, 0x05, 0xF2, 0x10, 0x09, 0x02, 0x14, 0x0F,
    0xF6, 0x1A, 0xF2, 0xF8, 0x15, 0xFC, 0x0F, 0xEC, 0x04, 0xFB, 0xF4, 0x02,
    0x0C, 0xE5, 0xEB, 0xFC, 0x06, 0xEE, 0x00, 0xF1, 0xF6, 0x0F, 0xFF, 0x13,
    0x09, 0xF9, 0xF7, 0x29, 0x05, 0xF8, 0x0E, 0x0F, 0x0E, 0xEA, 0xF6, 0x24,
    0xF6, 0x10, 0xEB, 0xEB, 0x08, 0xF7, 0xF9, 0x07, 0xFB, 0x11, 0x13, 0x20,
    0xFD, 0x01, 0xFC, 0xEF, 0xFC, 0x05, 0x12, 0xF3, 0xFE, 0x03, 0x15, 0xF3,
    0x04, 0x03, 0xE6, 0x01, 0xFF, 0xEC, 0xFE, 0xF9, 0xF9, 0x05, 0x15, 0x02,
    0x08, 0xEE, 0x0C, 0xEE, 0x04, 0xF1, 0x16, 0x07, 0xFA, 0xF9, 0x0A, 0xFB,
    0x0B, 0xF0, 0xFE, 0xF0, 0x0F, 0x06, 0xF9, 0x34, 0xF2, 0xFA, 0xF7, 0x03,
    0xEA, 0x23, 0xFC, 0xEB, 0xFE, 0xF9, 0xFF, 0x0F, 0x01, 0x14, 0xF4, 0x23,
    0xFD, 0xFC, 0xF8, 0xF7, 0xFA, 0x16, 0x12, 0xEC, 0xF6, 0xFA, 0x07, 0x02,
    0x03, 0x06, 0xF3, 0x01, 0x02, 0x07, 0xF9, 0x03, 0xE2, 0x0E, 0x0A, 0x09,
    0x16, 0xF7, 0xF5, 0xFA, 0xE5, 0x0D, 0xFE, 0x0B, 0x16, 0xF2, 0xEC, 0x16,
    0x01, 0xF9, 0xFE, 0x1C, 0xED, 0xFC, 0xF5, 0x02, 0x0F, 0xE4, 0x04, 0xFA,
    0x10, 0xF8, 0x07, 0xFE, 0xDB, 0xEA, 0x0C, 0xF0, 0x11, 0x0E, 0xFC, 0xE8,
    0x01, 0xF5, 0x03, 0x18, 0x15, 0x10, 0x0C, 0xFF, 0xF8, 0xFB, 0xFE, 0x01,
    0xD9, 0xF7, 0x04, 0x0E, 0xFB, 0x0C, 0x05, 0xF6, 0x04, 0xFB, 0x12, 0x11,
    0x08, 0xF6, 0xF9, 0x05, 0xFA, 0x0F, 0x02, 0x25, 0xEF, 0xFB, 0x07, 0xF5,
    0x1A, 0xF6, 0xFA, 0x08, 0x09, 0x0A, 0xEA, 0x01, 0xE2, 0xE8, 0x05, 0xE1,
    0x03, 0x04, 0xEC, 0xF1, 0xFE, 0xFF, 0x01, 0xFA, 0x07, 0x00, 0x00, 0xE2,
    0x16, 0xF8, 0xFA, 0x17, 0xF7, 0x06, 0x0A, 0x0C, 0xFF, 0xF5, 0xEF, 0xDB,
    0x0A, 0x06, 0x12, 0xFD, 0x0D, 0xF7, 0xF9, 0xEB, 0x17, 0xF6, 0xE8, 0x05,
};
static const int8_t k_blk0_out[32 * 32] __attribute__((aligned(4))) = {
    0xD1, 0x14, 0x13, 0xBA, 0x20, 0x32, 0x1A, 0x11, 0x18, 0xF1, 0x20, 0xFC,
    0xFF, 0x31, 0xEB, 0x15, 0x04, 0xF7, 0xE4, 0xCE, 0x08, 0xFB, 0x07, 0xE9,
    0xFF, 0xDE, 0xFB, 0xF7, 0x0E, 0xEC, 0x11, 0x44, 0xB8, 0xEE, 0xED, 0xFC,
    0x81, 0x0A, 0x39, 0xF9, 0xFE, 0xCB, 0x32, 0xD1, 0xFC, 0x3D, 0xED, 0x28,
    0x1B, 0x10, 0xC6, 0xFC, 0x10, 0x20, 0x21, 0xE7, 0xDC, 0x38, 0xE2, 0x2C,
    0xF1, 0x02, 0x14, 0xD7, 0xD8, 0xEE, 0xF2, 0xE4, 0xFF, 0x2A, 0x27, 0x08,
    0x01, 0xEF, 0x03, 0x20, 0xC6, 0xDD, 0xC4, 0xED, 0x07, 0x36, 0xF6, 0xE8,
    0xF5, 0xC7, 0xDF, 0x03, 0x24, 0x04, 0x05, 0xF4, 0xE8, 0x23, 0x38, 0x0F,
    0xED, 0xE8, 0xF7, 0xEB, 0xFA, 0xE6, 0x10, 0xF9, 0xF6, 0xE2, 0x0D, 0x12,
    0x00, 0xE9, 0x17, 0x2B, 0x15, 0xDE, 0xEA, 0x22, 0x1F, 0xF6, 0x37, 0xDC,
    0xEA, 0xFB, 0xEC, 0xF9, 0xCC, 0xF1, 0x08, 0x28, 0x34, 0xF9, 0x1C, 0x25,
    0x07, 0xFC, 0xED, 0x00, 0xF3, 0x08, 0xD3, 0xF7, 0xEE, 0xD7, 0x1E, 0x00,
    0x0B, 0x0F, 0xFA, 0xFD, 0xCC, 0xD8, 0x10, 0xE3, 0x22, 0x0B, 0x15, 0x0E,
    0xF8, 0xEE, 0xDA, 0xF1, 0xDC, 0x09, 0x13, 0xDC, 0xEC, 0x06, 0x2D, 0x15,
    0xD5, 0x44, 0x03, 0x07, 0xE1, 0x0C, 0xE7, 0x09, 0xF9, 0xBC, 0x23, 0xE9,
    0xD2, 0xD4, 0xC1, 0x06, 0x1C, 0xCE, 0xE2, 0x19, 0x4C, 0xE5, 0xF0, 0x19,
    0xF3, 0x10, 0xFC, 0x05, 0xFA, 0xD3, 0x10, 0x00, 0xFD, 0xE5, 0xC8, 0x01,
    0xF5, 0xE5, 0x46, 0xD0, 0x2F, 0x3A, 0xEB, 0x0F, 0x21, 0x3A, 0x3C, 0xCC,
    0xF7, 0x3E, 0x0A, 0xEF, 0xE2, 0x35, 0xDC, 0xBE, 0x23, 0x1D, 0x33, 0x04,
    0x1D, 0x0E, 0x01, 0x0A, 0xF1, 0x01, 0xE8, 0x0B, 0x24, 0x21, 0xFC, 0xBF,
    0xCB, 0xE2, 0x01, 0xFA, 0x1A, 0xD3, 0xF6, 0xDF, 0x08, 0xE9, 0xCA, 0x18,
    0x09, 0xE6, 0xE4, 0x00, 0x0B, 0xD4, 0xF8, 0x12, 0x11, 0xE8, 0x01, 0xED,
    0x48, 0x11, 0xD7, 0x26, 0x19, 0xAE, 0x19, 0xFD, 0x1C, 0x1E, 0xD2, 0x26,
    0x26, 0x11, 0x01, 0xDD, 0x0B, 0x13, 0xED, 0xE3, 0x19, 0x05, 0x14, 0xD6,
    0xFE, 0xF6, 0x02, 0xDC, 0xE4, 0x1A, 0x1E, 0xB9, 0x29, 0x14, 0xDC, 0x1F,
    0x05, 0x0E, 0xD4, 0xEC, 0xA5, 0x1D, 0xFB, 0xFC, 0xE9, 0xD5, 0xB4, 0x28,
    0x36, 0xCA, 0xFC, 0x07, 0x14, 0xFE, 0xE5, 0x08, 0x19, 0xFF, 0x0C, 0xE9,
    0x17, 0x05, 0x01, 0x06, 0xF1, 0xFB, 0xD5, 0x12, 0x00, 0xE5, 0xF8, 0x01,
    0x26, 0x23, 0x46, 0x14, 0x38, 0x13, 0xF7, 0x0F, 0x04, 0xEF, 0x25, 0xFA,
    0xD1, 0xED, 0x23, 0xF3, 0xF8, 0x1A, 0xE6, 0x27, 0x17, 0x39, 0xB6, 0xD3,
    0xE1, 0x02, 0xFA, 0x0A, 0xD2, 0x0D, 0x0C, 0xD3, 0x15, 0xDF, 0xE3, 0x05,
    0x34, 0x1A, 0x02, 0xB1, 0xE6, 0x1F, 0xDF, 0x03, 0xF3, 0xF3, 0x24, 0xED,
    0xC7, 0xF8, 0x05, 0xA9, 0xF2, 0x12, 0x4F, 0x12, 0xD6, 0x2D, 0x32, 0xE2,
    0xF9, 0x02, 0xF2, 0x13, 0xF4, 0x08, 0x12, 0xD3, 0x1F, 0xE5, 0xDA, 0x11,
    0xCA, 0xD3, 0x17, 0xEE, 0xD6, 0x04, 0xEA, 0x35, 0xF6, 0xFB, 0xF7, 0x01,
    0x19, 0x0F, 0xCC, 0x14, 0x2C, 0xFA, 0x1F, 0x1C, 0x1D, 0xFA, 0x17, 0xF2,
    0x20, 0x32, 0xF0, 0xD1, 0x18, 0x19, 0x17, 0x30, 0xF2, 0x20, 0x11, 0xDA,
    0x11, 0x2A, 0x1B, 0x23, 0x4A, 0xF5, 0xD6, 0x56, 0x23, 0x03, 0xAD, 0xFF,
    0xFB, 0x14, 0xF7, 0x0A, 0x1F, 0xF4, 0x35, 0xFC, 0x02, 0xED, 0x16, 0x1A,
    0x38, 0xD5, 0xFB, 0xF7, 0xE6, 0x08, 0x04, 0xD9, 0x04, 0x0F, 0x09, 0xD6,
    0x05, 0xF8, 0x16, 0x05, 0xFF, 0x00, 0xEC, 0x09, 0x26, 0xFD, 0xFB, 0x0D,
    0xFA, 0xFE, 0xEF, 0xD0, 0x14, 0x16, 0xEA, 0x1D, 0xE0, 0x00, 0xDF, 0xE8,
    0x05, 0x34, 0xDD, 0xE6, 0xF8, 0xED, 0xF0, 0xE9, 0x3C, 0x06, 0x08, 0x2C,
    0x39, 0x05, 0xEE, 0x10, 0x0C, 0x33, 0x11, 0x0F, 0xA3, 0x20, 0xF1, 0x10,
    0x1D, 0x99, 0x35, 0xF7, 0x0E, 0x24, 0xF8, 0x1A, 0x0A, 0xF0, 0x22, 0xDA,
    0x0C, 0x3F, 0xD6, 0xD2, 0x27, 0xDC, 0xF4, 0x49, 0x16, 0xE8, 0xDA, 0x0C,
    0x16, 0x15, 0xF8, 0x9A, 0xFC, 0x2F, 0x2E, 0x0D, 0xC9, 0xED, 0xCC, 0x12,
    0xF2, 0xD8, 0x3E, 0x3D, 0xD7, 0xDD, 0xF3, 0xF2, 0x06, 0xDD, 0xD7, 0xF4,
    0xEF, 0x0F, 0xE8, 0x0E, 0x15, 0x14, 0xE2, 0xDC, 0x0A, 0x15, 0x1F, 0x05,
    0x0C, 0xFE, 0xF1, 0x15, 0x22, 0xFF, 0x1E, 0x0E, 0xFC, 0x3F, 0xD2, 0x08,
    0x03, 0x00, 0x04, 0x09, 0xEF, 0xEF, 0xE6, 0xEE, 0xDF, 0x0A, 0x0C, 0xE0,
    0xFB, 0xFE, 0x2B, 0xEA, 0xEC, 0x16, 0xDD, 0xF5, 0x08, 0x0C, 0xF2, 0x28,
    0x14, 0x19, 0x01, 0xBB, 0xE7, 0xF1, 0x1A, 0xF5, 0x16, 0xDE, 0xF5, 0x1A,
    0x0D, 0x0C, 0xF6, 0xFA, 0x4C, 0xCD, 0x12, 0x4D, 0x1F, 0xE4, 0xD2, 0x19,
    0x18, 0xFC, 0x0A, 0xF7, 0x18, 0x00, 0x30, 0xFA, 0xFC, 0x09, 0x2A, 0xEA,
    0x01, 0x07, 0x00, 0x30, 0xFA, 0xEB, 0x12, 0xEC, 0xF7, 0xF6, 0x43, 0xF2,
    0xB3, 0x1F, 0x0E, 0xCF, 0xE0, 0x04, 0x33, 0x04, 0x07, 0xE6, 0xEF, 0x09,
    0xEE, 0xF1, 0xE8, 0x1A, 0x10, 0x0A, 0xFC, 0x2C, 0xFA, 0x4E, 0x05, 0x3D,
    0xF2, 0x07, 0xFC, 0xDA, 0x0F, 0x00, 0x07, 0xE5, 0xD6, 0x1D, 0xE9, 0xEE,
    0xF1, 0x03, 0xF5, 0xF4, 0xEA, 0xE1, 0x04, 0xF7, 0x26, 0x18, 0xE7, 0x24,
    0xF1, 0xF7, 0xED, 0xE5, 0xF4, 0x1F, 0xEC, 0x1E, 0xFF, 0x07, 0x1E, 0x20,
    0x0D, 0xE3, 0x08, 0x2A, 0xEC, 0x23, 0x09, 0xD2, 0xE5, 0x01, 0x29, 0x04,
    0x2A, 0x01, 0x05, 0xEC, 0x2A, 0xF3, 0x11, 0xDB, 0xF9, 0x19, 0xD6, 0x1D,
    0xED, 0x07, 0x26, 0xE1, 0x00, 0x01, 0x08, 0x01, 0x17, 0xFE, 0x07, 0x13,
    0x1F, 0x24, 0x27, 0x28, 0x02, 0x14, 0xCC, 0xE6, 0xE5, 0xB4, 0x11, 0xB4,
    0xDC, 0x23, 0xA9, 0x17, 0xEA, 0x17, 0x04, 0x37, 0x16, 0x36, 0x10, 0xF7,
    0xF9, 0x1A, 0x14, 0xE9, 0xF6, 0xED, 0xF9, 0xE3, 0xB4, 0x0C, 0x0D, 0x9C,
    0xEC, 0x1B, 0x51, 0x0B, 0xEE, 0x19, 0x08, 0x14, 0xCD, 0x09, 0xB8, 0x27,
    0x03, 0x11, 0x49, 0xED, 0xF3, 0x06, 0x03, 0xDA, 0xFE, 0xF4, 0x21, 0x01,
    0xE9, 0x28, 0xFB, 0x1F, 0x3E, 0xEE, 0xED, 0x54, 0x12, 0x04, 0xB5, 0x0A,
    0x1B, 0x27, 0xF3, 0x38, 0xF3, 0xF0, 0x11, 0xEA, 0x03, 0xD4, 0x14, 0x00,
    0xE7, 0xD7, 0xE6, 0xE8, 0x05, 0x11, 0x12, 0xFA, 0x1A, 0x15, 0xF0, 0xDE,
    0xEC, 0xF8, 0x30, 0xD0, 0x00, 0xD5, 0x23, 0xF6, 0xED, 0xD3, 0xF9, 0x1A,
    0x0B, 0xC8, 0x33, 0x32, 0xFD, 0x0E, 0x2D, 0xF7, 0x1F, 0xF0, 0x33, 0x6B,
    0xF0, 0xFE, 0x04, 0xF8, 0xF9, 0x13, 0x2B, 0xFA, 0x0F, 0x15, 0xCD, 0xFB,
    0xF7, 0xD5, 0x0C, 0xF3, 0x13, 0xB5, 0x30, 0xD3, 0x29, 0x0C, 0x00, 0x0D,
    0x0E, 0xF5, 0x29, 0x02, 0x16, 0x15, 0x1C, 0xF4, 0xDD, 0xDD, 0xDD, 0x41,
    0xFE, 0xFE, 0x22, 0x1B, 0xB8, 0xE9, 0x1E, 0xB9, 0xB2, 0x21, 0x45, 0xFD,
    0xED, 0xF6, 0x1B, 0x14, 0x4B, 0x18, 0x03, 0xE6, 0xD4, 0xD6, 0xDB, 0x0A,
    0xEE, 0xB6, 0xDE, 0x1C, 0x36, 0xC1, 0xFF, 0x34, 0xFD, 0xEE, 0xE4, 0x2F,
    0x20, 0x1F, 0xE7, 0x47, 0x1C, 0xE3, 0xD2, 0xE0, 0x07, 0x26, 0xE2, 0x35,
    0x66, 0xEB, 0x32, 0x0F, 0xFE, 0x1E, 0xDE, 0xE4, 0xFE, 0xF4, 0xDA, 0xBE,
    0x14, 0x0A, 0x18, 0x18, 0xE4, 0xCF, 0xEC, 0x06, 0x30, 0x02, 0xDC, 0x2F,
    0x10, 0xD1, 0xCC, 0x2D, 0xDF, 0x0C, 0xFA, 0xD8, 0xD0, 0x26, 0xCA, 0xD4,
    0xDE, 0x06, 0xC2, 0x1D, 0x9F, 0x0F, 0x20, 0x17, 0x0F, 0x1F, 0xEF, 0xF4,
    0xE6, 0x11, 0xC1, 0xE3,
};
static const int8_t k_blk0_fc1[96 * 32] __attribute__((aligned(4))) = {
    0xF4, 0x02, 0x0A, 0xF4, 0xEF, 0x04, 0xE2, 0xDF, 0xE4, 0x03, 0x40, 0xE4,
    0xF6, 0x45, 0x0D, 0x34, 0xFE, 0x00, 0x28, 0x2B, 0xB2, 0xB6, 0x33, 0x0B,
    0x06, 0x00, 0xF9, 0x09, 0xB0, 0x00, 0x9B, 0x26, 0x20, 0x03, 0x3B, 0xBA,
    0x0A, 0xF7, 0x38, 0xED, 0xCC, 0x12, 0xF7, 0x50, 0xEB, 0xFD, 0x14, 0x15,
    0xF3, 0xF7, 0x1B, 0x15, 0x0A, 0x08, 0x10, 0xB2, 0xFD, 0xFF, 0xCD, 0x1E,
    0x06, 0xFC, 0xBD, 0xED, 0x26, 0xE0, 0x14, 0x06, 0x09, 0x24, 0xF8, 0xEE,
    0x0F, 0xF1, 0xFD, 0x2D, 0x1B, 0x1E, 0xEA, 0xF0, 0x0E, 0xFB, 0xE9, 0xF6,
    0x02, 0xE1, 0x1D, 0xEC, 0xE8, 0xDB, 0x05, 0xFA, 0xFC, 0x03, 0xE3, 0x00,
    0x09, 0xF7, 0x17, 0xA3, 0x31, 0xBD, 0xEB, 0x0A, 0xF6, 0xF3, 0xD4, 0x14,
    0xDD, 0x12, 0x3D, 0xE7, 0x4D, 0xD1, 0xF6, 0x36, 0xF9, 0xFE, 0x29, 0x35,
    0xA7, 0xFB, 0xE0, 0xF3, 0x24, 0x2E, 0xE0, 0xF0, 0xC4, 0xE3, 0x14, 0x23,
    0x17, 0xEB, 0xDF, 0xD3, 0xF0, 0x31, 0xD7, 0x45, 0x0E, 0x18, 0xD6, 0xE9,
    0x15, 0x0B, 0xF8, 0xA4, 0xEC, 0x34, 0xF6, 0xE8, 0x12, 0x26, 0xF9, 0xF4,
    0x0D, 0x19, 0x37, 0x17, 0xF7, 0xED, 0x17, 0xEC, 0xD0, 0xF3, 0x13, 0xF9,
    0xF4, 0x10, 0xB5, 0xED, 0x20, 0x17, 0x0C, 0x34, 0xF5, 0x17, 0x15, 0x38,
    0xB9, 0x0D, 0x27, 0x08, 0x23, 0xF1, 0x26, 0xE7, 0x09, 0xEA, 0xE9, 0xE2,
    0x00, 0xF7, 0xA8, 0xD2, 0xC6, 0xD0, 0xD9, 0xDC, 0xE8, 0x43, 0x10, 0x02,
    0xEB, 0x16, 0x04, 0x2E, 0x13, 0x05, 0x20, 0x00, 0xF8, 0x1F, 0xF4, 0xFF,
    0xC8, 0x10, 0x0C, 0x1D, 0x52, 0xF1, 0xF0, 0x16, 0x12, 0x00, 0x13, 0xEA,
    0xD3, 0x1B, 0x31, 0xBC, 0xE3, 0xC0, 0x42, 0xED, 0x19, 0x26, 0x04, 0x11,
    0xF3, 0xDD, 0xE9, 0x2A, 0x22, 0xEA, 0x1C, 0xB9, 0xD2, 0xFC, 0x08, 0xEF,
    0x2C, 0x13, 0xF7, 0x01, 0xE1, 0xFB, 0x0C, 0x28, 0xC8, 0xED, 0x24, 0x04,
    0x07, 0x35, 0x23, 0x16, 0xFB, 0x04, 0xF0, 0x0E, 0x00, 0x11, 0xDB, 0xBB,
    0xEE, 0xDA, 0xEA, 0x32, 0x43, 0xC3, 0xE6, 0x03, 0x13, 0x0A, 0xF1, 0x28,
    0xD8, 0x01, 0xFF, 0xE1, 0x1D, 0x11, 0x1D, 0x05, 0xD5, 0x17, 0xE8, 0x44,
    0x1C, 0x12, 0xB7, 0xDB, 0xCD, 0x33, 0xC3, 0x0B, 0x19, 0x0C, 0xF0, 0xD9,
    0xDD, 0xED, 0x0F, 0xEB, 0x4D, 0xF3, 0x3A, 0x01, 0xF9, 0xF4, 0x26, 0x20,
    0x16, 0xFD, 0x0C, 0xCF, 0x26, 0x19, 0x05, 0xFE, 0x09, 0x10, 0xF5, 0xE6,
    0xE4, 0x19, 0x1D, 0xD3, 0xEE, 0xDE, 0x0D, 0xF9, 0x11, 0xC8, 0x1C, 0xE3,
    0xD7, 0xE8, 0xF8, 0x47, 0x0E, 0x2D, 0xFB, 0x31, 0xDC, 0xF4, 0x10, 0xF0,
    0xFE, 0x1E, 0xF4, 0x41, 0xE9, 0x11, 0xD8, 0xFE, 0xF8, 0x38, 0x04, 0xE7,
    0xFF, 0xF3, 0xE0, 0xEF, 0xE1, 0x13, 0xEF, 0x04, 0xE4, 0xD3, 0xF8, 0x2E,
    0xF9, 0xE9, 0x0C, 0xC6, 0x05, 0xD3, 0x0C, 0x01, 0xF8, 0xC7, 0x36, 0xFD,
    0x02, 0x34, 0xE1, 0xF5, 0xE8, 0xEF, 0xB0, 0x0F, 0x33, 0x03, 0x10, 0xC8,
    0x10, 0x1F, 0xFD, 0xF3, 0xFA, 0x4C, 0x34, 0xF7, 0xF2, 0xD3, 0x0D, 0x04,
    0xED, 0xEA, 0xE8, 0xEF, 0x09, 0xFC, 0xE7, 0x15, 0xEC, 0xF3, 0x13, 0x01,
    0x1C, 0xF2, 0x29, 0xD9, 0x28, 0x13, 0xE9, 0x17, 0x0B, 0x21, 0x0D, 0x0E,
    0xF5, 0xED, 0xF7, 0x2B, 0x0E, 0xE6, 0xD4, 0x16, 0x0B, 0x0B, 0x1A, 0xF4,
    0xB9, 0xEC, 0xFB, 0x18, 0x30, 0xF6, 0xCA, 0xBB, 0x2F, 0x05, 0x10, 0x0A,
    0xEF, 0x06, 0x1B, 0xF0, 0xC4, 0xF0, 0x61, 0x0B, 0x2C, 0x1E, 0xD0, 0x11,
    0x33, 0xF9, 0x09, 0x0A, 0xEF, 0x0E, 0x03, 0xFC, 0xFB, 0xF5, 0xF9, 0xF5,
    0x1B, 0xEB, 0xDE, 0x02, 0xE4, 0x03, 0xEE, 0x0B, 0xD9, 0x1F, 0x04, 0x12,
    0xFE, 0x17, 0xCC, 0x03, 0x05, 0x1C, 0xF6, 0xFE, 0x07, 0xCA, 0xF8, 0x0F,
    0xFE, 0xE4, 0xE7, 0x07, 0x05, 0xF5, 0x0D, 0xFD, 0xFA, 0x1F, 0xF3, 0x17,
    0xF3, 0x09, 0xF3, 0x02, 0xEF, 0x15, 0x05, 0x0A, 0xFF, 0xE9, 0xE8, 0xF8,
    0x0D, 0xF0, 0x1F, 0x04, 0xCF, 0xE2, 0x1B, 0xEC, 0x0D, 0x17, 0x00, 0xF6,
    0x22, 0xEF, 0xBE, 0x30, 0xDC, 0x22, 0xEB, 0xF3, 0xD7, 0x0C, 0xF0, 0x02,
    0xFB, 0xEF, 0xF3, 0xFB, 0xD1, 0x1D, 0xE2, 0xF9, 0x5F, 0x3E, 0x05, 0x63,
    0xFD, 0xE1, 0x2D, 0x3B, 0xF5, 0x02, 0x0E, 0xDD, 0xED, 0xFC, 0x16, 0xD5,
    0xCF, 0xFC, 0xF4, 0x47, 0xFA, 0x10, 0xF4, 0xF9, 0xE5, 0x00, 0x2F, 0xE4,
    0x15, 0x20, 0xFA, 0xDA, 0x13, 0x05, 0xE9, 0x0B, 0x3F, 0x0D, 0xF2, 0xEA,
    0xF9, 0xDF, 0x09, 0xF5, 0x1C, 0xEE, 0xE5, 0x17, 0x4B, 0xE2, 0x05, 0xDE,
    0xD2, 0x29, 0xF3, 0xE0, 0xF7, 0xFA, 0xF3, 0xA7, 0x06, 0xF5, 0x52, 0x25,
    0xF8, 0x0A, 0x19, 0x22, 0xC0, 0xDD, 0xFF, 0x04, 0xD9, 0x25, 0xF2, 0x00,
    0x18, 0x25, 0xF1, 0x0D, 0x1A, 0x2D, 0xAE, 0xF3, 0x25, 0x1B, 0x19, 0xDC,
    0xED, 0xC0, 0xFB, 0x2C, 0x21, 0xD1, 0xEB, 0x2D, 0x0B, 0xFB, 0xB7, 0x1A,
    0xF1, 0x09, 0x48, 0x08, 0xF3, 0xD8, 0x17, 0x32, 0xEF, 0xAF, 0x05, 0x34,
    0xC0, 0x10, 0xC8, 0xF4, 0xFF, 0x0B, 0xE3, 0x3C, 0xC2, 0xC9, 0x11, 0xEB,
    0xC3, 0xEB, 0x3A, 0xE4, 0x0C, 0x2F, 0x1A, 0x11, 0x21, 0x11, 0x06, 0xEA,
    0xFA, 0xF3, 0x06, 0xC6, 0xD1, 0x33, 0x6B, 0xF4, 0x9B, 0xD6, 0xDF, 0xF6,
    0x1C, 0x1C, 0x03, 0x01, 0xBF, 0xB6, 0x5C, 0x25, 0x17, 0xED, 0x04, 0x10,
    0x05, 0xFB, 0x1E, 0xD1, 0x28, 0x22, 0x04, 0xF7, 0x5F, 0xE9, 0x01, 0x19,
    0xDB, 0x1F, 0x30, 0x0A, 0xD5, 0x11, 0x15, 0x03, 0xCF, 0x16, 0xB1, 0x05,
    0xB8, 0xE2, 0xFB, 0xE1, 0xFD, 0xF9, 0xFB, 0x1B, 0x0D, 0xDD, 0xE2, 0x10,
    0x07, 0xEE, 0xD7, 0x15, 0xFE, 0xC4, 0xE9, 0x20, 0xED, 0xE2, 0xFE, 0x1B,
    0xF0, 0x05, 0x28, 0x32, 0x14, 0xFC, 0x04, 0x10, 0x32, 0xF0, 0xE8, 0x06,
    0x07, 0xCB, 0x21, 0x04, 0xF6, 0xEB, 0x1C, 0x00, 0x12, 0x03, 0xF4, 0x2C,
    0xE0, 0xE4, 0x18, 0xE6, 0x03, 0xDB, 0xFF, 0x03, 0x1F, 0xFE, 0x93, 0x05,
    0xC7, 0x25, 0xD5, 0x0C, 0x4D, 0xFB, 0x50, 0xD1, 0xF4, 0x00, 0x38, 0xFC,
    0xFA, 0xF3, 0xD7, 0x26, 0xE1, 0xEF, 0xCD, 0xFD, 0x0D, 0xE8, 0xFD, 0xE5,
    0x0D, 0xE0, 0xFA, 0xDA, 0x52, 0x0E, 0x06, 0xC6, 0x01, 0xC7, 0x23, 0x0E,
    0x14, 0x04, 0x2A, 0xF5, 0xFD, 0x16, 0x08, 0xCC, 0x10, 0x2C, 0x0D, 0x19,
    0x0B, 0x01, 0xC7, 0x03, 0xCC, 0xED, 0xC7, 0xD5, 0xFD, 0xB8, 0xEA, 0x14,
    0x37, 0xF6, 0xCB, 0x26, 0xF2, 0xEA, 0x04, 0x1F, 0xE6, 0x0A, 0x14, 0xDC,
    0xD3, 0xEA, 0x3B, 0x12, 0x29, 0x2F, 0x4C, 0x29, 0x0A, 0x0D, 0xFC, 0x03,
    0x18, 0xEE, 0x10, 0xFB, 0x1F, 0xF2, 0xF8, 0x13, 0xD6, 0x19, 0x16, 0xF8,
    0xF0, 0xF0, 0x01, 0xDD, 0xEB, 0x01, 0x05, 0xEF, 0x19, 0x02, 0xC7, 0x17,
    0xE6, 0xF6, 0xE7, 0x29, 0x31, 0xD1, 0x11, 0xFE, 0xE9, 0x0A, 0x0B, 0x1E,
    0x18, 0x0F, 0x11, 0xE7, 0x1D, 0xFA, 0xE9, 0xEC, 0xC2, 0xE8, 0xE3, 0xEB,
    0x1E, 0xCD, 0x2B, 0xDF, 0x2D, 0x26, 0x6A, 0xEF, 0xF8, 0xD8, 0xEB, 0xD1,
    0xDE, 0xFE, 0x10, 0xE4, 0xDC, 0x06, 0xBC, 0xF1, 0xCF, 0xE3, 0x38, 0xE5,
    0xF5, 0x30, 0xD0, 0x2C, 0xEB, 0xF0, 0xEB, 0x27, 0xEE, 0x27, 0x13, 0x07,
    0xFE, 0xF5, 0x3D, 0x02, 0x08, 0xF6, 0x1D, 0xFF, 0xDD, 0xF7, 0xEC, 0x16,
    0x08, 0xF8, 0xFD, 0xEA, 0x23, 0x0D, 0xF9, 0x3F, 0xD8, 0x57, 0x1B, 0x04,
    0x03, 0x14, 0xBC, 0xDB, 0x13, 0xE9, 0x39, 0xD4, 0x00, 0xED, 0x20, 0xD9,
    0x01, 0xE5, 0xFD, 0x15, 0x08, 0x1E, 0x06, 0xFB, 0x30, 0xD9, 0x21, 0x20,
    0xE0, 0xDC, 0x4B, 0xC2, 0xCD, 0x0C, 0xCB, 0xF3, 0xCF, 0x0C, 0xFF, 0xFE,
    0x3E, 0xD9, 0x43, 0xEA, 0xF0, 0xFF, 0xFE, 0xE1, 0xFA, 0xF2, 0x2A, 0xFF,
    0xEA, 0xE6, 0x0A, 0xC9, 0xF8, 0x34, 0x11, 0xF6, 0xCD, 0x05, 0x19, 0x12,
    0x26, 0x2E, 0xE4, 0xD1, 0x32, 0xCB, 0x05, 0xFE, 0x01, 0xFE, 0x10, 0x35,
    0x2E, 0xBA, 0x40, 0xD9, 0xD8, 0xBE, 0xEE, 0x34, 0xDC, 0x07, 0x1F, 0xE4,
    0x0E, 0x1C, 0xBA, 0xA7, 0xA0, 0x00, 0x3C, 0xDB, 0xF2, 0x29, 0x16, 0x10,
    0xEA, 0xED, 0x11, 0x1B, 0xEE, 0x5D, 0x10, 0xEE, 0x24, 0xF0, 0x10, 0x00,
    0x0E, 0xC6, 0x36, 0xE6, 0xCC, 0xE8, 0x06, 0x05, 0xFA, 0xFD, 0xD7, 0xE9,
    0x10, 0xF1, 0x3A, 0x12, 0x07, 0x12, 0xE8, 0x0D, 0xCE, 0x0E, 0xCF, 0x24,
    0x24, 0xE0, 0xE6, 0xED, 0x01, 0xF7, 0x09, 0x1A, 0x1D, 0x00, 0xF1, 0x55,
    0xDC, 0x1D, 0x01, 0x50, 0x46, 0xDF, 0x12, 0x01, 0xDD, 0xD1, 0x02, 0xE8,
    0x1D, 0x0D, 0xB5, 0x08, 0x42, 0xDC, 0xEF, 0x65, 0xD2, 0xEE, 0x20, 0xFD,
    0xE1, 0xA7, 0x27, 0x00, 0x21, 0xDA, 0xD2, 0x01, 0xAD, 0xDE, 0x08, 0x45,
    0xE9, 0x00, 0xC2, 0xCF, 0xF7, 0xFE, 0x04, 0xD8, 0x2B, 0x1E, 0x04, 0x01,
    0xE0, 0xF4, 0x36, 0x1B, 0x0D, 0x21, 0x08, 0x06, 0xD2, 0x27, 0x1C, 0x08,
    0xED, 0xFA, 0x0B, 0xF0, 0x31, 0xFB, 0xEA, 0x54, 0xFF, 0xD9, 0x0F, 0xF2,
    0xF3, 0x20, 0xF8, 0xDE, 0xE4, 0x3D, 0x09, 0x24, 0x11, 0xBC, 0x1A, 0x12,
    0xC8, 0x90, 0x57, 0x25, 0xD0, 0xEF, 0x02, 0x0A, 0xE3, 0x01, 0xE2, 0x01,
    0x22, 0x0F, 0x49, 0x40, 0x31, 0xF6, 0xF7, 0xD3, 0xEA, 0xDA, 0xC0, 0x31,
    0xC4, 0xD2, 0x0B, 0xD6, 0x07, 0x17, 0x49, 0x8E, 0xDA, 0x2A, 0x25, 0xF6,
    0xB4, 0xF1, 0x0F, 0x00, 0x19, 0x1E, 0xE4, 0xFE, 0xF6, 0x35, 0xBB, 0xF8,
    0x57, 0xB7, 0xD9, 0xE8, 0x12, 0x24, 0xE3, 0x1C, 0x1B, 0x05, 0xBD, 0x0C,
    0x3E, 0xA3, 0x2F, 0x04, 0xC1, 0xC4, 0x44, 0x2B, 0xC3, 0xDF, 0xD9, 0x3A,
    0xD8, 0x09, 0x14, 0x1B, 0x3E, 0x0F, 0xEC, 0x26, 0x10, 0xFA, 0x0C, 0x1E,
    0xDE, 0x16, 0xDF, 0xE1, 0xD3, 0x2E, 0x08, 0xCB, 0xF0, 0xCD, 0x28, 0x1B,
    0xD1, 0x1C, 0x18, 0xB9, 0x13, 0xE9, 0x1A, 0x45, 0xD8, 0xBB, 0xCC, 0x2B,
    0xF7, 0x06, 0xF1, 0x02, 0xDF, 0x07, 0xDD, 0x08, 0xFA, 0x00, 0x01, 0x0F,
    0x07, 0x00, 0x14, 0x09, 0xF1, 0x04, 0x09, 0x0B, 0x12, 0xF3, 0xF3, 0xED,
    0xEE, 0xBD, 0x13, 0x1C, 0xEC, 0xF7, 0x3C, 0x13, 0xCB, 0x3E, 0x0B, 0x2B,
    0xD3, 0xFC, 0xF3, 0x22, 0x06, 0xB4, 0x36, 0x12, 0xE2, 0x0F, 0x25, 0x2F,
    0xC0, 0xF5, 0xFA, 0xDC, 0xF0, 0xE5, 0x36, 0xF3, 0xC0, 0xE6, 0xB7, 0x24,
    0xE8, 0x07, 0x1B, 0x30, 0xD4, 0x20, 0x10, 0x27, 0x1B, 0xEE, 0xAD, 0x00,
    0x21, 0xF6, 0x08, 0xFA, 0x29, 0x1D, 0xEA, 0x0B, 0xEB, 0xF5, 0xDA, 0xDD,
    0xFF, 0xE7, 0x1F, 0x10, 0xF0, 0x25, 0x04, 0x1E, 0x0E, 0xFD, 0xFC, 0xD6,
    0xD9, 0x3E, 0x17, 0xDD, 0x32, 0x13, 0xE2, 0xFF, 0x53, 0xC7, 0x1B, 0x35,
    0xD6, 0x59, 0xC6, 0x20, 0xDE, 0x03, 0xE9, 0x15, 0xD0, 0xE6, 0x24, 0x09,
    0xC4, 0xBF, 0xD4, 0x01, 0x33, 0xD3, 0xF1, 0x08, 0xC3, 0xDE, 0x01, 0x54,
    0xFD, 0xF6, 0xEF, 0x04, 0x1C, 0x03, 0xE7, 0x22, 0x18, 0xE1, 0x31, 0xFC,
    0xE1, 0x19, 0x1A, 0xEC, 0xCB, 0x00, 0x13, 0xF0, 0x14, 0x05, 0x05, 0x0F,
    0x11, 0xF9, 0xE2, 0xF5, 0x18, 0xA1, 0xD5, 0x0E, 0x0E, 0xFF, 0xE3, 0xCC,
    0x30, 0xFE, 0xFD, 0x54, 0xD9, 0x50, 0xF8, 0x2B, 0xF4, 0x11, 0xC2, 0xE1,
    0x05, 0x14, 0x3F, 0xEB, 0x0C, 0xBF, 0x01, 0xCA, 0x12, 0x06, 0xF1, 0xF4,
    0x22, 0xD5, 0xDD, 0x1D, 0xE1, 0xF6, 0xE3, 0x17, 0x1C, 0xE6, 0xF1, 0x17,
    0xCC, 0x73, 0x1B, 0xE3, 0xF3, 0x07, 0x08, 0xDB, 0xDE, 0xE7, 0x3E, 0xF7,
    0xFE, 0xE6, 0x06, 0xE2, 0x24, 0xD4, 0x0F, 0x02, 0x05, 0x30, 0x0A, 0xED,
    0x12, 0x13, 0xED, 0x16, 0x04, 0x04, 0xD8, 0x0F, 0xDF, 0x10, 0xFC, 0xDF,
    0xF2, 0x07, 0x06, 0xFD, 0x15, 0xE5, 0x25, 0xCE, 0xF9, 0xEA, 0xFB, 0xF6,
    0x1E, 0xEE, 0xE9, 0xDD, 0xFC, 0xD0, 0xED, 0x18, 0x13, 0x14, 0xF8, 0x01,
    0xDB, 0x0B, 0xE8, 0xEF, 0xE1, 0xFF, 0x2E, 0x40, 0xE1, 0xE1, 0x33, 0x1B,
    0x02, 0xB8, 0x24, 0xFD, 0xF0, 0x26, 0xF3, 0xFC, 0x0E, 0xEE, 0xD1, 0xF8,
    0x11, 0xE1, 0x2A, 0xF4, 0x17, 0xEF, 0x02, 0xFA, 0x02, 0xDB, 0xEE, 0x14,
    0xE3, 0x05, 0x0C, 0x01, 0xFA, 0x11, 0x04, 0x11, 0xF8, 0x2C, 0x11, 0xE5,
    0xFD, 0x13, 0xDB, 0xE9, 0x29, 0xFF, 0xF6, 0x01, 0x20, 0x01, 0xF3, 0x32,
    0x39, 0xC8, 0xBC, 0x04, 0x4D, 0x09, 0xF1, 0xFA, 0xD6, 0xF8, 0x0B, 0xCE,
    0xD9, 0x19, 0xF9, 0x3E, 0x18, 0xEE, 0x13, 0xFA, 0xFF, 0x1A, 0x10, 0xE1,
    0xC1, 0x10, 0xF4, 0x12, 0xFD, 0xFF, 0xD5, 0x19, 0xB8, 0x09, 0xC9, 0x22,
    0x09, 0xA5, 0x23, 0xFD, 0xD2, 0x1C, 0x52, 0xE6, 0xD7, 0x2E, 0x1E, 0x26,
    0x02, 0xF3, 0x27, 0xFE, 0x06, 0x14, 0x28, 0xE1, 0xE3, 0x17, 0xE4, 0xDF,
    0x05, 0xF0, 0x0F, 0x12, 0x22, 0x1E, 0xEA, 0xEC, 0xB2, 0xFA, 0x14, 0x1E,
    0x0D, 0x27, 0xFD, 0xF2, 0x34, 0xA4, 0xED, 0xE6, 0xFF, 0xFD, 0x41, 0x1E,
    0xD3, 0xE2, 0x36, 0x0A, 0xE8, 0xCB, 0xDD, 0xD2, 0x02, 0xE9, 0x19, 0xFC,
    0x1D, 0xFB, 0xE1, 0xEE, 0xD8, 0xDF, 0xFB, 0xDC, 0x11, 0xF5, 0x1B, 0xDB,
    0xE2, 0xE1, 0x25, 0xCD, 0x1A, 0x11, 0x32, 0x1A, 0xEF, 0x03, 0x37, 0x18,
    0x2C, 0xF3, 0xFE, 0x00, 0xEE, 0x31, 0x26, 0xC0, 0x26, 0x30, 0x33, 0x44,
    0xFF, 0xD6, 0xEE, 0xEC, 0xFE, 0x0B, 0x03, 0xB8, 0xF4, 0xF5, 0x1B, 0x02,
    0xBF, 0x0E, 0x49, 0xD4, 0xFB, 0xC7, 0xF3, 0x0D, 0x05, 0xD5, 0xD4, 0x0E,
    0xE8, 0x36, 0xF2, 0xF7, 0xFE, 0x02, 0x01, 0xF4, 0xFA, 0x10, 0xF8, 0xF9,
    0x01, 0x16, 0xF5, 0xEE, 0x01, 0xE5, 0xF2, 0x05, 0xFB, 0xF2, 0x12, 0xF2,
    0xFB, 0x09, 0x24, 0x03, 0x02, 0x0E, 0xF6, 0xF6, 0xDA, 0x15, 0x2E, 0xE2,
    0xF9, 0xA9, 0x04, 0x22, 0x02, 0xED, 0xDA, 0x11, 0xE0, 0x1D, 0x1B, 0x15,
    0xF2, 0x26, 0x16, 0x16, 0x0E, 0x32, 0x08, 0x14, 0x02, 0xEA, 0xDA, 0xD3,
    0x1F, 0xE4, 0x10, 0xE8, 0xFF, 0xCB, 0x03, 0xF3, 0x01, 0x27, 0xD7, 0x10,
    0xF2, 0x03, 0x09, 0x14, 0xF1, 0x01, 0x11, 0x12, 0x0F, 0x07, 0x06, 0x0B,
    0xF3, 0xEC, 0x25, 0x13, 0xEF, 0xEC, 0x10, 0xF8, 0x06, 0xF7, 0xF1, 0x06,
    0x2B, 0x10, 0x02, 0x06, 0x21, 0x38, 0x0E, 0xF6, 0x0A, 0x21, 0xED, 0xFF,
    0xF4, 0xF1, 0x32, 0xC8, 0xC9, 0xE7, 0x12, 0x2F, 0xBD, 0xFA, 0x10, 0x29,
    0x0C, 0xF3, 0x03, 0xEA, 0x08, 0x16, 0xF1, 0xAE, 0xEE, 0x0F, 0xFE, 0x10,
    0x20, 0x2E, 0xF6, 0xDD, 0xF0, 0xFA, 0xFA, 0x2B, 0xFB, 0x48, 0xEE, 0x1C,
    0xEE, 0xE4, 0xD4, 0xCD, 0xE3, 0x08, 0x39, 0x06, 0xD8, 0x08, 0xF5, 0xE1,
    0x1E, 0x2F, 0xEB, 0xD8, 0xF1, 0xF8, 0x1E, 0x09, 0x19, 0xD2, 0x24, 0x0A,
    0xF7, 0xC9, 0x04, 0xFB, 0x0B, 0x12, 0xE2, 0x33, 0x0B, 0x1D, 0xEA, 0xEA,
    0xF7, 0xE1, 0x05, 0x01, 0x12, 0xFD, 0x11, 0x1A, 0xCF, 0x04, 0x06, 0x13,
    0xF5, 0xE5, 0x07, 0xE0, 0x04, 0x21, 0x11, 0xF3, 0xF7, 0x39, 0x18, 0x10,
    0xF7, 0x16, 0xEB, 0xE8, 0xE7, 0xFB, 0x22, 0x21, 0xF0, 0x16, 0xEF, 0xF3,
    0x0B, 0xE4, 0x14, 0xB9, 0x06, 0xF0, 0xDD, 0x18, 0xDC, 0x0C, 0xF5, 0x05,
    0x19, 0x07, 0x09, 0x1F, 0x34, 0x01, 0xD8, 0x4D, 0x10, 0x00, 0xF7, 0x20,
    0xE8, 0xF9, 0x1B, 0xE5, 0xE3, 0xAF, 0xEA, 0x41, 0xE0, 0xF1, 0xE7, 0xBF,
    0x0F, 0xFD, 0x04, 0x31, 0x1B, 0xE0, 0xEC, 0xE8, 0xFD, 0xC1, 0x13, 0xC6,
    0xF7, 0x07, 0x1B, 0xF6, 0xEE, 0x22, 0x02, 0xF0, 0xF2, 0x3F, 0x14, 0x1D,
    0x06, 0x00, 0xFD, 0xC7, 0xFF, 0x0A, 0x11, 0x1C, 0x0D, 0xEB, 0x00, 0x08,
    0xF6, 0xF2, 0xA5, 0xDC, 0xD3, 0xDD, 0xF4, 0xCB, 0x1D, 0xF8, 0xFA, 0xD6,
    0xF8, 0x36, 0xCF, 0xF7, 0x23, 0x3A, 0x07, 0x29, 0x0E, 0x03, 0xFB, 0x4B,
    0xD3, 0xEE, 0x2A, 0x0C, 0x39, 0x01, 0xD9, 0x20, 0x14, 0x00, 0xF5, 0x42,
    0xCF, 0x1D, 0xC0, 0xF6, 0x01, 0xC3, 0x02, 0xD5, 0xC4, 0xF1, 0xED, 0x11,
    0x03, 0xF3, 0xE9, 0xF5, 0x17, 0x36, 0x3E, 0xCE, 0xBB, 0x13, 0x50, 0xFE,
    0x25, 0xFF, 0x01, 0x40, 0xFD, 0xD0, 0xBC, 0x0B, 0x10, 0x02, 0x25, 0xBA,
    0xE5, 0x19, 0xF5, 0x3C, 0xD8, 0x43, 0xFB, 0x19, 0x10, 0x00, 0xC1, 0xCA,
    0x0A, 0x1A, 0x52, 0xFD, 0x26, 0x0C, 0xD3, 0xD9, 0x03, 0x35, 0xDC, 0xB2,
    0x17, 0x27, 0x19, 0x04, 0x13, 0xF4, 0xFF, 0xEC, 0x08, 0xF7, 0xDB, 0x0E,
    0x27, 0xD6, 0x37, 0xF8, 0xDF, 0xF9, 0x05, 0xEE, 0xF9, 0xFE, 0x0B, 0x29,
    0x2C, 0xA2, 0x03, 0xDB, 0xE7, 0xEC, 0x1F, 0x16, 0xDC, 0xE3, 0x01, 0x34,
    0xBB, 0xC7, 0xDF, 0x1C, 0x1C, 0x3B, 0xBE, 0xE8, 0x00, 0x74, 0x10, 0xC5,
    0xD1, 0x2E, 0xDC, 0xEC, 0xFF, 0xE7, 0x2F, 0x13, 0xAD, 0xCF, 0x1E, 0xE9,
    0x39, 0xF9, 0xEF, 0x44, 0x1F, 0x15, 0x2A, 0x05, 0xE9, 0xDA, 0x0A, 0xD1,
    0xFB, 0x15, 0xFA, 0xFB, 0x1D, 0x00, 0xB9, 0x15, 0xF0, 0x32, 0xF7, 0xE7,
    0xED, 0xB7, 0x08, 0x0B, 0xF6, 0xF1, 0x23, 0xF6, 0x03, 0x0A, 0x13, 0xEC,
    0xF8, 0x23, 0xD0, 0x02, 0xF3, 0x15, 0xDC, 0xE3, 0xE4, 0x2B, 0x14, 0x14,
    0x07, 0xF8, 0x04, 0xFD, 0xF5, 0x05, 0xEA, 0xEA, 0x17, 0xF4, 0x1F, 0xFB,
    0x01, 0xB7, 0x2F, 0x1A, 0x0A, 0xF8, 0xFA, 0x29, 0x0A, 0x0B, 0xE6, 0xDA,
    0x01, 0x25, 0x0A, 0x0F, 0x15, 0xE8, 0x39, 0xEE, 0xF9, 0x41, 0x0E, 0xF4,
    0xD9, 0xFE, 0xD6, 0x08, 0xCF, 0xFC, 0x2A, 0x9A, 0xCB, 0xB4, 0x15, 0x45,
    0x5A, 0xF0, 0xBF, 0x27, 0xE6, 0xFB, 0xFB, 0xFE, 0xF8, 0xFE, 0x02, 0x10,
    0x0C, 0x08, 0xF0, 0xF1, 0xF2, 0xFD, 0x19, 0x24, 0x12, 0x0D, 0x18, 0x01,
    0x00, 0x0C, 0xF0, 0xFB, 0x01, 0xBC, 0x19, 0x00, 0xEF, 0xF3, 0xFC, 0x16,
    0xF3, 0x31, 0x3A, 0x1D, 0xF8, 0x02, 0x2B, 0xFE, 0xE2, 0x1A, 0xF2, 0x23,
    0xC4, 0x23, 0xD7, 0xF4, 0xF4, 0x20, 0x06, 0xF0, 0xFC, 0xF2, 0x03, 0xCB,
    0xDA, 0xDB, 0x9A, 0x18, 0x12, 0xB9, 0x19, 0xD0, 0x2D, 0x11, 0x20, 0x05,
    0xE2, 0x28, 0xEB, 0xE8, 0xDA, 0x2F, 0xD5, 0x10, 0x02, 0xEE, 0xC8, 0xD6,
    0xE1, 0xEB, 0x10, 0x12, 0x02, 0x01, 0xEE, 0x08, 0x08, 0x2C, 0xF8, 0xFB,
    0x09, 0x0B, 0xEB, 0x05, 0xCA, 0x05, 0xF8, 0x15, 0x10, 0x1F, 0xF0, 0x05,
    0x21, 0xF6, 0x0E, 0xF1, 0x0D, 0xE3, 0x99, 0xCB, 0xD6, 0x0D, 0xF3, 0xE8,
    0x09, 0x3F, 0x36, 0xEC, 0xFC, 0x01, 0x42, 0x01, 0x48, 0xC7, 0x24, 0x16,
    0xB4, 0x1A, 0xCE, 0x2C, 0x68, 0xF0, 0xE8, 0x81, 0xC0, 0x1B, 0x0C, 0xE5,
    0x46, 0x17, 0xD0, 0x08, 0x41, 0x31, 0x02, 0xDF, 0xA2, 0xE9, 0x4B, 0xFD,
    0x06, 0xBB, 0xFC, 0x25, 0x1F, 0xF3, 0x31, 0x08, 0x15, 0xF3, 0xDD, 0xD3,
    0x06, 0x13, 0xE5, 0x02, 0xD2, 0x23, 0xA5, 0x00, 0x21, 0x19, 0xE2, 0x13,
    0x09, 0x12, 0x1B, 0x08, 0x38, 0x17, 0x0E, 0xED, 0x12, 0x17, 0x1E, 0x11,
    0xF3, 0xC0, 0xFF, 0xDB, 0xD0, 0x04, 0xCF, 0x12, 0x1D, 0x14, 0xC9, 0x21,
    0xF4, 0xE5, 0x2C, 0x54, 0xFC, 0x17, 0x02, 0xB5, 0xFB, 0xC7, 0xF9, 0x08,
    0xF8, 0xFC, 0xF0, 0x23, 0xE9, 0xED, 0x01, 0x1A, 0xF0, 0x40, 0x04, 0xF9,
    0xE7, 0xFB, 0x9C, 0xD8, 0x19, 0x0C, 0x06, 0xE1, 0x03, 0xF8, 0x1A, 0x14,
    0xF7, 0xF9, 0x21, 0x3E, 0xF8, 0xB7, 0x1A, 0xE8, 0x30, 0x04, 0x25, 0x28,
    0x0C, 0xF1, 0xDB, 0xFD, 0xF0, 0xF2, 0x19, 0x2E, 0xDC, 0xB5, 0x03, 0xF0,
    0x1E, 0xEA, 0x34, 0x19, 0x17, 0xEA, 0x20, 0x0B, 0xF2, 0xD9, 0x2B, 0x09,
    0x2C, 0x19, 0x07, 0x14, 0x1C, 0xE6, 0xD7, 0xF5, 0xDC, 0xB7, 0x33, 0x17,
    0xD7, 0xCC, 0x19, 0x23, 0x21, 0x05, 0xCC, 0x35, 0x35, 0x08, 0x10, 0xDB,
    0xB4, 0xDC, 0x0C, 0x38, 0xD6, 0x4B, 0xCE, 0xED, 0x57, 0xB0, 0xEF, 0x02,
    0xEF, 0xC5, 0x3A, 0xFA, 0xAF, 0xA9, 0x2B, 0x2A, 0x0F, 0x13, 0xCC, 0x07,
    0xEA, 0x15, 0x0A, 0xD9, 0xF4, 0x51, 0xB7, 0xF1, 0xE6, 0x04, 0x0B, 0x1D,
    0x05, 0x2B, 0x33, 0x20, 0xD1, 0x54, 0xCD, 0xF4, 0xD8, 0x19, 0xEC, 0xDD,
    0xD7, 0x01, 0xF8, 0x02, 0x43, 0xE3, 0xE5, 0x00, 0x31, 0x18, 0xB6, 0xDA,
    0xC9, 0xC1, 0x0C, 0xFC, 0xAD, 0xE2, 0x27, 0xF5, 0xC6, 0x13, 0x04, 0x2D,
    0xBA, 0x2E, 0x03, 0x24, 0xCA, 0xE4, 0x08, 0x1C, 0x20, 0x02, 0x21, 0xF3,
    0x0E, 0x26, 0x3A, 0x1C, 0xF9, 0xF5, 0x27, 0xF9, 0xCF, 0x0B, 0xDA, 0x2F,
    0xFF, 0xE7, 0xEC, 0xFC, 0x07, 0x11, 0x2B, 0xF0, 0xF5, 0x01, 0x07, 0x09,
    0xF2, 0x08, 0x31, 0xCB, 0x01, 0xEE, 0x00, 0xC8, 0xD8, 0x50, 0x02, 0x1F,
    0x24, 0x06, 0xDE, 0x41, 0xED, 0x15, 0xEE, 0x1D, 0x25, 0xFB, 0x38, 0x18,
    0xAF, 0x2D, 0x02, 0xD5, 0xFB, 0x0E, 0x13, 0xD6, 0x9D, 0xDD, 0x00, 0xB3,
    0x12, 0xF5, 0x3C, 0xD5, 0xF8, 0x1D, 0xCB, 0x17, 0xDD, 0x08, 0xED, 0xF4,
    0xFA, 0xF6, 0xEC, 0x30, 0x24, 0xF6, 0xDC, 0xDE, 0x08, 0xEB, 0xEC, 0xEA,
    0xDF, 0xE4, 0xD3, 0x2F, 0xFB, 0xF9, 0x16, 0x29, 0xF5, 0xF0, 0x0F, 0x27,
    0x2D, 0xF5, 0x1C, 0xF1, 0xD9, 0xFF, 0xD1, 0xEE, 0xE1, 0xCA, 0xEF, 0x06,
    0x5A, 0xDF, 0xE0, 0x22, 0x09, 0x38, 0xC7, 0x07, 0x27, 0xD8, 0xF1, 0x39,
    0x02, 0x10, 0x42, 0x12, 0xF5, 0xEE, 0xEE, 0xC8, 0x04, 0x3F, 0xED, 0x15,
    0xCD, 0x33, 0xD1, 0x1D, 0x2D, 0xF4, 0xE3, 0xD0, 0xFF, 0xFD, 0x2D, 0x0F,
    0x01, 0x22, 0xD8, 0x14, 0x04, 0x41, 0x15, 0xD4, 0xFB, 0x22, 0x08, 0xF6,
    0xC4, 0x10, 0xDF, 0x3C, 0xE5, 0xCC, 0xF7, 0xF6, 0xF9, 0xBE, 0xF1, 0x05,
    0x00, 0x1C, 0x30, 0x07, 0x06, 0x1A, 0xF6, 0x00, 0xE1, 0x12, 0xF1, 0x07,
    0xFE, 0xF3, 0x31, 0xEB, 0x03, 0xF9, 0xF8, 0xD4, 0x08, 0x06, 0x04, 0xDD,
    0xFB, 0xE9, 0x16, 0x1C, 0x29, 0xF4, 0xE8, 0xE4, 0xF8, 0xF8, 0x27, 0xD9,
    0xF6, 0x1D, 0xEB, 0x11, 0xFE, 0xF3, 0x17, 0xC5, 0xDD, 0x0B, 0xE6, 0x05,
    0xE9, 0xBE, 0xE7, 0xF0, 0x09, 0x05, 0xFC, 0xFF, 0x16, 0x42, 0x1B, 0x66,
    0x11, 0xE2, 0x01, 0xDE, 0x06, 0x07, 0x2C, 0xDF, 0xD0, 0x31, 0x2D, 0x3C,
    0xD9, 0x12, 0x0F, 0xD6, 0xC3, 0xFF, 0x12, 0x00, 0xEA, 0xA6, 0xF6, 0x01,
    0xF7, 0x15, 0xF6, 0xF4, 0x11, 0xEB, 0xF8, 0x31, 0xF9, 0xE9, 0x05, 0x0A,
    0x12, 0xF2, 0xEE, 0x1B, 0xF5, 0x23, 0x09, 0x15, 0xF4, 0xFB, 0x0E, 0x11,
    0xEE, 0xF6, 0x0C, 0xF9, 0x11, 0xFD, 0xF2, 0x07, 0xFC, 0xD1, 0x17, 0xFC,
    0xEE, 0xF0, 0x10, 0xFF, 0xF9, 0x22, 0x02, 0x06, 0xC0, 0x27, 0xC1, 0x27,
    0x3F, 0x9C, 0x2D, 0x11, 0x0F, 0x27, 0xDE, 0x6D, 0xE5, 0xF9, 0xE3, 0x28,
    0xDD, 0xA1, 0x21, 0xC4, 0x91, 0xD6, 0x2C, 0xDD, 0x23, 0x10, 0xD0, 0x55,
};
static const int8_t k_blk0_fc2[32 * 96] __attribute__((aligned(4))) = {
    0xDF, 0xEB, 0x2B, 0x19, 0xF8, 0xDA, 0x0E, 0x1D, 0x16, 0xF9, 0x0C, 0x0C,
    0x33, 0xD1, 0x2F, 0x20, 0x31, 0x20, 0x00, 0x17, 0x04, 0xF3, 0x30, 0xF8,
    0xE5, 0x0B, 0x20, 0x0A, 0x18, 0x03, 0x04, 0x0D, 0x10, 0x22, 0x0C, 0x1E,
    0x15, 0xEF, 0xFA, 0x17, 0xF5, 0x0D, 0xF1, 0x02, 0xD6, 0xEF, 0xF0, 0x32,
    0x24, 0xDB, 0xF8, 0x09, 0x1B, 0xF6, 0x18, 0x04, 0xFA, 0xBD, 0xD6, 0x18,
    0xEF, 0xE3, 0x03, 0x12, 0xD9, 0x3A, 0x2B, 0x17, 0xFF, 0x1C, 0x0D, 0x1A,
    0xEC, 0xEB, 0xDD, 0xF5, 0xFF, 0x0A, 0x19, 0xDE, 0xF3, 0x30, 0xFA, 0x07,
    0x0E, 0x0C, 0x19, 0x06, 0xDC, 0x1A, 0xFB, 0x14, 0x2A, 0x2C, 0xFA, 0x03,
    0xD9, 0x03, 0xCE, 0xE6, 0xF2, 0xFF, 0x06, 0x05, 0xD0, 0x06, 0xF0, 0x17,
    0x32, 0xDA, 0x1D, 0xE8, 0xB6, 0x16, 0x08, 0x1D, 0xDE, 0xDD, 0x28, 0x23,
    0x08, 0x0B, 0x13, 0xDC, 0xD9, 0xF6, 0x19, 0x39, 0x00, 0xE3, 0x1A, 0x07,
    0x01, 0xF4, 0xF0, 0xF9, 0xDE, 0x22, 0x1B, 0x02, 0xEA, 0xF2, 0xFB, 0xEA,
    0xE1, 0x1B, 0xEE, 0xE0, 0x28, 0x00, 0xF7, 0xD3, 0x0F, 0x44, 0x17, 0xD7,
    0x01, 0x1D, 0xCC, 0x20, 0xE2, 0x1B, 0xF2, 0x18, 0x09, 0xF8, 0x1F, 0x03,
    0x36, 0xE8, 0xEB, 0x05, 0xEB, 0xF7, 0xEA, 0xE0, 0xFB, 0x04, 0xF2, 0x0B,
    0x00, 0xC0, 0x22, 0x1E, 0xF2, 0xFF, 0x08, 0x0F, 0x0B, 0x0B, 0x08, 0xF4,
    0xFF, 0xE2, 0x06, 0x16, 0xFF, 0x2C, 0x0C, 0x18, 0xF7, 0xEC, 0x26, 0xF9,
    0xF2, 0x10, 0x30, 0xFE, 0x04, 0x0F, 0x27, 0x0B, 0xD6, 0xFC, 0xF2, 0x05,
    0xE9, 0xFD, 0xEB, 0xF3, 0xEF, 0xF0, 0xDD, 0x17, 0xF6, 0xD9, 0xDE, 0xDD,
    0x36, 0x32, 0x03, 0x40, 0x28, 0x19, 0xE8, 0x41, 0xE6, 0xF7, 0xF8, 0x0A,
    0x0B, 0xE7, 0xFE, 0xF7, 0x1F, 0x21, 0xDF, 0xFF, 0xE3, 0xFF, 0xEE, 0x16,
    0xFD, 0x1B, 0x1D, 0xFB, 0x30, 0x0D, 0xF8, 0x46, 0x08, 0xC6, 0x2B, 0xF5,
    0x11, 0x5B, 0xD5, 0xE9, 0xF9, 0xCF, 0xF0, 0xE5, 0x0D, 0x08, 0xF6, 0xD7,
    0x0B, 0xC0, 0x24, 0x0B, 0xC0, 0x40, 0xE8, 0x00, 0xE9, 0xEE, 0x15, 0x21,
    0x1C, 0x11, 0xFF, 0xE2, 0xEB, 0x1D, 0x25, 0x16, 0x2A, 0xC6, 0xFF, 0xEA,
    0xCA, 0x33, 0xA1, 0x29, 0x18, 0xF6, 0x16, 0xF3, 0x04, 0x08, 0x28, 0x40,
    0x0B, 0xDD, 0xDC, 0xE6, 0x04, 0x05, 0xE8, 0xEA, 0xF0, 0xE9, 0x2F, 0x07,
    0xB5, 0x56, 0x04, 0xE0, 0xF5, 0x51, 0x01, 0xDB, 0xF6, 0xDF, 0x2B, 0xEC,
    0x03, 0xE1, 0x42, 0x07, 0xD3, 0x3E, 0xD9, 0x10, 0xEF, 0xD5, 0x06, 0x13,
    0x16, 0xEA, 0x0D, 0x01, 0xFC, 0x11, 0xF0, 0xFC, 0xE2, 0xF4, 0x6A, 0x1C,
    0x07, 0x15, 0x08, 0xDB, 0xE6, 0xDF, 0xE4, 0xDF, 0x10, 0x06, 0xFD, 0xC4,
    0x22, 0x2A, 0xE9, 0x43, 0x01, 0xD8, 0x39, 0x1F, 0xFA, 0x14, 0x1F, 0x11,
    0x10, 0xD7, 0x16, 0xB5, 0xF6, 0xE7, 0x3B, 0x1B, 0x3D, 0x3A, 0xF2, 0x08,
    0xFD, 0x01, 0x16, 0xFE, 0x05, 0x16, 0x13, 0xF0, 0x3B, 0x01, 0xB5, 0xD5,
    0x33, 0xF5, 0xC0, 0x16, 0x24, 0x24, 0x1A, 0xE7, 0xCC, 0xE1, 0xF5, 0x1C,
    0x40, 0xE7, 0x38, 0x48, 0xE9, 0x00, 0x1C, 0x17, 0x24, 0x1D, 0x26, 0x02,
    0x05, 0x0F, 0x10, 0xE4, 0x32, 0xED, 0x46, 0xEB, 0xD4, 0x14, 0xE0, 0x15,
    0xCC, 0x1A, 0xE8, 0xD8, 0xFE, 0xF5, 0x14, 0xE9, 0x0E, 0x0F, 0xC1, 0x03,
    0xFF, 0xF2, 0x0D, 0x02, 0x03, 0xCF, 0xF5, 0x11, 0xF3, 0x1F, 0xFC, 0x4E,
    0x3E, 0x35, 0xE2, 0xD8, 0xD9, 0xFE, 0xEF, 0xD0, 0xF3, 0xE7, 0x0E, 0x42,
    0xED, 0xFC, 0x22, 0xB1, 0x1A, 0xF7, 0x12, 0xE5, 0xFA, 0x13, 0xEE, 0x27,
    0xB3, 0x0B, 0x1D, 0xF7, 0xF9, 0x22, 0x05, 0x11, 0x14, 0xC3, 0x2C, 0xFE,
    0x14, 0x0F, 0xE5, 0x59, 0x23, 0xCF, 0xEB, 0xD2, 0xF6, 0x02, 0x2A, 0xF8,
    0x01, 0x05, 0x11, 0x33, 0x0D, 0xF9, 0x0C, 0x38, 0xFE, 0xEE, 0xE5, 0x12,
    0x03, 0x01, 0x22, 0xDC, 0xAA, 0xDB, 0x12, 0xFC, 0x23, 0x1C, 0xB3, 0x1F,
    0xE2, 0x14, 0xEC, 0xE6, 0x3A, 0xFD, 0x1D, 0xF6, 0x0B, 0xF2, 0xCE, 0xEE,
    0x2C, 0x05, 0x05, 0xFE, 0xE8, 0x30, 0xFC, 0x06, 0xEC, 0x2F, 0x01, 0x15,
    0x01, 0xEF, 0x02, 0xF8, 0xE9, 0xCA, 0x48, 0x1D, 0x1B, 0x33, 0xF6, 0xF2,
    0xEC, 0xDC, 0x12, 0xFD, 0xFF, 0x09, 0x9D, 0x26, 0xF1, 0x0B, 0x2B, 0x13,
    0xFF, 0xED, 0x07, 0x19, 0xE1, 0xE4, 0x0E, 0xF3, 0x34, 0x17, 0xDC, 0xC0,
    0xFD, 0xF5, 0xDB, 0x10, 0xE9, 0x11, 0x1B, 0x05, 0x12, 0x35, 0x1C, 0x0B,
    0xF5, 0xDD, 0xF1, 0x13, 0xE1, 0xF4, 0x15, 0xC7, 0xEC, 0x0E, 0x03, 0x05,
    0xE0, 0x23, 0x0E, 0x07, 0xF6, 0x54, 0xE4, 0xFC, 0x25, 0x12, 0xEF, 0xF3,
    0xF9, 0x0C, 0xEC, 0xF0, 0xE5, 0xFA, 0xEF, 0x1C, 0x06, 0x09, 0xC9, 0x33,
    0x07, 0x06, 0x02, 0x16, 0x17, 0xFF, 0x07, 0x03, 0x0A, 0xA1, 0xE6, 0x09,
    0xED, 0x45, 0x25, 0x16, 0xF1, 0x0D, 0xED, 0x12, 0x0A, 0x01, 0xFD, 0x03,
    0x27, 0x33, 0xFD, 0xB5, 0x09, 0x05, 0x1A, 0x0C, 0xEC, 0xFC, 0xCE, 0xEC,
    0x2B, 0xEA, 0xDF, 0x02, 0x24, 0xC8, 0x02, 0xE3, 0xE0, 0x31, 0x11, 0x3C,
    0xFE, 0xFF, 0xC7, 0x14, 0x07, 0xEF, 0x3B, 0x11, 0x4D, 0x16, 0x1E, 0xC3,
    0x11, 0xCC, 0x04, 0x18, 0xF3, 0x06, 0xE7, 0x21, 0x00, 0x09, 0xF9, 0x0F,
    0x23, 0x0C, 0x03, 0x26, 0x0A, 0x0C, 0x14, 0xF9, 0x0D, 0xDB, 0x0E, 0x00,
    0xE9, 0xFC, 0x1B, 0xFA, 0x03, 0xF2, 0xD4, 0x30, 0x08, 0x07, 0xDA, 0xE7,
    0xEB, 0x3B, 0x01, 0xEB, 0xEA, 0x12, 0xF3, 0x19, 0xDF, 0x25, 0x15, 0xCE,
    0xEA, 0x2A, 0xF6, 0xF4, 0xF4, 0xD6, 0x0E, 0xDD, 0xBE, 0x0F, 0xED, 0x24,
    0x33, 0xFC, 0x0A, 0x16, 0xFD, 0x25, 0x19, 0x32, 0xD5, 0x06, 0x0D, 0xDE,
    0xF3, 0xFC, 0xEA, 0x08, 0xFA, 0x28, 0x3A, 0xC5, 0x13, 0x1E, 0x25, 0x2E,
    0x02, 0x44, 0x3E, 0x0B, 0xF3, 0x1A, 0xE3, 0xFE, 0x39, 0xD1, 0x11, 0xCB,
    0xAD, 0x1F, 0x1C, 0xC0, 0x91, 0x12, 0xEE, 0xD1, 0xF9, 0x3E, 0xAF, 0x09,
    0xF5, 0x03, 0x18, 0x17, 0xF6, 0xFD, 0xEC, 0xF7, 0x10, 0x22, 0x0C, 0x3E,
    0x09, 0xFB, 0xE3, 0x2D, 0xD7, 0xFC, 0x48, 0x5F, 0x17, 0xDA, 0xFA, 0xE2,
    0x0B, 0x04, 0x08, 0xEB, 0x1A, 0x2C, 0x86, 0x29, 0xD5, 0xD9, 0xFF, 0xBF,
    0x13, 0x34, 0xF4, 0xD9, 0x09, 0x13, 0xF6, 0x15, 0xFD, 0xF1, 0xF5, 0x3D,
    0xCE, 0xED, 0xE0, 0x1C, 0x07, 0x1E, 0xE3, 0x2D, 0x12, 0xE3, 0x01, 0xF2,
    0x12, 0x16, 0xFA, 0x05, 0xFF, 0x22, 0xF3, 0x1F, 0x11, 0x24, 0x89, 0x2A,
    0x02, 0x1B, 0x41, 0x30, 0x1B, 0xFE, 0xFB, 0xF3, 0xC6, 0x22, 0xD4, 0xF5,
    0xEF, 0x3C, 0xB6, 0x0B, 0x14, 0x35, 0x12, 0x1A, 0xFD, 0x36, 0x3F, 0xE2,
    0x0A, 0xFD, 0xD1, 0xE7, 0x0D, 0xEB, 0xD2, 0xF7, 0x08, 0xFF, 0x2A, 0xF1,
    0xEA, 0xE9, 0xE2, 0xD7, 0xC8, 0xF7, 0x26, 0x32, 0xE2, 0x0F, 0x28, 0xFB,
    0x17, 0x36, 0xF9, 0x10, 0xF4, 0x0A, 0x47, 0xD6, 0x0B, 0x17, 0x23, 0xC9,
    0x17, 0x04, 0xDE, 0xF5, 0xF1, 0x15, 0x24, 0xD8, 0x3C, 0x0B, 0x05, 0x4D,
    0xE2, 0x27, 0x05, 0x6D, 0x36, 0xCB, 0x18, 0xD8, 0xE0, 0x42, 0xE1, 0x2C,
    0xDD, 0x1D, 0xE8, 0xF7, 0xFA, 0x37, 0xC7, 0xCA, 0x16, 0xD5, 0xDA, 0x3C,
    0x0A, 0xA8, 0x1C, 0xFB, 0xF2, 0xC9, 0x17, 0x13, 0xD6, 0x14, 0x23, 0xFC,
    0xEC, 0x35, 0xB8, 0xE7, 0x1C, 0xED, 0x02, 0xF6, 0xFD, 0x4F, 0x0A, 0x23,
    0x16, 0x16, 0xE6, 0x25, 0xCF, 0xC2, 0xFA, 0xF6, 0x2D, 0xDA, 0x2F, 0x0D,
    0x09, 0x18, 0xE4, 0x32, 0x2C, 0xD7, 0xE1, 0xE3, 0x0D, 0xF2, 0xA7, 0xF2,
    0xF9, 0x00, 0xEF, 0x2F, 0x14, 0x05, 0x13, 0xE2, 0x41, 0xEA, 0xE6, 0x01,
    0x46, 0xCD, 0x0C, 0x21, 0x1C, 0xF9, 0x32, 0x1B, 0xB8, 0xB0, 0x20, 0xEF,
    0x8E, 0xD0, 0xF4, 0xFE, 0x39, 0xE5, 0x1B, 0xD8, 0xF9, 0xFE, 0x21, 0xE4,
    0x3F, 0x07, 0x18, 0xF4, 0x0F, 0xBA, 0xEC, 0x25, 0xFE, 0xF6, 0xEB, 0xCF,
    0x3F, 0x6E, 0x07, 0x20, 0xD4, 0x3F, 0x2D, 0xDA, 0x12, 0xE3, 0x36, 0xFA,
    0x3D, 0x28, 0xC5, 0x0F, 0x1A, 0x1F, 0x2B, 0xD1, 0x12, 0xCE, 0xD4, 0xD5,
    0xF0, 0xE2, 0xE3, 0xFE, 0x18, 0x13, 0xC8, 0x16, 0xE5, 0x25, 0x02, 0xF7,
    0x03, 0xD0, 0x14, 0x0F, 0xD4, 0x36, 0x23, 0x42, 0xE1, 0xC1, 0xDC, 0xF4,
    0xF9, 0xE5, 0x13, 0x9F, 0x26, 0x48, 0x0A, 0x23, 0x0B, 0x0E, 0x05, 0xC2,
    0xD5, 0x3D, 0x0E, 0xCD, 0x2C, 0x2E, 0xD1, 0xFD, 0xF7, 0xFD, 0xFE, 0xCD,
    0x1A, 0x14, 0xF8, 0xEB, 0x30, 0x10, 0xCF, 0x08, 0x0A, 0x20, 0x1E, 0x2A,
    0xEE, 0x0A, 0xCE, 0x22, 0x15, 0xFC, 0x08, 0x2F, 0xCC, 0x09, 0xEC, 0xFF,
    0xD8, 0xF7, 0x16, 0xDE, 0xE9, 0xF8, 0x0C, 0x2C, 0x05, 0x22, 0x22, 0x08,
    0xF4, 0x09, 0xE6, 0x02, 0xB2, 0xC5, 0xE5, 0x08, 0xD0, 0xF6, 0x15, 0x13,
    0x09, 0xFD, 0xF1, 0x33, 0xFD, 0x07, 0x01, 0x10, 0xEF, 0xDC, 0x01, 0x13,
    0x16, 0xF9, 0xF7, 0x30, 0x36, 0xF7, 0xFC, 0xE2, 0x03, 0x15, 0xF5, 0xF6,
    0x11, 0x13, 0xE3, 0x14, 0x06, 0x0A, 0xFA, 0x18, 0xC3, 0xFE, 0xD9, 0xDA,
    0x15, 0xE5, 0xE8, 0x08, 0xE1, 0xD7, 0x04, 0x17, 0x1A, 0x31, 0xE7, 0xF6,
    0xF2, 0xED, 0xE3, 0xED, 0xE8, 0xE4, 0xCF, 0xF1, 0x01, 0x0B, 0xFC, 0xF2,
    0x00, 0xEB, 0xE7, 0xF5, 0xF7, 0x43, 0xDD, 0x0E, 0xF6, 0x2C, 0xC7, 0x05,
    0x2B, 0xBE, 0xF3, 0x03, 0x19, 0xFF, 0x04, 0xBF, 0xDE, 0x00, 0xD0, 0x05,
    0x2C, 0xEF, 0xE7, 0xBD, 0x9D, 0x14, 0x09, 0x1F, 0xD8, 0xCB, 0xE7, 0xB9,
    0x08, 0xEE, 0x10, 0xFE, 0xDE, 0x24, 0xD2, 0xC0, 0xD3, 0xF8, 0xFF, 0x18,
    0xFF, 0xC3, 0x14, 0x2C, 0x19, 0xCE, 0xF5, 0xCE, 0xA7, 0xF8, 0x40, 0xF4,
    0xFF, 0xE0, 0x0D, 0xF0, 0x19, 0xD6, 0xB7, 0xFD, 0x23, 0x26, 0x0C, 0xF2,
    0x04, 0xEC, 0xF8, 0x2E, 0xED, 0xBB, 0xDF, 0x00, 0x13, 0x22, 0x05, 0xCD,
    0x46, 0x2D, 0x08, 0x2D, 0xEF, 0xD6, 0xC7, 0xED, 0x00, 0x0A, 0x19, 0x05,
    0xF0, 0xF3, 0x0D, 0xF2, 0xFB, 0xD2, 0x23, 0x1D, 0xFB, 0xAB, 0x0A, 0x05,
    0x04, 0x04, 0xFB, 0xF5, 0x04, 0x00, 0xF6, 0xE3, 0xED, 0xFD, 0xFB, 0xFB,
    0xD7, 0x10, 0x3A, 0xDF, 0x23, 0xCA, 0x0B, 0x15, 0x06, 0x0A, 0xF1, 0x03,
    0x14, 0x0F, 0x06, 0xFE, 0xBC, 0x28, 0x08, 0x18, 0xDD, 0x05, 0xEF, 0x0F,
    0x00, 0x15, 0x28, 0x03, 0xCC, 0x11, 0xAC, 0x3C, 0x1E, 0x0E, 0xED, 0xF9,
    0x07, 0xF4, 0xEE, 0xD9, 0x2F, 0xF5, 0x11, 0xE2, 0xEE, 0x01, 0x19, 0x10,
    0x31, 0xEE, 0x00, 0xCB, 0x0A, 0x01, 0xEF, 0xE2, 0xE8, 0x3F, 0x02, 0xEB,
    0xFC, 0x04, 0xF3, 0xF0, 0xE9, 0x06, 0xFF, 0x0C, 0xC0, 0xEE, 0xEB, 0xD8,
    0xED, 0x0A, 0x0E, 0xF8, 0xE3, 0x03, 0xCF, 0x28, 0xDC, 0xF9, 0xF5, 0xF5,
    0x0D, 0x15, 0x2C, 0xF4, 0xF5, 0x3B, 0xCF, 0xE7, 0x24, 0xF5, 0xE1, 0xD8,
    0xFD, 0xE2, 0xD9, 0x0D, 0xD9, 0xFD, 0xE2, 0x0D, 0x4B, 0xEE, 0x05, 0xEB,
    0xF2, 0xFC, 0xF9, 0xDD, 0xF8, 0xC6, 0xF6, 0x1D, 0x0D, 0x09, 0x06, 0xEB,
    0x09, 0xE5, 0xFE, 0x02, 0xD9, 0xF3, 0x25, 0x15, 0xDD, 0xF8, 0xBA, 0x17,
    0xF0, 0xF4, 0x03, 0x02, 0xF4, 0xF0, 0xED, 0x31, 0xA3, 0xFF, 0x01, 0x0B,
    0x0B, 0xDF, 0x0A, 0x1C, 0x06, 0xE9, 0x00, 0x09, 0x30, 0xEE, 0xF7, 0xFB,
    0x08, 0x9A, 0xE6, 0xFF, 0x0D, 0x12, 0xCF, 0xEC, 0x3A, 0xF6, 0xFA, 0xEB,
    0x53, 0xE1, 0xEE, 0xFD, 0x0E, 0x1C, 0x08, 0xE6, 0xF5, 0x2E, 0x29, 0xEF,
    0xEB, 0x04, 0x34, 0x2A, 0x0A, 0xDF, 0x0D, 0x05, 0x3B, 0xB5, 0x01, 0x2B,
    0x1E, 0xE2, 0xFC, 0x00, 0xE7, 0xB5, 0xFC, 0xE8, 0x2D, 0xF8, 0x08, 0x02,
    0xFC, 0xEE, 0x14, 0xD8, 0x26, 0xD9, 0xC7, 0x02, 0xB3, 0x02, 0xD7, 0x00,
    0x50, 0xF6, 0x31, 0xE5, 0x16, 0xCC, 0x04, 0xDA, 0xFC, 0x05, 0xE1, 0x34,
    0xF7, 0xD5, 0xE3, 0xB9, 0xE2, 0xE9, 0x2A, 0xBD, 0x12, 0xF9, 0xF3, 0xFC,
    0xF8, 0x21, 0x03, 0xE3, 0x29, 0x28, 0x14, 0xEE, 0xF7, 0x0E, 0xF5, 0x03,
    0x13, 0x09, 0x28, 0x03, 0x1F, 0x1D, 0x09, 0x19, 0xDC, 0x1D, 0xF2, 0x0E,
    0x24, 0x04, 0xDF, 0xCE, 0x2D, 0x11, 0xEF, 0xEF, 0x37, 0x15, 0x19, 0xFD,
    0xF9, 0xEF, 0xEA, 0xD9, 0x07, 0xD0, 0x11, 0xBA, 0xD6, 0xFE, 0x0B, 0x0F,
    0xC4, 0x15, 0xE3, 0x03, 0xF1, 0xE7, 0x1A, 0x0A, 0x01, 0xE8, 0x11, 0xFF,
    0xE6, 0xF9, 0xEC, 0x26, 0x03, 0x05, 0x2A, 0xC7, 0xE6, 0x22, 0x44, 0x18,
    0xD6, 0x23, 0x0E, 0xE9, 0x0C, 0x14, 0x4C, 0x01, 0x13, 0x0A, 0xED, 0x01,
    0xDD, 0xD2, 0x14, 0xE6, 0xEC, 0xD5, 0xEA, 0xD6, 0x00, 0xF9, 0x43, 0x03,
    0x00, 0xEB, 0xF0, 0xF1, 0xF9, 0x11, 0xFD, 0x06, 0xF9, 0xEE, 0xF0, 0xDC,
    0x23, 0xD4, 0x07, 0x0A, 0xCF, 0x08, 0xEB, 0xEC, 0xCB, 0xCC, 0x09, 0xCB,
    0xF6, 0x23, 0x35, 0x13, 0x03, 0xF3, 0x1B, 0x10, 0x1F, 0xF3, 0xEE, 0xF0,
    0xED, 0x22, 0x1E, 0xF0, 0x3B, 0x3F, 0xD1, 0x30, 0xE0, 0x21, 0xB7, 0xF1,
    0x25, 0xEC, 0x25, 0x02, 0x2A, 0x2D, 0x0F, 0x37, 0xF1, 0xC9, 0xF8, 0x12,
    0x2A, 0xED, 0xDD, 0x01, 0x0A, 0x3D, 0xF7, 0xE5, 0x16, 0xCF, 0xF9, 0xFC,
    0xF6, 0xEF, 0x0F, 0xF4, 0xF7, 0x07, 0x1D, 0x10, 0x38, 0x00, 0xE9, 0x09,
    0xF8, 0xDB, 0xF3, 0x08, 0xF8, 0xDD, 0xC4, 0xE7, 0x31, 0xFF, 0x0A, 0x18,
    0xBE, 0xDC, 0x2D, 0x2D, 0xFE, 0x1F, 0xF2, 0xF8, 0xE9, 0xF7, 0xEA, 0x08,
    0x07, 0xFF, 0x1A, 0xE8, 0xF3, 0xD9, 0x23, 0xED, 0x0D, 0x09, 0x14, 0x2C,
    0xD4, 0x2E, 0xEF, 0x0D, 0xF6, 0x02, 0xF5, 0x06, 0x07, 0xFE, 0x43, 0xF5,
    0xDC, 0x26, 0xE5, 0xEC, 0x05, 0x17, 0xD3, 0x17, 0xE8, 0xB1, 0xC7, 0xF1,
    0x24, 0x12, 0xFD, 0x33, 0x0C, 0x12, 0xFB, 0xCD, 0xDB, 0xE2, 0xCD, 0x10,
    0x01, 0x0F, 0xE7, 0x0C, 0x06, 0xD1, 0x10, 0x1E, 0xD6, 0xE7, 0xFA, 0xFB,
    0xD6, 0x0A, 0xCB, 0x11, 0x14, 0x0C, 0x04, 0x0A, 0x0D, 0xBA, 0x00, 0x0F,
    0xD7, 0xF8, 0xEF, 0x40, 0x27, 0x18, 0x2A, 0x41, 0x11, 0xE4, 0x11, 0x11,
    0xF2, 0xEF, 0xD3, 0x36, 0x01, 0xE0, 0x29, 0x37, 0x4B, 0x52, 0x00, 0xB2,
    0xFB, 0x09, 0xEA, 0x24, 0x12, 0xE6, 0xE8, 0x03, 0x5B, 0x1F, 0x1E, 0x02,
    0xE4, 0x11, 0x1E, 0xEE, 0x05, 0xEB, 0xF9, 0xF9, 0x14, 0xE1, 0x4F, 0x27,
    0xFC, 0x06, 0xCC, 0xA0, 0xF1, 0x04, 0xB6, 0xFF, 0x47, 0x41, 0xAD, 0xE6,
    0xBD, 0xBD, 0x13, 0x01, 0x0D, 0x24, 0xDD, 0xAC, 0x10, 0xDB, 0xF8, 0xFA,
    0xDC, 0xF8, 0xF9, 0xF4, 0x19, 0xF7, 0xF2, 0xF9, 0x2A, 0x04, 0xD4, 0xE1,
    0x3B, 0x0D, 0x03, 0xF6, 0x17, 0xF4, 0xC0, 0xE7, 0x00, 0x3F, 0xE3, 0x25,
    0x11, 0xB2, 0xF5, 0x08, 0x07, 0x16, 0x12, 0xEE, 0x13, 0xEA, 0x23, 0x0B,
    0xEA, 0x03, 0xB7, 0xF7, 0x03, 0xD3, 0x3A, 0xCE, 0xCD, 0x03, 0x06, 0xB9,
    0x21, 0xF1, 0x0A, 0x32, 0xF4, 0xDD, 0xFE, 0xE5, 0xFE, 0x0A, 0x1D, 0xF3,
    0x07, 0x00, 0x2E, 0xE6, 0x05, 0xFB, 0x0B, 0x28, 0xFF, 0xE5, 0x01, 0x20,
    0xFD, 0xE3, 0x14, 0x22, 0xE1, 0xFD, 0xCF, 0xF2, 0x16, 0xFC, 0xCA, 0x0D,
    0xEA, 0x35, 0x35, 0x4E, 0x03, 0x20, 0x0D, 0xDA, 0x22, 0x03, 0x42, 0x0F,
    0xFA, 0xF4, 0x6B, 0xE6, 0x3B, 0x2F, 0x1B, 0x26, 0x32, 0x21, 0xF4, 0x02,
    0x10, 0xFA, 0xDD, 0x0C, 0x1E, 0x12, 0xE3, 0xB0, 0x12, 0x1C, 0x15, 0xFE,
    0x1B, 0xFF, 0x12, 0xF2, 0xDB, 0x16, 0xC2, 0x09, 0x07, 0x14, 0xFF, 0xE6,
    0xC7, 0x06, 0x0C, 0x50, 0x28, 0x1F, 0xDB, 0x2A, 0xFE, 0xFC, 0x2E, 0x01,
    0x11, 0xC6, 0xE5, 0xF7, 0xB1, 0x0A, 0xCB, 0xC4, 0x07, 0xBC, 0x27, 0x0B,
    0xCF, 0x01, 0xFB, 0x02, 0x11, 0x9E, 0xD4, 0xB1, 0x35, 0xDE, 0x1C, 0xF6,
    0x11, 0x0F, 0xEC, 0x20, 0x0A, 0xDE, 0xF2, 0xBF, 0x05, 0x28, 0x01, 0x08,
    0x0E, 0xFC, 0x4B, 0xE6, 0x73, 0xE9, 0x06, 0xEA, 0xF3, 0x55, 0x03, 0xAC,
    0xF3, 0xDD, 0xF4, 0xED, 0xDB, 0xED, 0x39, 0x07, 0xF9, 0xFD, 0xEC, 0xEB,
    0xED, 0x95, 0x0A, 0xFA, 0x06, 0xDF, 0xDC, 0xE1, 0x81, 0x12, 0x08, 0x04,
    0x0A, 0x09, 0x23, 0x1E, 0xE1, 0x04, 0x5C, 0x06, 0x35, 0xFC, 0xF7, 0x79,
    0xB6, 0xE0, 0xC8, 0xC2, 0x02, 0xD3, 0x2D, 0x0E, 0xDE, 0xCE, 0x09, 0x09,
    0x32, 0xFA, 0x14, 0xB7, 0xE4, 0x01, 0xC0, 0x06, 0xDC, 0x45, 0x0E, 0x1A,
    0x13, 0xCD, 0x1B, 0xF4, 0x07, 0x03, 0x1A, 0x42, 0xE7, 0x2C, 0xF4, 0xDA,
    0xEC, 0x4F, 0xD2, 0x29, 0x0F, 0x2A, 0x5E, 0x09, 0x04, 0x19, 0x40, 0x5C,
    0x06, 0x10, 0x1E, 0x01, 0xC9, 0xD2, 0x13, 0xF2, 0x30, 0xED, 0x07, 0x25,
    0x32, 0xF7, 0xCF, 0xED, 0xFD, 0x1E, 0x33, 0x45, 0x3C, 0xE7, 0xFB, 0x00,
    0xFC, 0x05, 0x1F, 0xFD, 0xE0, 0x0E, 0xEE, 0x03, 0x11, 0xF6, 0x33, 0x3E,
    0x04, 0x0B, 0x0A, 0x34, 0xD8, 0x70, 0x03, 0xC9, 0xEF, 0xBD, 0xFF, 0xF9,
    0xED, 0x04, 0x20, 0x27, 0x34, 0x00, 0x12, 0xF2, 0xFA, 0xCC, 0x02, 0xF0,
    0x1C, 0x23, 0x02, 0x04, 0xFD, 0xE7, 0x22, 0x0B, 0x11, 0xF3, 0xE3, 0x33,
    0x2E, 0x39, 0xEA, 0xB7, 0xFC, 0x13, 0xFA, 0x23, 0xD8, 0x1E, 0xF0, 0xEB,
    0x0B, 0x1B, 0x19, 0x27, 0xF7, 0x1B, 0x06, 0xCF, 0xEE, 0xE0, 0xEE, 0x1A,
    0xF3, 0x12, 0xF8, 0xF3, 0x03, 0xCE, 0x0D, 0x0B, 0x1F, 0x59, 0x23, 0xF8,
    0x14, 0x0D, 0xF5, 0xFB, 0x0A, 0xD8, 0xEE, 0x12, 0xF0, 0x0C, 0xEF, 0xFE,
    0x0F, 0x26, 0x09, 0xF9, 0x26, 0xEF, 0xD7, 0xE9, 0xFB, 0x16, 0xEA, 0xEE,
    0x15, 0x4E, 0x2C, 0x1B, 0xE0, 0x3B, 0xD1, 0x24, 0xF9, 0x07, 0x4C, 0xFA,
    0x0D, 0xF8, 0x24, 0x0A, 0xF8, 0x35, 0xFA, 0x10, 0x33, 0x0A, 0x2C, 0x33,
    0x14, 0xF9, 0x15, 0x07, 0x3F, 0x4D, 0x0E, 0xE4, 0x44, 0x08, 0xD1, 0xF6,
    0xF8, 0xD7, 0x04, 0x04, 0xED, 0xCC, 0x65, 0xBA, 0x3B, 0xB4, 0x0B, 0xEB,
    0xDD, 0x20, 0xE9, 0xF3, 0xF3, 0x61, 0x19, 0x39, 0xF9, 0x21, 0xE1, 0xF8,
    0xE2, 0xEA, 0x14, 0x98, 0x42, 0xEA, 0xD8, 0xF8, 0x08, 0xD9, 0x01, 0x3E,
    0x1A, 0x0E, 0x5A, 0xF2, 0xEC, 0xF8, 0xFE, 0xBC, 0xE9, 0x2C, 0x1E, 0x19,
    0xF1, 0x44, 0xFA, 0xFD, 0x04, 0xE7, 0xDC, 0xC1, 0x72, 0x0C, 0x0F, 0xCA,
    0x0C, 0xDB, 0xFB, 0xBB, 0xFA, 0x0B, 0x2A, 0x37, 0x0B, 0x31, 0xC7, 0xED,
    0x09, 0x10, 0xE7, 0xF3, 0x14, 0x07, 0xCC, 0x25, 0x0B, 0xEE, 0xF5, 0xD0,
    0x27, 0x1A, 0xCE, 0xFF, 0xF4, 0x2B, 0x1F, 0xFC, 0xF1, 0xEE, 0xF2, 0xD7,
    0xD6, 0xE2, 0x05, 0x17, 0xF3, 0xFE, 0xF8, 0x02, 0x0F, 0x29, 0x1F, 0x0C,
    0x0F, 0xEB, 0x03, 0xFA, 0xEA, 0xD9, 0x33, 0x0D, 0xE5, 0x42, 0x3D, 0xDC,
    0x2A, 0xE2, 0x1A, 0xDE, 0x21, 0x10, 0x13, 0x03, 0x02, 0x19, 0xF2, 0xE9,
    0x05, 0xFE, 0x01, 0xF9, 0xE7, 0x02, 0x13, 0xFB, 0x1A, 0x1E, 0x0F, 0x08,
    0x03, 0x21, 0x1B, 0x28, 0x03, 0xFB, 0x4D, 0xB0, 0xFE, 0x16, 0xF6, 0x30,
    0xF9, 0x1D, 0xF7, 0xF4, 0x2E, 0xE9, 0x0E, 0xFE, 0xEC, 0xF6, 0x07, 0x28,
    0x0F, 0x0C, 0x1C, 0x06, 0x20, 0xFE, 0xB3, 0xE9, 0xEF, 0xEF, 0xE0, 0x3F,
    0xD8, 0xF1, 0x10, 0xF6, 0xF8, 0xD2, 0xEE, 0xD6, 0xF6, 0xE8, 0x00, 0xDE,
    0x04, 0xFC, 0xF4, 0x3A, 0xEB, 0x01, 0xDB, 0x32, 0xE5, 0x17, 0xEE, 0x15,
    0x19, 0xCE, 0xEA, 0x0C, 0xF4, 0x03, 0xF1, 0x45, 0xD9, 0xD7, 0xD9, 0x01,
    0xE2, 0xE8, 0xF8, 0xEB, 0x2D, 0xF3, 0x0D, 0xFD, 0xEA, 0xF1, 0xE2, 0x13,
    0x00, 0xEA, 0xD4, 0x0E, 0x17, 0x0A, 0xFE, 0x11, 0x0A, 0xD3, 0xFD, 0x0C,
    0x17, 0xF4, 0x06, 0xC6, 0x0D, 0xF4, 0xFD, 0x0A, 0x02, 0x1F, 0xF9, 0xEC,
    0xF7, 0x06, 0xE2, 0x0D, 0x55, 0xDA, 0xF3, 0xF3, 0x1A, 0xE7, 0xB6, 0x3B,
    0x25, 0x22, 0x08, 0xE4, 0x16, 0x00, 0xE6, 0xEA, 0x0A, 0xE9, 0xD4, 0x3A,
    0xFB, 0x38, 0x0E, 0x18, 0xE3, 0x27, 0x08, 0xC4, 0x1A, 0xE9, 0x12, 0xD8,
    0xF6, 0xF4, 0xED, 0x04, 0x1E, 0x00, 0xD0, 0xEF, 0x0D, 0x0B, 0xFE, 0xF2,
    0xCC, 0x0B, 0xF1, 0xCB, 0x1A, 0x04, 0xF9, 0x01, 0x09, 0x0A, 0xE5, 0x09,
    0x37, 0xE0, 0x1E, 0xF4, 0x4E, 0x2B, 0xCF, 0xE2, 0x10, 0x0C, 0x06, 0x01,
    0x00, 0x0F, 0xEA, 0x02, 0xE2, 0xD1, 0x16, 0x21, 0x75, 0x05, 0x22, 0xE2,
    0x26, 0xFA, 0xD1, 0x14, 0x1F, 0x11, 0xF0, 0xE6, 0x08, 0x14, 0x38, 0xD4,
    0x01, 0x3C, 0x0F, 0xFC, 0xE2, 0xFF, 0x31, 0xB6, 0xCE, 0xFF, 0x22, 0x4B,
    0x02, 0x2E, 0x18, 0xEE, 0xF9, 0x3C, 0xFD, 0x15, 0x40, 0x04, 0x10, 0x19,
    0x20, 0x41, 0x0A, 0x26, 0x09, 0xD6, 0x27, 0x00, 0x1B, 0xF9, 0x0D, 0x2B,
    0xE3, 0x23, 0xF5, 0xF4, 0xEE, 0x15, 0xF5, 0xB5, 0x14, 0x15, 0xE7, 0xD6,
    0x18, 0xE3, 0x06, 0xD8, 0x04, 0xCE, 0x11, 0x2E, 0x4C, 0xED, 0x16, 0x08,
    0xF1, 0x02, 0x0B, 0x53, 0x06, 0xEB, 0xF1, 0x1F, 0xFE, 0xF0, 0xD4, 0xFE,
    0xEE, 0x37, 0x0B, 0x13, 0xDD, 0xF9, 0x06, 0x1F, 0xDA, 0x3B, 0x28, 0xE7,
    0xBF, 0x07, 0x2F, 0xD1, 0xF6, 0xF8, 0x25, 0x02, 0xF9, 0xE6, 0x37, 0xE5,
    0x11, 0xEA, 0x24, 0x30, 0x0E, 0xE3, 0x2B, 0xF6, 0xDA, 0x1F, 0xDB, 0x0C,
    0xFE, 0x33, 0xD3, 0xDD, 0xB1, 0xEF, 0x08, 0xDF, 0xEC, 0x08, 0xE9, 0xEB,
    0xCC, 0x42, 0x13, 0x08, 0x39, 0x23, 0xF4, 0xEE, 0xCF, 0x1D, 0xEF, 0x3B,
    0xEE, 0x1A, 0xEC, 0xFE, 0x01, 0xF6, 0x0B, 0xEE, 0xC3, 0x05, 0xDD, 0x0E,
    0xF4, 0xE6, 0x03, 0x16, 0x39, 0xC6, 0xE5, 0x16, 0x03, 0xDB, 0x2A, 0xC1,
    0x29, 0xE5, 0xE9, 0xF4, 0x05, 0x2B, 0x0A, 0xDE, 0x08, 0x23, 0xFC, 0x3D,
    0x05, 0x0C, 0xE6, 0x2F, 0x31, 0xD5, 0x09, 0xFF, 0x0A, 0xEB, 0xE0, 0xFE,
    0x30, 0x2B, 0xF5, 0xFE, 0xC9, 0x08, 0xE9, 0xC8, 0x26, 0xD0, 0x18, 0xFF,
    0xD6, 0xD5, 0x15, 0x44, 0x0B, 0xDE, 0x19, 0x5C, 0xF0, 0xAD, 0x1D, 0xDC,
    0x1C, 0xA7, 0x16, 0xE6, 0xD1, 0x0E, 0x1D, 0x07, 0xB8, 0xBB, 0xF5, 0x90,
    0xF5, 0x17, 0xCA, 0x3E, 0xC4, 0x18, 0x1B, 0x31, 0xD9, 0x0A, 0xC6, 0xD2,
    0x1F, 0xE7, 0xFC, 0xF6, 0xF5, 0xFA, 0xF6, 0xC1, 0x92, 0xD6, 0xD3, 0xBB,
    0x09, 0xD0, 0x1A, 0xD8, 0xDB, 0xEE, 0x27, 0xE6, 0x2E, 0xEC, 0x5A, 0x3E,
    0xD6, 0x13, 0x3C, 0x1D, 0xCD, 0xEE, 0x19, 0x31, 0x0B, 0xD2, 0x33, 0xE2,
    0x06, 0xED, 0x33, 0x1C, 0x08, 0xE9, 0x0A, 0x42, 0xD2, 0xE3, 0x2A, 0xF5,
    0x0F, 0xE6, 0x19, 0xEE, 0xCA, 0x16, 0xF8, 0x1B, 0xE0, 0x04, 0x37, 0xE9,
    0xD8, 0x0C, 0xFE, 0xF2, 0xCF, 0xD4, 0x09, 0x0F, 0xFE, 0x02, 0x17, 0xD4,
    0xD8, 0xE0, 0x01, 0xA6, 0x55, 0xCD, 0xCE, 0xED, 0xF2, 0x06, 0x0E, 0xBC,
};
static const int8_t k_blk1_qkv[96 * 32] __attribute__((aligned(4))) = {
    0x0D, 0xFF, 0x0C, 0x0D, 0x11, 0x04, 0xF2, 0xF4, 0x18, 0xFC, 0xE5, 0x0B,
    0xF6, 0x15, 0x12, 0xE6, 0xE0, 0x20, 0xE3, 0xE7, 0x02, 0x04, 0x1B, 0x05,
    0x1A, 0x09, 0xFF, 0xDE, 0x1F, 0xFB, 0x1F, 0xE3, 0x10, 0xF0, 0x07, 0x15,
    0x03, 0x00, 0xF9, 0x09, 0x07, 0xF9, 0xDF, 0xFD, 0xDF, 0x10, 0x1D, 0xEC,
    0xF0, 0x28, 0x09, 0xEB, 0x11, 0x01, 0x1D, 0xF7, 0x1C, 0x02, 0xFA, 0xE0,
    0x16, 0xEC, 0x02, 0xFB, 0x02, 0xF4, 0x02, 0x0B, 0x13, 0x01, 0xF4, 0xF5,
    0x06, 0x04, 0xF3, 0x0C, 0xE0, 0x0D, 0x12, 0xE7, 0xF3, 0x28, 0xF4, 0xF0,
    0x06, 0xF4, 0x22, 0x04, 0x21, 0xF1, 0xFA, 0xDF, 0x20, 0xFE, 0x0E, 0xF6,
    0xF3, 0xF3, 0xF6, 0xFA, 0x09, 0x0A, 0xFF, 0x04, 0xFB, 0x0B, 0x02, 0x12,
    0xD8, 0x06, 0x1C, 0x00, 0x00, 0x26, 0x03, 0x00, 0x13, 0xF0, 0x07, 0xF6,
    0x22, 0xD0, 0x0C, 0xDA, 0x01, 0xEA, 0x04, 0x0B, 0x08, 0xF1, 0xFB, 0x0D,
    0xFE, 0xF0, 0xF9, 0xE2, 0xFE, 0x0E, 0xDB, 0xDE, 0x08, 0x00, 0xFB, 0x06,
    0xF2, 0x26, 0x00, 0xEA, 0x02, 0x1F, 0x13, 0x02, 0xFA, 0xF3, 0x24, 0xFB,
    0x0E, 0xF9, 0x19, 0xFF, 0xF0, 0xDB, 0xE6, 0xF5, 0xE7, 0xF3, 0x0D, 0x1F,
    0xCA, 0x17, 0x21, 0xF9, 0xEB, 0xE4, 0xF9, 0x25, 0x31, 0xFB, 0x1B, 0x2C,
    0x0F, 0xEE, 0xDE, 0xE9, 0xF4, 0xCA, 0x28, 0x06, 0xE5, 0xF1, 0xEE, 0x36,
    0xFA, 0xD8, 0xED, 0x0F, 0xEF, 0x10, 0x0D, 0x18, 0xCF, 0x03, 0x0D, 0xE2,
    0xE8, 0x01, 0x0B, 0x1F, 0x19, 0x0A, 0x28, 0x06, 0x23, 0xF2, 0x04, 0xE1,
    0x01, 0xC4, 0x16, 0xF7, 0xF5, 0xE4, 0xE6, 0x23, 0x10, 0x18, 0x0E, 0x08,
    0xF7, 0xFC, 0xF6, 0xF8, 0xFB, 0xF3, 0x03, 0xED, 0x27, 0xF8, 0xDE, 0xF7,
    0xF8, 0xE0, 0xF6, 0x05, 0xE0, 0x01, 0xFC, 0x09, 0xE0, 0x31, 0xFF, 0x24,
    0x0D, 0x1B, 0xFB, 0xF7, 0x26, 0x1C, 0x2A, 0xE1, 0xF5, 0x0F, 0xEC, 0x07,
    0x16, 0xF5, 0xE3, 0xEF, 0x12, 0xD3, 0x22, 0xF6, 0x03, 0xD8, 0x0E, 0x07,
    0x08, 0xD9, 0x2E, 0x06, 0xF7, 0xDA, 0x1F, 0xEF, 0x24, 0x19, 0xDD, 0xEA,
    0xE2, 0x19, 0x10, 0xF5, 0x02, 0xDE, 0x0A, 0xFE, 0xD8, 0xF2, 0x1B, 0x0A,
    0x01, 0x2D, 0xEA, 0xD0, 0xDD, 0xFE, 0x0F, 0xEA, 0xED, 0xFC, 0x69, 0x13,
    0xFA, 0xEA, 0x04, 0xDB, 0x58, 0x12, 0xF4, 0xFD, 0xF5, 0x28, 0xFA, 0xC4,
    0xDC, 0xE5, 0x15, 0xD3, 0x39, 0xD2, 0xD5, 0xFD, 0x1D, 0x1C, 0xDB, 0x10,
    0x08, 0x00, 0x14, 0xFC, 0xE1, 0xD6, 0x1F, 0x24, 0x0B, 0x05, 0xB5, 0x1A,
    0x0F, 0x19, 0x25, 0x1B, 0xF7, 0x06, 0xEB, 0x1D, 0xD0, 0xE5, 0xF5, 0xFE,
    0x0E, 0xFB, 0xCF, 0x1A, 0x07, 0x3B, 0x11, 0x11, 0xF4, 0x0E, 0x0A, 0x0D,
    0x13, 0x0A, 0x0F, 0xDF, 0xFD, 0xFA, 0xED, 0xEA, 0xFC, 0x10, 0xF4, 0xFD,
    0xF2, 0x0D, 0xE8, 0xE6, 0x17, 0x33, 0xED, 0xE0, 0x19, 0xD6, 0xFD, 0x20,
    0x21, 0x30, 0x1B, 0xD8, 0xED, 0x0E, 0xC5, 0xF5, 0x05, 0xDC, 0x24, 0xE7,
    0x1B, 0x0B, 0xE7, 0xEA, 0x26, 0x1F, 0x17, 0xF3, 0xFF, 0x16, 0x0B, 0x2B,
    0xF3, 0xFA, 0xFD, 0x22, 0x05, 0xFC, 0x07, 0xFE, 0xFC, 0x16, 0xC5, 0x26,
    0xF4, 0x30, 0xDC, 0xDF, 0xF0, 0xFA, 0x14, 0x04, 0xE9, 0x10, 0xFB, 0xEA,
    0x0A, 0xE4, 0x07, 0xF5, 0x00, 0xF3, 0xC8, 0x23, 0x14, 0x32, 0x06, 0x14,
    0xF5, 0xD6, 0xD2, 0xD8, 0xFD, 0xD2, 0x10, 0x20, 0x08, 0x1B, 0x0A, 0xFF,
    0x1F, 0x36, 0xDC, 0xFE, 0xE3, 0x00, 0x2E, 0xF7, 0xEB, 0x0D, 0x06, 0x03,
    0x10, 0x15, 0x1A, 0x0F, 0x15, 0x16, 0x1B, 0xE5, 0x09, 0xEC, 0x19, 0xDC,
    0xDB, 0xE5, 0x0B, 0xE2, 0x05, 0xFE, 0x28, 0xF4, 0x02, 0x31, 0xF0, 0x01,
    0x02, 0x01, 0xF4, 0x16, 0xEF, 0x13, 0x0E, 0xDF, 0x0F, 0x07, 0x10, 0xDC,
    0x1B, 0xE1, 0x01, 0x18, 0xED, 0xF7, 0x02, 0xF7, 0x0C, 0xBD, 0xE5, 0xF6,
    0x1D, 0xEB, 0xF1, 0x2C, 0xFA, 0x17, 0xD3, 0x25, 0xFE, 0xFC, 0x14, 0x13,
    0x1C, 0x22, 0x03, 0xEE, 0xF0, 0x03, 0x1D, 0xF2, 0x0F, 0x2E, 0xE0, 0x10,
    0xF5, 0x10, 0xE3, 0xFD, 0x01, 0xC4, 0xF6, 0x12, 0xEF, 0x10, 0x02, 0x22,
    0xF6, 0xF6, 0xFE, 0xF9, 0x1D, 0xF5, 0x29, 0x16, 0xF4, 0xE5, 0xFC, 0xF2,
    0x06, 0x09, 0x39, 0xEE, 0x23, 0xFA, 0xF4, 0xBD, 0x00, 0xFD, 0xFF, 0x2D,
    0x14, 0x1D, 0xEE, 0xF3, 0xD9, 0x02, 0xF2, 0x03, 0xEF, 0xF6, 0x30, 0x16,
    0xFA, 0x11, 0xDD, 0xD5, 0x18, 0x3A, 0x0F, 0xEE, 0x03, 0x01, 0xFE, 0x0B,
    0xEA, 0xDA, 0xE1, 0xFB, 0x1D, 0xF4, 0xFF, 0x17, 0x23, 0x1F, 0x11, 0x10,
    0xFA, 0xEC, 0xEA, 0xEB, 0xDC, 0x10, 0xFF, 0x18, 0xF8, 0x1D, 0x0B, 0x02,
    0x18, 0x1B, 0xF0, 0xE4, 0x02, 0x44, 0x06, 0xFB, 0x17, 0xDD, 0xF5, 0x01,
    0x12, 0xEE, 0xFB, 0xF4, 0xEC, 0x18, 0x12, 0xF8, 0xF9, 0x10, 0xDE, 0xEB,
    0x1C, 0x01, 0x1A, 0xF3, 0x15, 0x26, 0xE3, 0xED, 0x0F, 0xE1, 0x0C, 0xF9,
    0xF2, 0x0A, 0x02, 0xF5, 0x06, 0xF1, 0xFC, 0xED, 0x06, 0xF9, 0xE8, 0x2F,
    0xFA, 0xFE, 0x1C, 0x02, 0x08, 0x16, 0xF5, 0xF3, 0x01, 0xFE, 0x31, 0x03,
    0x03, 0xCA, 0x1E, 0x03, 0x0C, 0xFB, 0xF1, 0x04, 0x08, 0xF6, 0x17, 0xF3,
    0xFA, 0xEC, 0xF1, 0x14, 0xFD, 0x23, 0xF2, 0xDD, 0xF1, 0xCC, 0xF3, 0xE4,
    0x07, 0xFA, 0x2C, 0xF8, 0xF4, 0x09, 0x0E, 0x1B, 0x02, 0x26, 0xFE, 0xF2,
    0x24, 0xED, 0xE9, 0xFB, 0xFE, 0xF9, 0x17, 0xF2, 0x00, 0x1B, 0xFE, 0x07,
    0xFE, 0x21, 0xEE, 0xEF, 0xEF, 0xC9, 0x22, 0xFE, 0x03, 0x15, 0x0B, 0xFF,
    0xEA, 0x1A, 0xEE, 0xFC, 0xFE, 0xDE, 0xFF, 0xF3, 0xEF, 0xEF, 0x0F, 0x39,
    0x21, 0x0D, 0x02, 0x05, 0xCF, 0x02, 0xF2, 0x06, 0x13, 0x12, 0x09, 0x04,
    0xE9, 0xDA, 0x1B, 0xFC, 0x13, 0xC4, 0x01, 0x18, 0xD0, 0x0E, 0x00, 0xFE,
    0xD6, 0x20, 0xFA, 0xF1, 0x0B, 0x1C, 0xEE, 0x0E, 0xF5, 0x0C, 0xE0, 0xF2,
    0xF7, 0xF9, 0x0A, 0x1A, 0x06, 0xF9, 0x21, 0x0B, 0x02, 0xEE, 0x0C, 0x0E,
    0x01, 0xE7, 0xF3, 0x17, 0x25, 0x0B, 0xFE, 0xEA, 0xCF, 0x07, 0xF5, 0x20,
    0xE6, 0x1A, 0x05, 0x03, 0x0E, 0x15, 0x0C, 0x34, 0x19, 0x1C, 0xE1, 0xDF,
    0x19, 0xCF, 0xFE, 0xD3, 0xEF, 0x4C, 0xEB, 0xD6, 0xD6, 0xF9, 0xD9, 0xDE,
    0x14, 0x10, 0x27, 0x1B, 0x2C, 0x1C, 0xD5, 0xB8, 0x1E, 0xE7, 0x2A, 0xD9,
    0xE9, 0x09, 0x0F, 0x0F, 0x0F, 0x06, 0xEF, 0xF9, 0xF7, 0xFC, 0xDD, 0xEE,
    0x09, 0x25, 0x0E, 0xFB, 0xFD, 0xFA, 0xED, 0xEB, 0xEA, 0x19, 0x25, 0x0E,
    0x08, 0xEA, 0xFA, 0xDA, 0x09, 0xF2, 0x11, 0x1D, 0x1A, 0x1A, 0xEA, 0xF7,
    0x18, 0xE5, 0x03, 0x07, 0x25, 0x13, 0xC3, 0xFE, 0x06, 0x0B, 0xF6, 0x0A,
    0x08, 0xD9, 0xEB, 0xFC, 0x10, 0x03, 0x0A, 0x1F, 0xF2, 0x19, 0xCF, 0x1B,
    0x05, 0xE8, 0x27, 0xD1, 0xF8, 0x3C, 0x18, 0x14, 0x47, 0xFE, 0x05, 0xF6,
    0x28, 0xCC, 0xEA, 0xFA, 0x01, 0x47, 0xE7, 0xD4, 0x03, 0x11, 0xBC, 0xCB,
    0xEA, 0xD8, 0x29, 0x32, 0xE9, 0x27, 0xE2, 0xDC, 0x1A, 0x14, 0x10, 0xCB,
    0x2D, 0x0F, 0xF0, 0x03, 0xD5, 0xFF, 0xF4, 0x05, 0xF0, 0x03, 0xF7, 0x15,
    0xEF, 0xEA, 0x11, 0xFB, 0xE3, 0x19, 0xFE, 0x40, 0x0D, 0xD1, 0xF3, 0xFE,
    0x12, 0xD6, 0x1C, 0xF3, 0xEC, 0x12, 0xF7, 0x16, 0xF3, 0xF6, 0xEC, 0xF9,
    0x1B, 0x01, 0xFE, 0x03, 0x1E, 0x1B, 0x0F, 0xE9, 0x16, 0x1D, 0xF6, 0x03,
    0xF6, 0xFF, 0xFA, 0x08, 0xDA, 0x01, 0xE8, 0x00, 0x29, 0xE8, 0x20, 0xFE,
    0xF5, 0xF8, 0x16, 0xF2, 0xDD, 0x16, 0xFC, 0xF7, 0x03, 0x01, 0x09, 0xF1,
    0xFB, 0x14, 0xED, 0x0A, 0xDD, 0x12, 0x17, 0x0C, 0x01, 0x0E, 0xFE, 0xF7,
    0x1A, 0xF9, 0x0D, 0xFA, 0x17, 0xE1, 0x15, 0xE6, 0xFD, 0x08, 0xF2, 0x07,
    0xE0, 0xFE, 0xF6, 0xFF, 0xFB, 0x11, 0xEF, 0x01, 0xF4, 0x11, 0xF4, 0x12,
    0xEC, 0x14, 0x0E, 0x0D, 0xFC, 0xFD, 0xF3, 0xFE, 0x17, 0xFA, 0x1B, 0x14,
    0x0F, 0xD6, 0x1A, 0xE2, 0x00, 0xEE, 0xFC, 0x11, 0xE3, 0x11, 0xFC, 0x02,
    0xF6, 0xFF, 0x0A, 0xFA, 0xF1, 0x13, 0xE6, 0x0A, 0xEC, 0x21, 0x12, 0x14,
    0xFC, 0x06, 0x00, 0x01, 0x1F, 0x09, 0x0F, 0xFA, 0x10, 0xDD, 0x0C, 0xE8,
    0xF8, 0xFB, 0x00, 0x16, 0x0E, 0xDB, 0xF2, 0x1E, 0xCF, 0xF7, 0x0D, 0x15,
    0xDB, 0x14, 0x05, 0xF7, 0x11, 0x1C, 0xEB, 0x2A, 0x22, 0xDB, 0x1E, 0x2A,
    0x07, 0xFB, 0x15, 0xF2, 0xC2, 0xCF, 0xFD, 0x3D, 0xE7, 0xE3, 0xFE, 0x35,
    0x10, 0xF0, 0x04, 0x06, 0x03, 0xDB, 0xF0, 0x03, 0xE9, 0x0C, 0xED, 0x1C,
    0xE3, 0x15, 0x15, 0xEC, 0xF5, 0x0B, 0x09, 0xF8, 0xF1, 0xFE, 0x21, 0xFE,
    0x0D, 0xF7, 0x12, 0xE8, 0x15, 0x14, 0xED, 0x0D, 0x32, 0xE2, 0x03, 0x0C,
    0xF3, 0xEF, 0xEA, 0x0D, 0xFA, 0xF0, 0x12, 0xF8, 0x31, 0xF5, 0xDF, 0xF4,
    0x06, 0xF3, 0x09, 0x0A, 0xDB, 0x03, 0xFC, 0x0D, 0xDC, 0x0E, 0xE3, 0x24,
    0x01, 0xF6, 0x0B, 0x02, 0x24, 0xD8, 0xFC, 0x0C, 0xF0, 0xF4, 0xE9, 0x15,
    0xF8, 0xEF, 0x0B, 0xF6, 0x30, 0xF5, 0xE8, 0xF3, 0xFE, 0xE9, 0x15, 0x0D,
    0xE5, 0x0B, 0x0C, 0x1A, 0xE1, 0x05, 0xEF, 0x15, 0x08, 0xEA, 0x04, 0x08,
    0xF1, 0x29, 0x0C, 0xDC, 0x24, 0xF6, 0xF8, 0xD4, 0x17, 0x02, 0xE7, 0x17,
    0xED, 0xF0, 0x1C, 0xDA, 0xF0, 0x0A, 0xF1, 0xDC, 0x0B, 0x21, 0xF2, 0x08,
    0x31, 0x20, 0xFD, 0xD1, 0x0D, 0x22, 0x11, 0xDE, 0xBC, 0x2F, 0xEF, 0xFC,
    0x0D, 0x0D, 0x21, 0xEE, 0x02, 0xF9, 0x2F, 0x07, 0xF4, 0x01, 0x14, 0xE2,
    0x07, 0x1F, 0xC7, 0x05, 0x2D, 0x0C, 0x17, 0xF5, 0x0E, 0x04, 0x08, 0x08,
    0xFC, 0x18, 0xE4, 0xED, 0xD5, 0x42, 0x07, 0xF1, 0xFE, 0xFD, 0x28, 0xE6,
    0x00, 0x00, 0xEE, 0x17, 0xFF, 0x0D, 0xF9, 0x0A, 0x00, 0xEA, 0xEF, 0xFA,
    0x17, 0x14, 0xF9, 0xE9, 0x0A, 0xF8, 0x1C, 0x03, 0xFA, 0x24, 0xF5, 0xFB,
    0xCB, 0x2B, 0xF1, 0x06, 0x16, 0xFB, 0x0D, 0xEF, 0x1A, 0x13, 0xEF, 0x0E,
    0xE4, 0x01, 0x07, 0x16, 0x07, 0xDA, 0x0B, 0xE8, 0x15, 0xE0, 0x00, 0xEF,
    0xF2, 0x1C, 0x0E, 0xF3, 0xFF, 0x19, 0xEF, 0xF0, 0xED, 0x30, 0xEA, 0xF7,
    0x16, 0xF6, 0xE9, 0x31, 0x0A, 0x21, 0xDB, 0x04, 0xEF, 0x09, 0x06, 0x0A,
    0x05, 0xDF, 0xCA, 0xFD, 0xF0, 0x04, 0xF5, 0xF0, 0xF9, 0x14, 0xFE, 0x04,
    0x12, 0xE6, 0x12, 0xF9, 0xCF, 0x41, 0x02, 0x0B, 0x0B, 0x04, 0x0D, 0xF2,
    0xFA, 0x11, 0xF0, 0xF8, 0xEF, 0x0C, 0x10, 0x19, 0x0E, 0xF8, 0xFC, 0xE5,
    0xFF, 0x00, 0x02, 0xDF, 0x08, 0xFB, 0x27, 0x10, 0xF1, 0x15, 0xE4, 0xFB,
    0xE6, 0x3B, 0xF9, 0xF7, 0x00, 0xD6, 0xF8, 0xEA, 0xDB, 0xF4, 0xC2, 0x2F,
    0xDE, 0x00, 0x06, 0xFF, 0xFC, 0xD6, 0x0D, 0x11, 0x11, 0x05, 0x1A, 0x10,
    0xF8, 0x02, 0x14, 0x11, 0xFF, 0x20, 0xF8, 0x12, 0x20, 0xC8, 0xF5, 0x0B,
    0xFB, 0xED, 0xF3, 0x16, 0xE6, 0x13, 0x2B, 0xE4, 0xFB, 0x06, 0xEF, 0xEB,
    0x00, 0x14, 0x11, 0x10, 0xED, 0x19, 0x05, 0x0A, 0xF6, 0x0B, 0xDF, 0x0C,
    0xF9, 0xE7, 0x1C, 0x06, 0x0B, 0xEB, 0xFA, 0xDA, 0xF0, 0x18, 0x11, 0xE0,
    0xF4, 0x0E, 0x17, 0xEB, 0xFC, 0x04, 0x14, 0x08, 0x22, 0x08, 0xFA, 0x1A,
    0x14, 0xD0, 0x06, 0xD8, 0x1F, 0x08, 0x02, 0xFC, 0xEB, 0x26, 0xFF, 0x13,
    0x11, 0xDC, 0x0A, 0x1B, 0xEC, 0xF4, 0xF4, 0xE5, 0x11, 0xF1, 0x03, 0xFF,
    0x22, 0x0D, 0xE4, 0x0F, 0xFB, 0x0B, 0x0E, 0x27, 0x03, 0x00, 0xD7, 0xFB,
    0x04, 0x0C, 0xE5, 0x12, 0x05, 0xDB, 0x06, 0x02, 0x27, 0xE6, 0xF6, 0x08,
    0xF9, 0xE2, 0x03, 0x1F, 0xF8, 0xF1, 0x17, 0xF2, 0xF8, 0x13, 0xF6, 0xF7,
    0x15, 0xFA, 0x0E, 0x22, 0xEB, 0x08, 0xEE, 0xF7, 0xE5, 0x05, 0xF2, 0x28,
    0x04, 0xD9, 0x08, 0x18, 0xC4, 0x30, 0xEF, 0xF5, 0x04, 0xFE, 0x0E, 0xFD,
    0x0B, 0x08, 0xEC, 0x06, 0xE1, 0x14, 0x07, 0x18, 0xEA, 0xFC, 0xDE, 0xEF,
    0x0A, 0x02, 0xFE, 0x00, 0x29, 0x07, 0x0F, 0x05, 0x11, 0x0F, 0xF4, 0xF9,
    0xD8, 0x45, 0x14, 0xF3, 0x09, 0x04, 0x11, 0xE4, 0x11, 0x0E, 0xEC, 0xF7,
    0xDA, 0x10, 0xFB, 0xF5, 0xFF, 0x0A, 0xE2, 0xF5, 0x0F, 0x13, 0xFB, 0xF0,
    0x09, 0x07, 0xF2, 0xE5, 0x07, 0x01, 0x07, 0xF1, 0xE0, 0x24, 0x00, 0xED,
    0x09, 0x0D, 0x15, 0xE6, 0x04, 0x15, 0xDF, 0x02, 0xDD, 0x00, 0x0E, 0x1A,
    0xF5, 0x08, 0xF9, 0x03, 0x04, 0x0A, 0x09, 0xF1, 0x0B, 0xE8, 0x20, 0xF2,
    0x0A, 0x09, 0xFA, 0xFF, 0xC7, 0x29, 0x09, 0xFD, 0xF4, 0xEB, 0x1D, 0x18,
    0x02, 0x14, 0x03, 0x03, 0xEC, 0x12, 0xFA, 0x06, 0x01, 0xFA, 0xE2, 0x04,
    0x27, 0xFB, 0x02, 0xEB, 0xFB, 0x0A, 0x0D, 0xEF, 0xCE, 0x07, 0xF8, 0x07,
    0x15, 0x01, 0x0B, 0x20, 0xE6, 0xFC, 0xEF, 0x09, 0x00, 0xEA, 0xE0, 0xF7,
    0x00, 0x23, 0xFD, 0xFF, 0xDA, 0x25, 0x00, 0x10, 0x10, 0x19, 0x14, 0x08,
    0xF7, 0xEC, 0x03, 0x04, 0x21, 0xCD, 0xE1, 0x02, 0x16, 0xD5, 0xF7, 0x02,
    0xF2, 0x0A, 0x06, 0x26, 0x01, 0xF8, 0x27, 0xE9, 0x17, 0x08, 0xF0, 0xF9,
    0x09, 0x26, 0x11, 0x05, 0x10, 0xE5, 0x07, 0x1B, 0xF0, 0xF7, 0xF0, 0x0E,
    0x01, 0xDA, 0xFA, 0x06, 0x1E, 0xC6, 0xFB, 0x09, 0x1C, 0x05, 0xE6, 0xCE,
    0x05, 0xEC, 0xF6, 0x0A, 0xE7, 0x20, 0xF6, 0xC6, 0x11, 0x27, 0xFF, 0xF6,
    0x16, 0x2E, 0xFB, 0x30, 0x43, 0x1D, 0xEE, 0xD5, 0x21, 0xDB, 0x0D, 0xD5,
    0x35, 0xE6, 0x0B, 0xFA, 0x0E, 0x11, 0xE7, 0xFB, 0x24, 0xF3, 0x25, 0xEF,
    0x13, 0xDC, 0x13, 0xF2, 0x03, 0x25, 0x0A, 0xF8, 0x01, 0xE1, 0xEC, 0xFD,
    0xFA, 0x19, 0xEB, 0x17, 0xFC, 0xF2, 0xF7, 0xE2, 0xC3, 0x36, 0xF6, 0xF0,
    0x11, 0x0E, 0x13, 0xE8, 0xF9, 0x1A, 0xE8, 0x05, 0xE1, 0x10, 0x05, 0x14,
    0xFC, 0xF6, 0xDF, 0xF5, 0x10, 0xFB, 0x0B, 0xF3, 0x1F, 0xF5, 0x24, 0x02,
    0x07, 0x1B, 0xDB, 0x07, 0xD2, 0x30, 0xDC, 0xEC, 0xE9, 0xF3, 0xFE, 0xDE,
    0x00, 0x1A, 0xE7, 0x19, 0xE0, 0x09, 0xF3, 0x0F, 0x04, 0xEE, 0xEF, 0x0C,
    0x12, 0x1E, 0x0A, 0xF5, 0xF3, 0xFF, 0x1F, 0x1D, 0x04, 0x16, 0xF8, 0xFC,
    0xE6, 0x4A, 0xF2, 0xEA, 0x04, 0x06, 0x15, 0xDD, 0x11, 0xFC, 0xF4, 0x05,
    0xE5, 0xFE, 0x16, 0x00, 0xEA, 0xEF, 0x04, 0xF0, 0x16, 0xE7, 0x0D, 0xE0,
    0x20, 0x03, 0x14, 0xD6, 0x05, 0x41, 0xE5, 0x05, 0xB8, 0x4C, 0xF9, 0xF1,
    0x05, 0xF5, 0x29, 0xE6, 0x05, 0x11, 0xEC, 0x00, 0xE4, 0x0F, 0x0E, 0x18,
    0x02, 0x03, 0xE9, 0xEB, 0x17, 0x02, 0x02, 0xEC, 0x17, 0x04, 0x16, 0xEF,
    0x02, 0x17, 0xE5, 0xFD, 0x05, 0x81, 0x0B, 0x11, 0xF0, 0x02, 0xF6, 0x08,
    0x08, 0xFE, 0x1A, 0xF3, 0x0A, 0xFC, 0x08, 0xEF, 0x09, 0x04, 0x16, 0x0B,
    0xC8, 0x1E, 0x03, 0x06, 0xFE, 0x0C, 0xD7, 0x04, 0x16, 0x05, 0xFB, 0x0F,
    0xF2, 0x1C, 0x01, 0x17, 0x13, 0x10, 0x1A, 0x04, 0xDC, 0xFB, 0xF3, 0xF2,
    0xEB, 0x18, 0xF3, 0x09, 0x32, 0xF4, 0xF8, 0x1F, 0xFC, 0x08, 0x07, 0xE7,
    0xD8, 0xF6, 0xFC, 0x12, 0xE5, 0x41, 0x0C, 0xFE, 0xFA, 0x0E, 0x05, 0xF2,
    0x02, 0x0A, 0x04, 0xFF, 0xFF, 0x06, 0xFC, 0xFD, 0xFC, 0xFE, 0x02, 0xFD,
    0x00, 0x07, 0xFF, 0xF6, 0x14, 0xFF, 0xFE, 0x01, 0x00, 0x06, 0x06, 0xEF,
    0x00, 0x06, 0xFD, 0xF7, 0x01, 0x06, 0x06, 0xFE, 0x02, 0x09, 0x13, 0xFB,
    0xFB, 0x05, 0x07, 0xFF, 0x05, 0x02, 0x06, 0xFA, 0xEC, 0x01, 0xFD, 0xFB,
    0x06, 0x1C, 0xF9, 0x14, 0x02, 0xF1, 0x08, 0x0A, 0xF1, 0xFB, 0x07, 0xFF,
    0xFE, 0xFB, 0xF2, 0x08, 0x08, 0x10, 0xFB, 0xF2, 0x05, 0x0E, 0xFC, 0x0F,
    0x01, 0x0B, 0x0D, 0xDC, 0xFE, 0xF7, 0x05, 0xF7, 0xF9, 0xF6, 0xFB, 0x04,
    0xFA, 0x04, 0x0F, 0x09, 0xF8, 0x02, 0xF7, 0xF5, 0x00, 0xFF, 0xEB, 0x07,
    0xEA, 0x0C, 0x08, 0x03, 0xED, 0x0A, 0x04, 0xF9, 0xFD, 0xFE, 0xFE, 0x18,
    0x0D, 0xF0, 0x0C, 0x0B, 0x03, 0xFA, 0x02, 0x03, 0xEF, 0xF8, 0x07, 0x11,
    0xF7, 0x03, 0xE9, 0x07, 0x05, 0xFF, 0xEA, 0xF9, 0x06, 0xF2, 0x1A, 0x00,
    0x0B, 0x06, 0xF4, 0xE9, 0xF8, 0x07, 0xF7, 0x06, 0x04, 0xFF, 0xF9, 0x0F,
    0x08, 0xF8, 0xFA, 0x03, 0x14, 0xFE, 0xF7, 0x14, 0x14, 0xF6, 0xF9, 0xFB,
    0xFE, 0x0E, 0x11, 0x00, 0x12, 0xF0, 0xF8, 0x06, 0x00, 0x08, 0xFE, 0x00,
    0xF8, 0x04, 0xEE, 0x0E, 0xEC, 0x0E, 0x15, 0x16, 0xF9, 0x16, 0xFB, 0xFD,
    0xFD, 0xFC, 0xFD, 0x0B, 0xF1, 0xFC, 0xF9, 0xF6, 0x01, 0xFF, 0xFC, 0x06,
    0x01, 0xF9, 0x16, 0xF7, 0xFD, 0x02, 0x0D, 0x06, 0x09, 0xF9, 0xE7, 0xF4,
    0xFC, 0xFC, 0xF5, 0x0F, 0x00, 0xF7, 0xFF, 0x06, 0x00, 0xF5, 0x13, 0xFB,
    0x04, 0x00, 0x0F, 0xFF, 0x07, 0x04, 0x03, 0xED, 0xF8, 0x08, 0x05, 0xF8,
    0x0A, 0x01, 0xFD, 0xF3, 0x01, 0x03, 0x03, 0x0D, 0xEF, 0x0A, 0x11, 0x0A,
    0xEC, 0xDA, 0xFD, 0x08, 0xFD, 0xFF, 0x03, 0xF8, 0x07, 0x05, 0x00, 0x13,
    0x00, 0x02, 0xE3, 0xFB, 0xFB, 0x08, 0x07, 0xEC, 0xF9, 0x10, 0xFF, 0xF8,
    0x0B, 0x08, 0x00, 0x05, 0x0B, 0xFF, 0x0E, 0x08, 0xE8, 0xEB, 0x09, 0xFD,
    0xF4, 0x03, 0x0C, 0xFD, 0x07, 0xF1, 0xEA, 0xF5, 0xFA, 0xF4, 0xFB, 0x06,
    0x0F, 0xF4, 0x29, 0xF5, 0xEA, 0xFC, 0x03, 0xFA, 0x0A, 0x05, 0xF2, 0x09,
    0xF9, 0xF5, 0x0A, 0xED, 0xEF, 0xE9, 0x05, 0x0A, 0x08, 0x04, 0x0A, 0x0B,
    0xFD, 0x03, 0x07, 0xF1, 0xFD, 0xFC, 0x0A, 0xF4, 0xFC, 0xFA, 0xF6, 0x07,
    0xFD, 0xF1, 0xFC, 0xFE, 0x0E, 0xFC, 0xF8, 0x0B, 0xF9, 0x0A, 0x00, 0xFD,
    0x05, 0x0F, 0x0D, 0xFF, 0xFF, 0x09, 0x12, 0xDE, 0xF3, 0xF3, 0x08, 0xF9,
    0xF7, 0x09, 0x01, 0x0C, 0x0E, 0xF6, 0xFF, 0x06, 0xF2, 0xFD, 0x09, 0x06,
    0x0C, 0xF8, 0x14, 0x06, 0x01, 0xF5, 0xF7, 0xFD, 0x0E, 0x06, 0xFA, 0x05,
    0x04, 0xFB, 0xF3, 0x17, 0x08, 0xE7, 0xE7, 0x09, 0xF1, 0xFF, 0xF5, 0x0E,
    0xEE, 0xE2, 0xE6, 0x03, 0xF6, 0x0F, 0xF7, 0x06, 0x04, 0x03, 0xFF, 0x01,
    0xFB, 0x01, 0xF1, 0x0D, 0x00, 0x03, 0xF7, 0x13, 0x0F, 0x0D, 0xFB, 0x0E,
    0x10, 0xEB, 0x14, 0x01, 0xFD, 0xFA, 0xF6, 0xFB, 0xFD, 0xFA, 0x0F, 0x03,
    0xF7, 0x04, 0x07, 0x0F, 0xF9, 0xF9, 0x0C, 0xF5, 0xF9, 0xF3, 0x02, 0xF3,
    0xFF, 0x10, 0x0B, 0x1D, 0xFB, 0xEC, 0x08, 0x09, 0xF3, 0x18, 0xF8, 0x03,
    0xFC, 0xF7, 0x13, 0x09, 0xF8, 0xF9, 0xFA, 0x0E, 0x02, 0x0E, 0xFC, 0xFC,
    0xFD, 0xFB, 0x07, 0x01, 0x10, 0xFB, 0xE9, 0xFE, 0xF2, 0x01, 0x02, 0xE8,
    0x02, 0x08, 0x0C, 0xFF, 0x06, 0x03, 0xFD, 0x02, 0xF9, 0xFD, 0xED, 0x0E,
    0xE3, 0x0E, 0x08, 0xF4, 0xF0, 0x02, 0xFE, 0xFD, 0x03, 0x04, 0xF8, 0x12,
    0x08, 0xF6, 0xF4, 0x01, 0x0A, 0x1B, 0xFD, 0xFD, 0xF9, 0xFF, 0x06, 0x08,
    0xFA, 0xF7, 0x11, 0x0F, 0x0E, 0x07, 0xF0, 0xF2, 0x0D, 0xF7, 0x05, 0xFA,
    0x06, 0x08, 0x03, 0xFA, 0x03, 0x08, 0x0D, 0x0E, 0xFF, 0x0C, 0xF8, 0x1F,
    0x02, 0x16, 0xEF, 0xF1, 0x01, 0xF5, 0xF0, 0xF9, 0xFE, 0x07, 0xF9, 0xFF,
    0xF7, 0x08, 0x04, 0x16, 0x03, 0xEA, 0xF0, 0x06, 0xFF, 0x11, 0x0F, 0x00,
    0xFD, 0xF6, 0xFC, 0x01, 0xFA, 0xF5, 0x01, 0xFB, 0x09, 0xF6, 0x04, 0xF6,
    0xFB, 0xFB, 0xEA, 0x03, 0x02, 0x02, 0x13, 0x0A, 0x02, 0xF5, 0x0E, 0x00,
    0xFA, 0xF7, 0xF5, 0x0A, 0x00, 0x01, 0x0D, 0x0C, 0xFE, 0xF6, 0x0A, 0x14,
    0xE8, 0x00, 0xF8, 0xF9, 0x0B, 0x07, 0x07, 0xFB, 0xF3, 0x05, 0x1C, 0xF8,
    0x04, 0xFD, 0x00, 0x02, 0x08, 0xFF, 0xEA, 0xFD, 0xFA, 0xFD, 0xFD, 0xEF,
    0x04, 0xFA, 0xF1, 0x09, 0xF5, 0x09, 0xFD, 0x15, 0x07, 0xF4, 0x01, 0xFC,
    0xFF, 0x0C, 0x07, 0xFA, 0x05, 0xF3, 0x03, 0x0D, 0xFC, 0x0E, 0x08, 0xF8,
    0xFA, 0x0C, 0xFD, 0x13, 0xF8, 0x06, 0x0C, 0x01, 0x0F, 0xF7, 0xF7, 0x02,
    0x10, 0x04, 0xFD, 0x02, 0xF0, 0xF9, 0x06, 0x00, 0xEE, 0x07, 0xFE, 0xEB,
    0xEF, 0x05, 0xFD, 0x05, 0x0C, 0xF9, 0x06, 0x0C, 0x01, 0xF6, 0x0F, 0x01,
    0x04, 0x09, 0x1D, 0xFC, 0xEE, 0x05, 0xF8, 0x05, 0xF5, 0x11, 0x15, 0xFC,
    0xF0, 0xF8, 0xF6, 0x00, 0x05, 0x04, 0xF7, 0x02, 0xE6, 0x08, 0xFC, 0xFD,
    0x01, 0x10, 0x05, 0xFA, 0x07, 0xF9, 0xDA, 0x07, 0x04, 0xF9, 0x00, 0x03,
    0x1A, 0xF2, 0x09, 0xF3, 0x0B, 0xFE, 0xF2, 0x00, 0xF9, 0x09, 0x0D, 0xF2,
    0x17, 0xFA, 0x02, 0xF8, 0x01, 0xF8, 0x0D, 0x02, 0xF8, 0x22, 0xF5, 0x00,
    0x07, 0x00, 0xFF, 0x06, 0x08, 0x0F, 0xF9, 0xF4, 0x02, 0xFB, 0xF4, 0xFF,
    0xF3, 0xF6, 0x12, 0xFE, 0x00, 0x03, 0x0B, 0xFD, 0x09, 0x06, 0xF5, 0xFB,
    0x11, 0xFF, 0xF5, 0xF0, 0xFD, 0xFF, 0x03, 0xFA, 0xFD, 0x03, 0xFF, 0xF6,
    0xEF, 0xDF, 0xFB, 0xF4, 0x01, 0x01, 0x07, 0xF1, 0xF3, 0x06, 0xFB, 0xFD,
    0x0A, 0x21, 0x03, 0xF1, 0xF5, 0x08, 0x03, 0xED, 0xFD, 0x08, 0xFB, 0x03,
    0x0B, 0x09, 0x0C, 0x07, 0x03, 0xFE, 0x02, 0xF6, 0x19, 0xF0, 0xEF, 0xF1,
    0x00, 0x0E, 0xFE, 0x0C, 0x07, 0x05, 0xFF, 0x14, 0x10, 0x0E, 0x04, 0x05,
    0xFB, 0x0B, 0xFB, 0xFE, 0x06, 0xF8, 0xF0, 0x14, 0xF4, 0x0A, 0xF5, 0x00,
    0x06, 0xFE, 0xFE, 0xF0, 0xEC, 0x0A, 0x02, 0x03, 0xF5, 0x1C, 0x11, 0x1B,
    0xE9, 0xF6, 0xF4, 0x04, 0x07, 0xFC, 0xF1, 0x0F, 0xFD, 0xFD, 0x02, 0x08,
    0x00, 0xF8, 0x04, 0x0A, 0x0D, 0xF9, 0xFE, 0xF1, 0xFF, 0x08, 0xF3, 0x18,
    0xFD, 0xF2, 0xF8, 0xFE, 0x22, 0xFC, 0xFA, 0x04, 0x11, 0x05, 0x04, 0x06,
    0x07, 0xFB, 0xF4, 0x0F, 0xFC, 0xF3, 0xF3, 0x07, 0x03, 0x07, 0xF8, 0xEE,
    0xE3, 0xF7, 0x04, 0x08, 0x02, 0x08, 0xFA, 0xF8, 0x12, 0x0D, 0x05, 0x07,
    0xEE, 0xDE, 0x04, 0xFD, 0xFC, 0xF7, 0xFF, 0x0F, 0x0D, 0x09, 0x03, 0x05,
    0x0C, 0xFB, 0x05, 0xEC, 0xEE, 0xFD, 0xF3, 0x02, 0xF6, 0x1A, 0x18, 0x03,
    0xFE, 0xFB, 0xFA, 0xFC, 0xF1, 0x08, 0x01, 0xDE, 0xFE, 0x09, 0x06, 0xFC,
    0x0F, 0x02, 0x05, 0x0C, 0x11, 0xED, 0x07, 0x0E, 0xFC, 0xFA, 0xFE, 0xFC,
    0xF9, 0xFF, 0x09, 0xFF, 0x00, 0xFB, 0xF9, 0x03, 0xF3, 0xFF, 0x0B, 0x02,
    0xF9, 0x0F, 0x04, 0x05, 0x01, 0x08, 0x16, 0xFD, 0x16, 0x04, 0x03, 0x05,
    0x08, 0x04, 0xEB, 0xF0, 0xF0, 0xEF, 0xFB, 0xFB, 0x00, 0xFA, 0x0A, 0x0D,
    0xFB, 0xF7, 0x0A, 0xF1, 0xFC, 0x00, 0x19, 0x0B, 0x0E, 0x02, 0xFC, 0xEB,
    0x07, 0x02, 0xF8, 0x01, 0x02, 0xFC, 0xF0, 0xEF, 0x04, 0x0A, 0x10, 0xF7,
    0xFE, 0x04, 0x07, 0x03, 0x07, 0x00, 0xF9, 0xE4, 0xFB, 0x0F, 0x0D, 0xF1,
};
static const int8_t k_blk1_out[32 * 32] __attribute__((aligned(4))) = {
    0xD3, 0xD8, 0xDC, 0x13, 0x1E, 0xE8, 0xF1, 0x20, 0x01, 0xCA, 0xF3, 0xEE,
    0xF0, 0x2A, 0x22, 0x13, 0xD7, 0x21, 0x25, 0xDE, 0xEB, 0xF3, 0x3B, 0x27,
    0xD3, 0x01, 0xD9, 0x25, 0x0A, 0x04, 0x13, 0xF0, 0x28, 0xE6, 0xC5, 0x2A,
    0x14, 0xCD, 0xDA, 0x0D, 0xF7, 0xC6, 0xD3, 0x2E, 0xEB, 0x3D, 0xF2, 0x03,
    0xE5, 0x26, 0x1D, 0x0A, 0xCB, 0xEA, 0x3E, 0xFA, 0xEE, 0xD1, 0xAC, 0x2F,
    0x03, 0xFC, 0xEB, 0x0D, 0xF8, 0x3E, 0xF2, 0xDE, 0xFE, 0xF2, 0x1D, 0x0B,
    0xF9, 0xD5, 0xE9, 0x2B, 0xE1, 0xB5, 0xD8, 0xDB, 0xB7, 0x1E, 0xE7, 0x02,
    0x21, 0xD7, 0x34, 0x1D, 0xCE, 0x17, 0x3B, 0xF5, 0xC4, 0xB9, 0xF1, 0x1D,
    0xE6, 0xDF, 0xFD, 0x24, 0x07, 0x1D, 0xED, 0x14, 0xFC, 0x0E, 0xFB, 0xD3,
    0xF5, 0x3F, 0x0F, 0xD5, 0x23, 0xEC, 0xE3, 0x4B, 0xD2, 0x02, 0x02, 0x11,
    0xF9, 0xCA, 0x07, 0x04, 0x5F, 0x2B, 0x13, 0x2A, 0xE5, 0xF1, 0xD9, 0xFE,
    0x1E, 0xB1, 0x26, 0xE0, 0x51, 0x55, 0x25, 0xED, 0xD6, 0x12, 0x08, 0xFC,
    0x3C, 0x6D, 0x18, 0x23, 0xDE, 0xC2, 0xDA, 0xC7, 0x36, 0x26, 0x15, 0xB8,
    0x21, 0x0F, 0x81, 0x37, 0xDF, 0xE3, 0xFE, 0x09, 0x52, 0x30, 0xDC, 0x02,
    0xC4, 0x0A, 0x29, 0x07, 0xFD, 0x16, 0xE2, 0x0C, 0x12, 0x24, 0xD8, 0x1F,
    0x36, 0xF8, 0x17, 0x17, 0x01, 0x1E, 0xF2, 0x3E, 0xA9, 0x18, 0x22, 0x0B,
    0x2C, 0x4E, 0x0F, 0xD0, 0x21, 0x01, 0x18, 0x47, 0x38, 0x4D, 0xEA, 0xF2,
    0x23, 0xDD, 0x0A, 0x4F, 0xE7, 0xDA, 0x1E, 0xFB, 0xCF, 0xD2, 0xF9, 0x21,
    0x29, 0x3A, 0x1E, 0x12, 0x23, 0xDC, 0xE0, 0x02, 0xEA, 0x05, 0x17, 0xE5,
    0xBF, 0x2C, 0xCE, 0x34, 0x2B, 0x2A, 0x06, 0xE5, 0xC6, 0xFE, 0x2B, 0xDC,
    0xCD, 0x35, 0xFA, 0x04, 0x0E, 0x13, 0xBF, 0xFD, 0xF7, 0x1F, 0x36, 0xB5,
    0xF4, 0x16, 0xEE, 0xD3, 0x1B, 0x18, 0x01, 0x1A, 0x40, 0x00, 0xE4, 0xDA,
    0x03, 0x24, 0x28, 0xE3, 0xC4, 0x34, 0xEA, 0x09, 0x2B, 0xEB, 0xFC, 0xD5,
    0x0F, 0xE9, 0xF4, 0xF8, 0x22, 0xEF, 0xF0, 0xFE, 0xE3, 0xF2, 0x0A, 0xD8,
    0x20, 0xEA, 0x07, 0x26, 0xF4, 0xF6, 0x15, 0x12, 0xD0, 0x1D, 0x28, 0xC3,
    0xEF, 0xF4, 0x1C, 0xAA, 0x28, 0x21, 0x17, 0x29, 0x30, 0x2F, 0x08, 0xFD,
    0xEE, 0xEB, 0x6E, 0x0E, 0x9E, 0x44, 0x1E, 0x1F, 0xEE, 0x08, 0x25, 0xF8,
    0x0E, 0xF6, 0x07, 0x16, 0x27, 0xEC, 0x16, 0x3B, 0x30, 0xF3, 0xD8, 0x17,
    0xF2, 0xE2, 0xEA, 0xE6, 0xF6, 0xE3, 0x03, 0x04, 0x2C, 0xE7, 0xB5, 0x06,
    0x38, 0x11, 0x9F, 0x1D, 0xFD, 0x0E, 0xD2, 0x2A, 0x2A, 0x1F, 0xF4, 0x0A,
    0xF2, 0xDE, 0x1A, 0xE6, 0x8E, 0xEA, 0xEC, 0x3C, 0x1D, 0xCD, 0xFF, 0x0B,
    0xB9, 0x1C, 0x29, 0xF3, 0x1F, 0x1F, 0xE6, 0x31, 0x01, 0xD9, 0xBD, 0x4B,
    0x2C, 0xE9, 0xDC, 0xC1, 0xFA, 0xDD, 0x0D, 0x1B, 0xC4, 0x3A, 0x22, 0x00,
    0xDF, 0x39, 0xCA, 0xEB, 0x41, 0x00, 0x3A, 0xBD, 0xFE, 0x03, 0xD1, 0x27,
    0x11, 0xFD, 0x02, 0x25, 0x08, 0xE8, 0xE2, 0xC2, 0xF1, 0x0F, 0x0F, 0x2D,
    0xD6, 0x05, 0xEE, 0x02, 0xEB, 0xB4, 0x0C, 0x08, 0x04, 0xDF, 0xFF, 0x17,
    0x00, 0xE9, 0xEA, 0xD1, 0x2C, 0x31, 0xFC, 0xE5, 0xD2, 0xCE, 0x1B, 0xCF,
    0xC2, 0xEA, 0xDB, 0xEA, 0xF7, 0xFB, 0x17, 0x05, 0x26, 0x1A, 0xFE, 0xD5,
    0x1B, 0xE4, 0xF3, 0xE1, 0xE3, 0xEB, 0xE3, 0xDD, 0xE7, 0xFF, 0xF8, 0x05,
    0x2A, 0xDB, 0xC2, 0xCB, 0x3B, 0x13, 0x3C, 0xB1, 0xC7, 0xFE, 0xD1, 0x05,
    0x1B, 0x08, 0x0F, 0x2B, 0xED, 0x27, 0xE7, 0x12, 0x17, 0xDE, 0x13, 0xB8,
    0x1F, 0x08, 0xE6, 0x0C, 0xEA, 0x10, 0x1E, 0xEC, 0x2C, 0x38, 0x10, 0x1D,
    0x42, 0x42, 0xCB, 0x13, 0x13, 0x04, 0x0F, 0x00, 0x03, 0x00, 0xF8, 0xCB,
    0x18, 0x16, 0x08, 0xD1, 0x01, 0x21, 0xDA, 0x5B, 0xC1, 0x1D, 0xE4, 0xDE,
    0x09, 0x0A, 0xEF, 0x1A, 0xF7, 0xE5, 0xBF, 0x17, 0x17, 0x0A, 0x05, 0x14,
    0xD5, 0x10, 0x1A, 0x06, 0xCD, 0xF9, 0x39, 0x43, 0xF9, 0xEF, 0x1D, 0xCA,
    0xED, 0xED, 0xFA, 0xFD, 0x06, 0xF2, 0xEE, 0xE0, 0x01, 0x2D, 0xEC, 0x2B,
    0x1B, 0x08, 0x0A, 0xCC, 0x23, 0x14, 0xF3, 0x4C, 0xD9, 0x16, 0x22, 0x2A,
    0xE8, 0x17, 0xFB, 0xDF, 0xDB, 0xBD, 0x0E, 0xE1, 0x3F, 0xF9, 0x22, 0x0B,
    0x04, 0xFC, 0x29, 0xB6, 0x21, 0xE2, 0xDB, 0x1C, 0xE6, 0x33, 0xFD, 0xEE,
    0xD2, 0xC3, 0xF5, 0xF5, 0x0B, 0xDA, 0x23, 0xF3, 0x0A, 0xD7, 0x20, 0xE3,
    0xD3, 0xC3, 0xBC, 0x07, 0xF8, 0x13, 0xD6, 0x18, 0x0E, 0x66, 0xFF, 0x17,
    0x19, 0xFC, 0x38, 0x09, 0x35, 0xCA, 0x52, 0x14, 0x6D, 0xD6, 0xF8, 0xA7,
    0xE8, 0xF2, 0x24, 0x0D, 0xF3, 0x16, 0x11, 0x23, 0x17, 0xDB, 0xF8, 0x07,
    0x1D, 0x13, 0xFA, 0x05, 0x26, 0xF0, 0xC1, 0xBF, 0xD4, 0x14, 0x31, 0x0B,
    0x26, 0x0C, 0xB2, 0xD9, 0xAC, 0xFC, 0xB2, 0x34, 0x2D, 0x24, 0x05, 0xDA,
    0x20, 0xF5, 0xBE, 0xF8, 0x07, 0x2A, 0x14, 0x38, 0xE6, 0xEA, 0x0D, 0x0F,
    0x05, 0xD3, 0x04, 0x14, 0xF5, 0x0F, 0x11, 0xBC, 0x1D, 0x43, 0xF8, 0x06,
    0x49, 0x3B, 0x39, 0xBB, 0x1D, 0x06, 0x6C, 0xEE, 0xF8, 0x16, 0x0D, 0xEF,
    0x00, 0x48, 0x0E, 0x01, 0x1D, 0x26, 0x10, 0x15, 0x3E, 0xE6, 0xEE, 0x2C,
    0x1C, 0x19, 0xD3, 0xE5, 0xFC, 0xE6, 0x2F, 0xFA, 0xFE, 0xD1, 0xFF, 0xEB,
    0xE5, 0xF5, 0xD5, 0xC8, 0xE3, 0xE6, 0x0D, 0x0C, 0x05, 0xE8, 0x2A, 0x01,
    0x22, 0xDC, 0x28, 0x03, 0x2A, 0x25, 0x0D, 0x23, 0xF1, 0xAF, 0xF6, 0x2D,
    0x09, 0x0E, 0x00, 0x0F, 0xEC, 0xCF, 0x3F, 0xE5, 0x26, 0x00, 0xFE, 0xEB,
    0xBA, 0x28, 0xF9, 0x3F, 0xD3, 0x21, 0x10, 0xE2, 0xDB, 0x25, 0xB9, 0x65,
    0x37, 0xD5, 0x00, 0x0A, 0xC2, 0xEE, 0x40, 0x0E, 0x38, 0xE9, 0x12, 0xA1,
    0xFB, 0xDD, 0xBB, 0xB5, 0x69, 0xE2, 0x0D, 0x47, 0x1D, 0x31, 0xC1, 0xEC,
    0xEF, 0x3E, 0x2C, 0xD7, 0xF4, 0x2D, 0xF6, 0x1C, 0xF5, 0xF7, 0xE8, 0xFD,
    0x0C, 0xF2, 0x0E, 0x07, 0xCC, 0xEA, 0x1F, 0x2C, 0xF3, 0x2C, 0x27, 0x2F,
    0x18, 0xF1, 0x1F, 0x02, 0x15, 0xD4, 0x1E, 0x11, 0xF7, 0xED, 0xED, 0x31,
    0xF4, 0xF0, 0x20, 0xE3, 0x37, 0xF7, 0x2A, 0xC6, 0x38, 0x0C, 0xAD, 0xF7,
    0x03, 0x11, 0xF2, 0xF8, 0xA7, 0x00, 0x31, 0x0B, 0x1B, 0xE5, 0x01, 0xD6,
    0x35, 0xF6, 0x39, 0x94, 0xF7, 0x05, 0x09, 0xFC, 0xC5, 0xBF, 0x23, 0xE9,
    0x59, 0xAB, 0x27, 0x41, 0xF5, 0xDF, 0xE9, 0xC8, 0xEE, 0x25, 0xF3, 0x4D,
    0xF1, 0xC9, 0xBE, 0xF1, 0x08, 0x00, 0xF3, 0xEA, 0x0F, 0x01, 0x14, 0x16,
    0xF7, 0xFE, 0x1B, 0xDC, 0xFF, 0x04, 0xB9, 0xFA, 0xF4, 0xEC, 0x0B, 0xF9,
    0xDA, 0x00, 0x17, 0xE0, 0xBA, 0x13, 0xDB, 0xBB, 0x32, 0x1A, 0xE2, 0x52,
    0xF8, 0x1B, 0x41, 0xF6, 0x4F, 0x06, 0x3B, 0x18, 0xF9, 0xF8, 0x03, 0xC9,
    0x17, 0xE5, 0x10, 0xE9, 0xED, 0xFB, 0x7E, 0x1D, 0xFA, 0xE8, 0xE0, 0xEB,
    0x01, 0x0E, 0xA6, 0x2C, 0xEC, 0xDB, 0x0E, 0xDF, 0x2B, 0xF4, 0x10, 0xE8,
    0xF6, 0x11, 0xFF, 0xE4, 0xFB, 0xD1, 0x27, 0xEE, 0x12, 0xFF, 0xF0, 0xD0,
    0xF0, 0xD0, 0x14, 0xF6, 0x15, 0xEC, 0xF7, 0x37, 0xEB, 0x27, 0x0E, 0x02,
    0xBF, 0x20, 0xEF, 0xE6, 0xD4, 0x25, 0x25, 0xF4, 0xDE, 0xF6, 0xD0, 0xF1,
    0xF1, 0x1C, 0xCC, 0xBE, 0xD5, 0xF0, 0xAC, 0x05, 0x1A, 0x1C, 0xF9, 0xF0,
    0xDC, 0xE1, 0xE7, 0x10, 0xDD, 0xBC, 0x1F, 0xDB, 0xB7, 0x2D, 0x09, 0x3A,
    0xD8, 0x1E, 0xF9, 0x31,
};
static const int8_t k_blk1_fc1[96 * 32] __attribute__((aligned(4))) = {
    0xFE, 0x06, 0x21, 0xF1, 0x36, 0xEC, 0xBC, 0x0E, 0x16, 0xD7, 0xF8, 0x21,
    0xFC, 0x04, 0xE8, 0x04, 0x06, 0xF8, 0xE9, 0x5A, 0x11, 0x03, 0x0D, 0xD8,
    0xDE, 0x1C, 0xB7, 0x27, 0x29, 0x41, 0xD8, 0xC0, 0xF9, 0x02, 0x0D, 0x34,
    0x0B, 0x81, 0xD5, 0xE2, 0x33, 0xF7, 0xC5, 0x12, 0x0F, 0x17, 0x21, 0xF0,
    0x26, 0xD7, 0xEF, 0x02, 0xDA, 0x14, 0x16, 0x29, 0x13, 0x0B, 0x0C, 0x02,
    0xE8, 0x15, 0x18, 0x0C, 0x0A, 0x14, 0xFE, 0xE4, 0x06, 0x01, 0x20, 0xE6,
    0x0D, 0xD7, 0x15, 0x17, 0x38, 0x0F, 0xFF, 0x13, 0x05, 0xE4, 0xE9, 0x2C,
    0xF9, 0x10, 0x22, 0xCF, 0xDB, 0xD4, 0xE4, 0x0C, 0x0E, 0xE1, 0x13, 0xC6,
    0x04, 0x01, 0xF8, 0xCD, 0x1F, 0x0A, 0xF8, 0xFB, 0x02, 0x26, 0xEB, 0xD1,
    0xF8, 0x43, 0x2C, 0xFB, 0xE6, 0x0E, 0x17, 0x40, 0xE3, 0xF6, 0x30, 0xC8,
    0xFB, 0x13, 0xDA, 0xC4, 0xFF, 0x0C, 0x43, 0xBA, 0xDF, 0x02, 0xF8, 0xF6,
    0xE0, 0x01, 0xEF, 0xE9, 0x05, 0xFB, 0xF9, 0x0A, 0x16, 0x18, 0x03, 0xEE,
    0xEE, 0x22, 0x1E, 0x12, 0xEA, 0xFA, 0x1D, 0x13, 0xB3, 0xEA, 0x21, 0x2D,
    0x09, 0x20, 0x0D, 0xCD, 0xF2, 0x00, 0xE7, 0xDC, 0xF9, 0xE8, 0x06, 0xF5,
    0xFD, 0xDC, 0xE2, 0xF3, 0x2D, 0x01, 0xDF, 0x13, 0xCA, 0x21, 0x3F, 0xFE,
    0xE9, 0xF4, 0x32, 0x1D, 0x25, 0xE7, 0x1F, 0x15, 0xD3, 0x3B, 0x1D, 0xFC,
    0xE6, 0x03, 0x01, 0x2A, 0xFF, 0x08, 0xE7, 0xE7, 0x03, 0x16, 0x09, 0xFD,
    0xD8, 0x20, 0xDB, 0xF2, 0x0C, 0xFE, 0x0F, 0xCD, 0xE1, 0xFF, 0x36, 0xC7,
    0x00, 0x07, 0x0D, 0x2A, 0x34, 0xC6, 0xF8, 0x0A, 0xCE, 0x1A, 0xDF, 0x2C,
    0x1D, 0xC6, 0x10, 0xFF, 0x1D, 0x02, 0xF3, 0xF0, 0x05, 0x1B, 0x17, 0xB1,
    0x1C, 0x08, 0x23, 0xFF, 0x08, 0xE0, 0x19, 0x11, 0x0D, 0xFD, 0xFC, 0xEE,
    0xFA, 0xD6, 0xE7, 0x0C, 0x0C, 0xFC, 0xC1, 0xFE, 0xF1, 0xE6, 0xDC, 0xFF,
    0x29, 0xEE, 0x0E, 0xE5, 0x4E, 0x10, 0x24, 0x3E, 0xD7, 0xD8, 0xE8, 0x19,
    0x0D, 0xBC, 0x10, 0xF5, 0x09, 0x0F, 0xF1, 0xD0, 0xF5, 0x30, 0x20, 0xF4,
    0xED, 0xCF, 0x13, 0xF1, 0xD0, 0x0F, 0x06, 0xF6, 0x2B, 0xF4, 0xC2, 0x3A,
    0x10, 0x31, 0xFF, 0x02, 0x0D, 0xEB, 0x17, 0x1C, 0xAD, 0x3B, 0x1E, 0x1C,
    0x0E, 0x03, 0xEC, 0xD2, 0xFB, 0x1F, 0xD8, 0xD5, 0xF3, 0x08, 0xF8, 0x20,
    0x14, 0xEA, 0xCF, 0x0F, 0xEC, 0xC9, 0xF5, 0xFA, 0xF5, 0x10, 0xCD, 0x10,
    0x1E, 0x14, 0xE2, 0xF3, 0x28, 0x18, 0x07, 0xDD, 0x31, 0xFC, 0xFB, 0x23,
    0x07, 0x14, 0x29, 0xEF, 0xF9, 0xE9, 0x0C, 0xFE, 0xD3, 0xD0, 0x16, 0xBC,
    0xEF, 0x08, 0xE1, 0x13, 0xFC, 0x11, 0xDB, 0xE5, 0xF0, 0x0F, 0xF9, 0xEA,
    0x26, 0x32, 0x25, 0x2B, 0x0A, 0x16, 0xEF, 0x05, 0x2F, 0xFE, 0x0B, 0xE7,
    0x04, 0x2E, 0x09, 0xC8, 0x0E, 0xF2, 0xC3, 0x12, 0x33, 0x0B, 0xF9, 0x4D,
    0x05, 0x1C, 0x33, 0xEB, 0x06, 0xD6, 0x06, 0xE0, 0x0C, 0xF0, 0x24, 0xEC,
    0xD2, 0xCF, 0xE9, 0xFE, 0xD6, 0xF0, 0x0E, 0x3D, 0xE0, 0x1D, 0x21, 0x08,
    0xD7, 0xEC, 0xFB, 0x08, 0xFB, 0xF6, 0xF6, 0x0F, 0x15, 0xFE, 0x07, 0xEC,
    0x0E, 0x08, 0x0E, 0xEA, 0x10, 0x07, 0xF6, 0xEA, 0x0A, 0x15, 0xD4, 0x2C,
    0x17, 0x06, 0xF9, 0xED, 0xD8, 0xDE, 0x16, 0xE5, 0x0D, 0xF6, 0x37, 0x13,
    0x1D, 0xE0, 0xDB, 0x1A, 0x05, 0x2F, 0xD6, 0xEC, 0x20, 0x15, 0x0A, 0x00,
    0xFB, 0xE8, 0xFA, 0xE3, 0xE3, 0x1C, 0xFB, 0x16, 0x0C, 0xEA, 0xE6, 0x0F,
    0x0C, 0x05, 0xCC, 0x17, 0x29, 0x12, 0xE1, 0x09, 0x33, 0xFF, 0x0A, 0xEB,
    0x01, 0x47, 0x07, 0x0F, 0xDB, 0x04, 0xBA, 0xF0, 0x18, 0x22, 0x11, 0xF6,
    0x04, 0xCD, 0xE8, 0xD9, 0x42, 0x03, 0xE7, 0xEE, 0xFD, 0x0C, 0xEA, 0x36,
    0x10, 0x13, 0xF6, 0xEA, 0xEC, 0xF0, 0xDD, 0x26, 0x0E, 0x12, 0xD2, 0x0E,
    0xE7, 0xE2, 0x3F, 0xE3, 0x09, 0xEC, 0xE9, 0xED, 0x11, 0x07, 0x2E, 0xD4,
    0xFE, 0xE7, 0xF6, 0x1F, 0xD9, 0x2F, 0x1D, 0x0A, 0x1D, 0x2F, 0xDB, 0x0A,
    0x21, 0xD8, 0xEE, 0xD0, 0x21, 0x14, 0xDE, 0xF1, 0x0C, 0xEC, 0x26, 0xD5,
    0x1F, 0xCA, 0xF8, 0x11, 0xDE, 0xED, 0x09, 0xEB, 0x07, 0xFB, 0x2A, 0xF8,
    0xC6, 0xE8, 0x10, 0x0F, 0x1C, 0xFD, 0x25, 0x12, 0xFB, 0xED, 0xE1, 0xFF,
    0x25, 0x17, 0xC1, 0x1E, 0xF2, 0xFD, 0xF6, 0xEF, 0x1E, 0x09, 0x11, 0x13,
    0xF7, 0x1A, 0xF7, 0xF4, 0x2D, 0xC6, 0xE0, 0x08, 0xEA, 0x0E, 0x13, 0x25,
    0xE9, 0xFD, 0x14, 0xDC, 0x20, 0x15, 0xD8, 0xF1, 0x24, 0xE7, 0x2D, 0x0D,
    0x01, 0x1E, 0x1E, 0x03, 0x06, 0xF6, 0x32, 0xEB, 0xB4, 0xCD, 0xE0, 0x12,
    0x1D, 0xEB, 0xFF, 0x07, 0xF1, 0x01, 0x40, 0xD8, 0x04, 0xFB, 0x30, 0x04,
    0x20, 0x0F, 0xD6, 0xF7, 0x0B, 0x25, 0xE1, 0xDE, 0xF9, 0x05, 0xFF, 0x0F,
    0xF9, 0xD3, 0xE5, 0xE4, 0xED, 0xEB, 0xFE, 0xED, 0x24, 0xF3, 0x2F, 0xFE,
    0x0E, 0xE2, 0xED, 0x03, 0x09, 0xF7, 0xF0, 0xFD, 0x09, 0x0A, 0xF8, 0x25,
    0xC8, 0x20, 0x13, 0x1D, 0xEB, 0x24, 0xF1, 0xEB, 0x29, 0xF6, 0x36, 0x03,
    0x4A, 0xC3, 0x0E, 0xA6, 0x07, 0xF4, 0xEB, 0x12, 0xFB, 0xF7, 0xEF, 0x07,
    0xFE, 0x0C, 0x0E, 0xFE, 0xFC, 0x02, 0x07, 0x09, 0xF5, 0x04, 0xF4, 0x0E,
    0xF7, 0xFD, 0xF5, 0xF4, 0x01, 0x0B, 0x08, 0x01, 0x18, 0xF9, 0x07, 0xF6,
    0x04, 0xF0, 0xF6, 0x0D, 0xD6, 0xE7, 0x1A, 0x0C, 0xFB, 0xEE, 0xE4, 0x2C,
    0x25, 0x09, 0xC6, 0x2F, 0xED, 0xF6, 0x2A, 0x04, 0xEF, 0xEC, 0xEC, 0x2E,
    0xEE, 0x38, 0x20, 0xC5, 0x08, 0x1D, 0xD0, 0xFE, 0xFB, 0xE7, 0x1F, 0x07,
    0x34, 0x50, 0x0D, 0x1F, 0x00, 0x28, 0x09, 0x07, 0xD7, 0xF7, 0xE8, 0x0B,
    0xE4, 0x22, 0xFF, 0xE0, 0xD8, 0x28, 0xEB, 0x10, 0x06, 0xC2, 0x26, 0xEC,
    0x05, 0xE9, 0xFC, 0x23, 0x03, 0xD7, 0xE9, 0xD0, 0xE1, 0x0B, 0xD9, 0xD0,
    0xCF, 0xFA, 0xE1, 0xF7, 0xFD, 0xFA, 0x12, 0x27, 0x32, 0x0A, 0xD8, 0xEA,
    0x03, 0x0F, 0x12, 0xE6, 0x30, 0x1A, 0x25, 0xFD, 0x1B, 0x07, 0xF6, 0xF5,
    0x0F, 0xE4, 0x30, 0xED, 0xF7, 0x0F, 0xE8, 0xCE, 0x1A, 0x21, 0xFC, 0xFB,
    0x3C, 0xB3, 0xE7, 0x2D, 0x00, 0x15, 0x16, 0x2F, 0xE8, 0x03, 0xF0, 0xF0,
    0xFB, 0xD5, 0x1E, 0xE3, 0xF3, 0x0C, 0xAF, 0x1B, 0xF2, 0x13, 0x15, 0x22,
    0xF4, 0x13, 0x06, 0x19, 0x0F, 0xD9, 0xBE, 0xF6, 0x34, 0xBE, 0x00, 0x18,
    0xE8, 0x10, 0x2F, 0xF9, 0x21, 0xE9, 0x08, 0xE9, 0x15, 0xD4, 0x09, 0x08,
    0xDB, 0x04, 0xFA, 0x36, 0xFF, 0x21, 0x01, 0xD3, 0xF8, 0x02, 0xF8, 0xFD,
    0xF3, 0xF1, 0x06, 0x2B, 0x13, 0x29, 0xC4, 0x00, 0x53, 0xFB, 0x2B, 0x37,
    0xF7, 0xF1, 0xC9, 0x08, 0xDD, 0x16, 0xFD, 0xE5, 0x24, 0xE7, 0xF8, 0x0B,
    0x1B, 0xBF, 0xF1, 0xEF, 0x0A, 0x00, 0xF7, 0xF8, 0xE7, 0xDB, 0xCB, 0x02,
    0x09, 0x2E, 0xBF, 0x09, 0xE3, 0x21, 0xBE, 0xFF, 0x03, 0x16, 0x04, 0xF9,
    0x41, 0xB0, 0x21, 0x05, 0x16, 0x05, 0x02, 0x1F, 0xE0, 0x01, 0x1F, 0x02,
    0xDE, 0x0E, 0x03, 0x0A, 0x03, 0x19, 0xE6, 0xF8, 0xE6, 0xFD, 0xE3, 0xFF,
    0x06, 0xFF, 0x13, 0xE8, 0x01, 0x26, 0xEF, 0xD5, 0x34, 0x18, 0x03, 0x10,
    0xD7, 0xF8, 0x01, 0xE5, 0x10, 0xEA, 0x58, 0x09, 0xCD, 0xD9, 0xED, 0xF4,
    0x3E, 0xF7, 0xD3, 0xF9, 0xD1, 0xEC, 0xDB, 0x20, 0xF3, 0x3E, 0xEE, 0xE4,
    0x28, 0xEC, 0xE9, 0x12, 0xE9, 0xE7, 0x43, 0xF8, 0xD6, 0x14, 0x32, 0xDA,
    0x10, 0x0B, 0x42, 0x47, 0x2D, 0x40, 0x31, 0xEE, 0x0C, 0xD0, 0x08, 0x21,
    0xFB, 0x03, 0xC5, 0xF7, 0xF1, 0x1B, 0xCF, 0xEF, 0x23, 0xEB, 0xC2, 0xE8,
    0x30, 0xFA, 0x13, 0x07, 0x05, 0xD3, 0xE3, 0x07, 0x11, 0xD8, 0x2C, 0xFC,
    0x21, 0x13, 0xF0, 0xFD, 0xFD, 0xE2, 0x0D, 0xDC, 0xE7, 0xE9, 0xF0, 0x13,
    0xF7, 0x07, 0xC4, 0xE9, 0xDF, 0x1F, 0xF7, 0x03, 0x0C, 0xEA, 0x12, 0xF5,
    0xCC, 0xDF, 0x1C, 0xE4, 0x56, 0x3D, 0x24, 0x28, 0x08, 0x34, 0x11, 0x47,
    0x1F, 0xD6, 0xEC, 0xCB, 0xEA, 0xFE, 0x00, 0x22, 0x34, 0x11, 0xFC, 0x06,
    0x21, 0xF6, 0x21, 0xF5, 0xF3, 0xC7, 0x1D, 0xC5, 0x0E, 0xEE, 0x07, 0xE3,
    0xDD, 0xEF, 0x0C, 0xE6, 0xFD, 0x02, 0xFC, 0x09, 0xF2, 0x05, 0xF8, 0xD6,
    0x25, 0xFF, 0x04, 0x3B, 0x00, 0xF3, 0xF3, 0x0E, 0xE4, 0x22, 0xAC, 0xF6,
    0x1E, 0xF5, 0x0D, 0xE5, 0x23, 0xD4, 0x02, 0xDA, 0x0B, 0xF3, 0x15, 0x20,
    0xE0, 0x00, 0x28, 0x20, 0x13, 0x0E, 0xED, 0xDC, 0xD9, 0xE7, 0x04, 0x0B,
    0xED, 0x05, 0xFA, 0xFC, 0xA7, 0x0B, 0xEF, 0x12, 0x35, 0xDA, 0x12, 0x01,
    0x13, 0xDF, 0xFF, 0x22, 0x1C, 0xFB, 0xFF, 0x31, 0xF3, 0x1C, 0xD7, 0xF3,
    0x28, 0x0E, 0xB7, 0x23, 0xDA, 0x18, 0xF0, 0x0C, 0xDF, 0x22, 0xF4, 0x1A,
    0x10, 0x14, 0x0B, 0x0B, 0xD7, 0x00, 0xFA, 0xF5, 0xDC, 0xF8, 0xF8, 0x15,
    0x17, 0x0C, 0x10, 0xF6, 0xFA, 0xE8, 0xEF, 0x20, 0x1D, 0xE1, 0x11, 0x07,
    0xF0, 0xFA, 0xF2, 0xF2, 0x27, 0xED, 0xF9, 0x02, 0xF8, 0x36, 0xCD, 0xCD,
    0x1D, 0xF1, 0x00, 0xEB, 0x09, 0x09, 0x28, 0xFE, 0x07, 0x14, 0x00, 0x11,
    0xF7, 0x27, 0xF4, 0x30, 0x20, 0xFE, 0x07, 0x5A, 0x13, 0xAC, 0xE1, 0xF0,
    0x01, 0x09, 0xF3, 0x20, 0x05, 0xCA, 0xF9, 0x17, 0xEF, 0xFB, 0x0D, 0xFF,
    0xFE, 0x03, 0xFE, 0xF6, 0xE7, 0xF5, 0x1D, 0xFA, 0xF6, 0xD7, 0xFE, 0x2E,
    0x0F, 0xC1, 0x15, 0xB7, 0x05, 0xDB, 0x0D, 0xFB, 0x19, 0x2B, 0xF1, 0x0A,
    0xE0, 0xE9, 0x16, 0x21, 0xD6, 0xEB, 0x29, 0x2C, 0x28, 0xF7, 0x1D, 0x10,
    0x19, 0x0A, 0xBB, 0xE3, 0xF8, 0xDA, 0x0C, 0x4C, 0x04, 0xEF, 0xF7, 0xD5,
    0xF8, 0x25, 0xD8, 0x2E, 0x2B, 0xF0, 0x17, 0x09, 0xF4, 0xCF, 0xDC, 0xFF,
    0x33, 0x08, 0xFA, 0xE7, 0xE1, 0x0E, 0xEA, 0xEB, 0xE7, 0x26, 0x28, 0xF0,
    0x01, 0x18, 0xF0, 0x2F, 0xD7, 0xF5, 0xF4, 0x2F, 0xDA, 0xE6, 0x1A, 0xE1,
    0xEB, 0x1A, 0x3D, 0xEB, 0xFB, 0xD7, 0xCA, 0xDE, 0x34, 0x18, 0x1A, 0xF9,
    0x15, 0xEA, 0xBA, 0xFA, 0x18, 0x1B, 0x0E, 0x04, 0xFC, 0x12, 0xE4, 0x04,
    0xE4, 0xDB, 0xFD, 0x07, 0xFC, 0x06, 0xF3, 0xF5, 0x00, 0xF6, 0xF9, 0x2E,
    0x17, 0x06, 0x02, 0x45, 0xFD, 0xE4, 0x1F, 0x23, 0x3F, 0xD2, 0xDD, 0xE7,
    0xF8, 0xF1, 0x0A, 0xE8, 0xD2, 0xE9, 0x11, 0xE1, 0x21, 0xD2, 0xCA, 0x07,
    0xFA, 0x03, 0x14, 0xE1, 0x14, 0x13, 0x31, 0x03, 0x1D, 0xE7, 0xF6, 0xE7,
    0x00, 0x2B, 0x17, 0xEE, 0x09, 0x1F, 0x0C, 0xE8, 0x2E, 0xF8, 0x0B, 0xF6,
    0xF8, 0x2E, 0x17, 0x11, 0xFA, 0xD9, 0xE5, 0xFB, 0xF9, 0x06, 0x06, 0x00,
    0xEB, 0x33, 0xD6, 0x25, 0xFF, 0x15, 0xF9, 0xEF, 0xF3, 0xE4, 0xF6, 0x33,
    0x19, 0xCD, 0x0A, 0x22, 0x26, 0xD2, 0x0D, 0xDE, 0x18, 0xDB, 0xFB, 0x17,
    0xFF, 0x10, 0x0E, 0xEF, 0xFE, 0xFF, 0x08, 0x27, 0xFC, 0x4F, 0x11, 0x03,
    0xCE, 0xE8, 0xE0, 0xF3, 0x10, 0x9C, 0x1D, 0x27, 0x18, 0x0B, 0x08, 0x00,
    0xD7, 0x0F, 0xC6, 0x0E, 0xEB, 0x0D, 0xFE, 0xF1, 0x14, 0xCE, 0xC5, 0x14,
    0x3F, 0xEF, 0x13, 0xF1, 0x0A, 0xFC, 0x08, 0x46, 0x1B, 0xFF, 0x17, 0xF3,
    0x09, 0x03, 0x12, 0xBA, 0x0C, 0xE5, 0xC2, 0xF4, 0x23, 0x14, 0x19, 0xF3,
    0x11, 0x1F, 0x1C, 0x18, 0xFC, 0x0A, 0xE8, 0xCA, 0xDE, 0xDD, 0xE2, 0x1A,
    0xF3, 0xFC, 0xFC, 0xFF, 0xF7, 0x1E, 0xFE, 0x2F, 0xF0, 0x23, 0x16, 0xF8,
    0xDC, 0x28, 0xE5, 0xFE, 0xEE, 0xEF, 0xE8, 0x0E, 0xF4, 0x26, 0x1F, 0x21,
    0x0E, 0xFF, 0xE4, 0xF3, 0xF6, 0xB7, 0x14, 0x1B, 0x2B, 0x02, 0xF8, 0x1D,
    0xE7, 0xDA, 0xD4, 0xF8, 0x10, 0x23, 0x05, 0x1C, 0x0C, 0x07, 0xFF, 0xF8,
    0x0F, 0xD8, 0xD4, 0xF8, 0xE7, 0x1F, 0x15, 0xEB, 0xED, 0xDD, 0xE0, 0xFD,
    0x2E, 0x1F, 0x03, 0x12, 0xF6, 0x0A, 0xE6, 0xCC, 0xFA, 0xF1, 0x0E, 0xEC,
    0x06, 0xE9, 0x0A, 0x04, 0x0B, 0xD7, 0x0B, 0x4A, 0x1B, 0xE3, 0x08, 0xF8,
    0xFC, 0xE5, 0xD0, 0x0D, 0xC2, 0xF8, 0x01, 0x14, 0x01, 0x14, 0xAD, 0x2B,
    0xDC, 0x53, 0x0D, 0xFA, 0xFF, 0x0D, 0x05, 0xC5, 0x1D, 0x18, 0xF5, 0xF3,
    0x02, 0x22, 0xD5, 0x15, 0x15, 0xFF, 0x06, 0xF5, 0xED, 0xE2, 0x15, 0x08,
    0x1B, 0xEE, 0xF0, 0x1E, 0xF3, 0xE5, 0xC9, 0x1F, 0xDE, 0x17, 0x0F, 0x06,
    0x02, 0xC9, 0xF9, 0xA2, 0xF6, 0x31, 0x22, 0xEF, 0x00, 0x0A, 0x06, 0x28,
    0xEE, 0x1C, 0x2A, 0x15, 0x27, 0x1F, 0x11, 0xD7, 0xFF, 0x01, 0xFE, 0xF8,
    0xF6, 0x33, 0xF0, 0x0E, 0xEB, 0x17, 0x03, 0xD9, 0x00, 0xFC, 0x00, 0x1C,
    0x1C, 0xC6, 0x1C, 0xC8, 0xC5, 0xFD, 0x27, 0xE6, 0x25, 0xCB, 0xFB, 0x08,
    0x2F, 0x14, 0xF6, 0xE8, 0xDE, 0x04, 0xD8, 0x08, 0x0D, 0xD5, 0x19, 0xFB,
    0xCF, 0x0B, 0xFE, 0x19, 0xCA, 0x0E, 0xCF, 0x29, 0x31, 0xFC, 0x26, 0xBE,
    0xF9, 0x12, 0x05, 0x05, 0x21, 0x07, 0xFE, 0xFB, 0x15, 0xFA, 0x3A, 0x0F,
    0x4D, 0xA8, 0x28, 0xD3, 0x09, 0xF4, 0xDE, 0x22, 0x1F, 0xE8, 0x2C, 0x15,
    0xFB, 0xBF, 0xEB, 0xFE, 0xFF, 0xFE, 0x08, 0x05, 0x0A, 0xD9, 0xE6, 0x12,
    0x4F, 0x09, 0xE5, 0xCC, 0xEC, 0x0B, 0xE9, 0x03, 0xE3, 0xEB, 0xED, 0xDE,
    0x15, 0xC3, 0x10, 0x10, 0xF0, 0x0A, 0xE5, 0xFA, 0xFD, 0x2F, 0x0E, 0xE5,
    0x49, 0xCA, 0x58, 0x05, 0xDF, 0x1A, 0xFF, 0x09, 0x01, 0xFF, 0xDF, 0xFF,
    0xF8, 0xE7, 0xCA, 0xD6, 0xE8, 0x29, 0xDE, 0xF5, 0x22, 0x02, 0xBB, 0x18,
    0x1D, 0x25, 0x4B, 0x07, 0x1F, 0x05, 0xC3, 0xFC, 0xE9, 0x0A, 0x12, 0x18,
    0xEF, 0x0B, 0xE4, 0xE2, 0x0C, 0xEA, 0xFF, 0x17, 0x19, 0x29, 0x00, 0xD0,
    0xF0, 0x24, 0xFC, 0x06, 0x22, 0xE4, 0xC5, 0xE9, 0x46, 0x0A, 0x1A, 0x04,
    0xF1, 0x0B, 0xE8, 0x06, 0x3D, 0xFA, 0x10, 0x15, 0xFC, 0xEA, 0x0E, 0xCE,
    0xFA, 0xC1, 0x1A, 0xDF, 0xDC, 0x01, 0x20, 0x0D, 0x26, 0x08, 0x06, 0x44,
    0xE0, 0x1B, 0x04, 0xF7, 0x2A, 0x0E, 0x04, 0xC5, 0xE7, 0xE1, 0xC6, 0x0C,
    0xF8, 0x0B, 0x30, 0xDB, 0xD4, 0x00, 0xFF, 0xEE, 0xEF, 0x03, 0xF6, 0x14,
    0xE9, 0x0C, 0x07, 0x0B, 0x04, 0xF9, 0xEF, 0xEB, 0xF7, 0x0D, 0x1A, 0xDF,
    0x0D, 0x2A, 0x15, 0xFE, 0xFA, 0xE6, 0x0A, 0xC1, 0xDD, 0xE0, 0x24, 0xF2,
    0x35, 0xD1, 0x13, 0xFC, 0x13, 0x09, 0x2C, 0x0A, 0x12, 0xDF, 0x01, 0x24,
    0x21, 0x07, 0xEC, 0xDB, 0xF8, 0xF8, 0xF8, 0x26, 0xEE, 0xE3, 0xF1, 0x35,
    0xF7, 0x28, 0xEE, 0xCA, 0xD6, 0x1E, 0x1C, 0xEA, 0x25, 0xFE, 0xF4, 0xF4,
    0x3C, 0x1F, 0xDA, 0xE8, 0xEC, 0xF9, 0xD3, 0x20, 0xFC, 0x0D, 0xF1, 0x0B,
    0x12, 0x08, 0x0B, 0x15, 0x16, 0xFB, 0x0D, 0x0A, 0x15, 0x0A, 0xD6, 0xFE,
    0x08, 0xC7, 0xEE, 0x1A, 0x29, 0x27, 0xF5, 0xA8, 0x06, 0xD0, 0xEC, 0x0E,
    0xEF, 0xFE, 0xD8, 0x10, 0x1D, 0xF4, 0xD1, 0x0E, 0xDD, 0xFA, 0xE8, 0xF9,
    0x11, 0x05, 0x12, 0xF0, 0xF2, 0xFE, 0xD4, 0x12, 0x14, 0x07, 0x33, 0x1D,
    0xFE, 0x21, 0x2A, 0xF4, 0x03, 0xFC, 0x28, 0xC1, 0xE8, 0xE2, 0x18, 0xFF,
    0xC5, 0xE8, 0x0A, 0xFD, 0x51, 0xF9, 0xE0, 0xF7, 0xC5, 0xFE, 0xED, 0x3C,
    0xEF, 0x2E, 0x02, 0xF7, 0xEF, 0xF1, 0x19, 0x19, 0xFA, 0xF1, 0xDF, 0x1C,
    0x2E, 0x03, 0x35, 0xF2, 0xBC, 0xCF, 0x16, 0x11, 0x07, 0xD1, 0x15, 0xFF,
    0x1E, 0x0E, 0xE0, 0x0B, 0x44, 0x21, 0x08, 0xCB, 0xF2, 0x06, 0x25, 0xFD,
    0x16, 0x1D, 0xF9, 0xFE, 0x15, 0x0A, 0xF4, 0xF0, 0x09, 0x05, 0xDA, 0xF6,
    0x30, 0x3D, 0x16, 0x07, 0x16, 0xE5, 0xFB, 0xB3, 0x0B, 0xE7, 0xF0, 0x11,
    0x1F, 0x55, 0x0C, 0xEB, 0xF6, 0x10, 0xE8, 0xD8, 0x0A, 0xE7, 0xE7, 0xD1,
    0xEE, 0x0B, 0xC4, 0x13, 0xE4, 0x1D, 0x19, 0x0F, 0x05, 0x31, 0xFD, 0x09,
    0x22, 0xD2, 0xEF, 0xF7, 0xE8, 0x13, 0xE0, 0x0B, 0xE1, 0x19, 0xFA, 0xFB,
    0xF4, 0x1A, 0x3B, 0x0C, 0xFA, 0x35, 0x08, 0x00, 0xFD, 0xFB, 0xF4, 0x03,
    0xDD, 0xBB, 0x00, 0x11, 0xC6, 0xFA, 0xE7, 0x0D, 0xFC, 0x22, 0xCD, 0xFC,
    0x5B, 0xF7, 0x07, 0xE9, 0x18, 0x24, 0x02, 0x18, 0xF0, 0x07, 0x16, 0x1E,
    0xE0, 0x24, 0x17, 0xCC, 0x24, 0xFA, 0xE4, 0xFE, 0x0E, 0xE6, 0xEF, 0xF3,
    0x19, 0x4A, 0xEB, 0xDB, 0x16, 0x13, 0xC8, 0x06, 0x12, 0xE5, 0x00, 0x3F,
    0x10, 0xF8, 0xC8, 0x00, 0xFD, 0x21, 0x00, 0xF0, 0xD5, 0xD5, 0x12, 0xFB,
    0xE7, 0xB9, 0x16, 0xDB, 0x1C, 0x04, 0x16, 0x20, 0x17, 0x26, 0x34, 0x18,
    0xD2, 0x03, 0x35, 0xF5, 0xEA, 0xE8, 0xF1, 0x04, 0xEE, 0x0A, 0xF8, 0xC0,
    0xBE, 0x04, 0x0C, 0x06, 0xE9, 0xE4, 0xFF, 0x04, 0x10, 0x03, 0x29, 0x14,
    0x0C, 0xE9, 0x29, 0xDF, 0xC7, 0x09, 0x0E, 0x04, 0xEB, 0xCF, 0x21, 0x18,
    0xFD, 0xC3, 0x12, 0x1B, 0x22, 0x20, 0xE8, 0xFD, 0xE3, 0xD4, 0x16, 0x2C,
    0x0D, 0xD0, 0xF2, 0x0E, 0xF8, 0xD5, 0xD5, 0x0E, 0x05, 0x2C, 0x26, 0x1E,
    0x1D, 0x29, 0x08, 0xC7, 0x2D, 0xF9, 0x14, 0x0C, 0x04, 0xEC, 0xD4, 0x24,
    0x10, 0xF1, 0x04, 0xED, 0xF6, 0x02, 0x39, 0xE6, 0xD9, 0x00, 0x19, 0xB8,
    0x0A, 0xEB, 0x14, 0x30, 0x13, 0xF5, 0x04, 0x01, 0x03, 0xD5, 0xF2, 0x0B,
    0x2C, 0xDE, 0xEF, 0xED, 0xF6, 0xFB, 0xFF, 0xEB, 0x1C, 0x11, 0x3C, 0xFB,
    0x18, 0xFF, 0xC9, 0x05, 0xD2, 0x0B, 0x1B, 0xCC, 0x14, 0x07, 0xE2, 0xDF,
    0xEA, 0x53, 0x29, 0xEE, 0x4E, 0x4B, 0xF8, 0x1F, 0x05, 0xDB, 0xCF, 0xEA,
    0xF7, 0xF7, 0xE8, 0x3C, 0xE4, 0xFB, 0x12, 0xE6, 0x13, 0x08, 0xEB, 0x2F,
    0xD2, 0x07, 0xE7, 0xEF, 0x27, 0xD3, 0xE4, 0xF0, 0x1E, 0x1A, 0x13, 0xFF,
    0x1A, 0x01, 0x1E, 0xFC, 0xD1, 0x00, 0xE0, 0x0E, 0x08, 0x14, 0xEF, 0x0F,
    0xEB, 0x0D, 0x36, 0xFC, 0xF5, 0x45, 0xED, 0xF4, 0x05, 0x12, 0xFD, 0xAD,
    0x19, 0x13, 0x01, 0xEB, 0xEE, 0x04, 0xEA, 0x13, 0x30, 0x29, 0xEB, 0xE9,
    0x1B, 0xDC, 0xED, 0xF3, 0xD4, 0xF9, 0xEE, 0x24, 0x21, 0x1C, 0xCE, 0x1C,
    0xF1, 0x30, 0xD2, 0xD7, 0x14, 0xEB, 0x04, 0xE5, 0x57, 0xC3, 0x05, 0x10,
    0x16, 0x04, 0x1E, 0xE1, 0x22, 0x2E, 0x1B, 0xEC, 0xF2, 0xB3, 0xD0, 0x20,
    0x10, 0xEF, 0xD8, 0xEE, 0x1B, 0x32, 0x35, 0x31, 0xE4, 0x05, 0xDB, 0xFD,
    0xCF, 0x11, 0xEA, 0x22, 0x03, 0xF4, 0xF6, 0xE8, 0x0F, 0x0B, 0x18, 0x16,
    0xE1, 0x1A, 0xFF, 0x13, 0x08, 0xE4, 0xEA, 0xE9, 0xEE, 0x10, 0xE3, 0xDA,
    0x3D, 0xEF, 0x3D, 0x02, 0xD1, 0x24, 0x2A, 0x13, 0xD8, 0x05, 0x1A, 0xC3,
    0xF1, 0x18, 0xFE, 0xE8, 0x18, 0xDF, 0x1A, 0x15, 0x28, 0x39, 0xF7, 0xDD,
    0xF6, 0xEF, 0x28, 0xE2, 0xE4, 0xC5, 0xE4, 0x05, 0x32, 0xDA, 0x0B, 0xF9,
    0xCC, 0x04, 0xC4, 0x0F, 0x1C, 0xBA, 0x1D, 0x0B, 0xEA, 0xEC, 0xFF, 0x32,
    0x19, 0x0F, 0x40, 0x22, 0x0D, 0x13, 0xD1, 0x29, 0x00, 0x01, 0x1E, 0xBB,
    0x01, 0xBA, 0x1F, 0x20, 0xE7, 0x11, 0xFA, 0x01, 0xFA, 0xE1, 0xC8, 0xD1,
    0x12, 0xFF, 0x3D, 0x10, 0x0E, 0x08, 0xD8, 0xFE, 0x08, 0xF4, 0xF0, 0x06,
    0xFF, 0xFF, 0x08, 0x1F, 0x48, 0xCC, 0xCF, 0x08, 0xDD, 0x1A, 0x04, 0xF7,
    0x35, 0x0A, 0xE7, 0x22, 0xEA, 0xCB, 0x06, 0xDA, 0x01, 0xCA, 0x20, 0x1C,
    0xDE, 0xF2, 0x35, 0xDD, 0x11, 0x2C, 0x03, 0xE8, 0x07, 0x17, 0x1C, 0xD3,
    0xEE, 0x06, 0xDE, 0xCA, 0x2D, 0x03, 0x18, 0x16, 0x15, 0xD0, 0x0C, 0x09,
    0xEA, 0x00, 0xFE, 0x03, 0x23, 0x03, 0x27, 0xF7, 0xDA, 0x03, 0xCB, 0x21,
    0x2F, 0xED, 0xF0, 0xFC, 0x1B, 0x14, 0xF6, 0xF7, 0xAF, 0xDB, 0xF8, 0xE2,
    0x35, 0xEC, 0x0A, 0xDC, 0xEE, 0x3F, 0xFA, 0x14, 0x1F, 0xFD, 0x07, 0xEF,
    0x32, 0xED, 0x1E, 0xED, 0xF2, 0x06, 0xEB, 0xDA, 0xFB, 0xF3, 0x01, 0x27,
    0xF6, 0x27, 0xF7, 0x23, 0x13, 0x24, 0x1F, 0xE7, 0x29, 0xE3, 0xEF, 0xC6,
    0x03, 0x0A, 0x18, 0xDA, 0xE5, 0x12, 0xEA, 0x17, 0xDF, 0xFC, 0x07, 0xDA,
    0xE2, 0x0E, 0xCE, 0x1B, 0x50, 0xE7, 0x05, 0x0D, 0x04, 0x0B, 0xF4, 0xE6,
    0x28, 0xE7, 0xDD, 0x01, 0x02, 0xD3, 0xEB, 0x2D, 0xED, 0x07, 0xF9, 0x19,
    0x13, 0xBD, 0xEC, 0x17, 0x0C, 0xAA, 0x4C, 0x25, 0xFF, 0xF6, 0x11, 0x2A,
    0xFD, 0xF0, 0xF8, 0x04, 0x0D, 0x1F, 0x40, 0xDC, 0xFA, 0x0F, 0xE8, 0x11,
    0x24, 0x23, 0xD8, 0x15, 0xFD, 0xDC, 0x29, 0x06, 0xCE, 0x24, 0xD4, 0xCD,
    0xF0, 0x08, 0x39, 0xE3, 0xB0, 0xEB, 0xC8, 0xC9, 0x4D, 0xFF, 0x13, 0x15,
    0xE0, 0xF9, 0xDA, 0xF2, 0xEA, 0xEF, 0xEB, 0x14, 0xDF, 0x08, 0xE0, 0xFD,
    0xF6, 0xF1, 0xEC, 0x36, 0xF7, 0xFD, 0x03, 0x37, 0x09, 0x0F, 0x17, 0x01,
    0x1B, 0x02, 0x0F, 0xEC, 0x1F, 0xEF, 0x12, 0x09, 0xED, 0x0D, 0x42, 0x00,
    0xE7, 0x02, 0xFD, 0x00, 0xFD, 0xE6, 0x0B, 0x2E, 0x20, 0x1F, 0x0A, 0x16,
    0x1E, 0x09, 0xD1, 0x14, 0xEF, 0xD2, 0xEB, 0x03, 0x1A, 0x0F, 0xF8, 0xF2,
    0xE8, 0xCB, 0xEB, 0xEF, 0x00, 0x42, 0x36, 0x09, 0x07, 0x20, 0xCD, 0x05,
    0x25, 0xE4, 0xFF, 0x27, 0x07, 0x32, 0x1A, 0xE8, 0x91, 0xD0, 0x0F, 0x36,
    0xE7, 0xBF, 0x15, 0xD3, 0x05, 0xE9, 0x02, 0x37, 0xEB, 0xDF, 0x01, 0xD7,
    0xEF, 0x07, 0x0B, 0x07, 0x13, 0x0A, 0x09, 0x01, 0x12, 0xFE, 0xED, 0x0C,
    0xF4, 0x30, 0x19, 0x2B, 0x06, 0xE4, 0x01, 0xE1, 0x01, 0xEB, 0x0B, 0x07,
    0x00, 0xE0, 0xF1, 0xDE, 0xF0, 0xF5, 0xED, 0x13, 0xEE, 0xF1, 0xE8, 0x21,
    0x16, 0xFB, 0x04, 0x2B, 0x1C, 0x22, 0xBF, 0xDF, 0x19, 0x24, 0x1A, 0x39,
    0xF0, 0xE5, 0x03, 0x26, 0x01, 0xEC, 0xF2, 0xF2, 0x07, 0xFE, 0xBE, 0xC4,
    0x41, 0x06, 0xE2, 0xF9, 0xF8, 0x30, 0x15, 0xE1, 0x21, 0xF2, 0xBF, 0x08,
    0xF3, 0x26, 0x17, 0xF7, 0x1D, 0x30, 0xF4, 0x0B, 0xD9, 0xE5, 0x01, 0x05,
    0x08, 0xD9, 0x05, 0xE1, 0xC8, 0xFB, 0xF5, 0xFF, 0xFD, 0xEE, 0x33, 0x2A,
    0x1C, 0xDC, 0x32, 0xE3, 0xE3, 0xF7, 0x05, 0xCD, 0x23, 0x19, 0xD6, 0xF2,
    0xFF, 0x1C, 0xD5, 0x44, 0xFC, 0x0C, 0xE0, 0xF6, 0x0A, 0xE0, 0xF3, 0xD5,
    0x02, 0xFE, 0x01, 0x0C, 0x0F, 0xFB, 0x19, 0x33, 0x0E, 0x0B, 0x17, 0xED,
    0xFE, 0x18, 0x15, 0x14, 0xDE, 0xCB, 0xEE, 0x18, 0xE9, 0x36, 0x1D, 0x19,
    0x05, 0xEE, 0x18, 0xF8, 0xE6, 0x1E, 0x0D, 0x00, 0x1E, 0xDA, 0xB4, 0xEC,
    0xFC, 0x0D, 0xEC, 0x08, 0x0F, 0x02, 0xE9, 0xD7, 0xE9, 0xF9, 0xFF, 0xED,
    0x15, 0xF8, 0x05, 0x30, 0x28, 0x04, 0xE4, 0x0F, 0xE7, 0xF7, 0xD8, 0xDF,
    0xE5, 0xAE, 0xFB, 0xEF, 0xF2, 0x0D, 0x2A, 0x32, 0x30, 0xF5, 0x25, 0x0E,
};
static const int8_t k_blk1_fc2[32 * 96] __attribute__((aligned(4))) = {
    0xEE, 0x2A, 0x0B, 0xF6, 0xE7, 0x17, 0x19, 0x18, 0x14, 0xED, 0x12, 0x04,
    0xFA, 0x10, 0x04, 0x0D, 0x04, 0xF3, 0x06, 0x35, 0xF4, 0x04, 0x02, 0xF7,
    0xE5, 0xF0, 0x25, 0x16, 0xEA, 0x0A, 0x14, 0xE9, 0x02, 0x2D, 0xF9, 0xE3,
    0xFB, 0xEE, 0x08, 0xCC, 0xEF, 0xFE, 0x0F, 0x10, 0x22, 0xFF, 0xFA, 0x3A,
    0xD2, 0xFD, 0xE3, 0x18, 0xEC, 0x11, 0xE0, 0x14, 0xE1, 0x1E, 0x06, 0xEE,
    0xE4, 0x0C, 0x06, 0x0D, 0x05, 0x21, 0xF9, 0xE9, 0xFC, 0x20, 0xDF, 0xE2,
    0x2C, 0x0F, 0xC6, 0xEB, 0x18, 0xF7, 0x11, 0x00, 0xDF, 0xE2, 0xF9, 0x06,
    0xFD, 0xF1, 0xF5, 0xEA, 0xEA, 0xD8, 0xEC, 0xEB, 0xEA, 0x01, 0x0B, 0x05,
    0x06, 0x23, 0xF5, 0x21, 0xF4, 0x18, 0x1F, 0x13, 0x18, 0x3A, 0x02, 0x08,
    0xE3, 0xDA, 0x1C, 0xF0, 0xEB, 0xE5, 0x00, 0xDF, 0xE4, 0xC2, 0x05, 0x3A,
    0xDC, 0xD8, 0xE8, 0x13, 0xF5, 0x02, 0xF2, 0x23, 0x03, 0x2C, 0x10, 0xEC,
    0xED, 0x18, 0x13, 0xD7, 0x24, 0xE8, 0x23, 0xC8, 0x09, 0xFB, 0x00, 0xFA,
    0xF1, 0xF5, 0xD7, 0xFF, 0x01, 0x20, 0x24, 0xC5, 0xE3, 0xE3, 0xFB, 0x16,
    0x03, 0x06, 0xDB, 0x01, 0x02, 0x38, 0xC6, 0x0D, 0x06, 0xEB, 0xD9, 0xF5,
    0xE9, 0x0F, 0xCA, 0xFA, 0x41, 0xE6, 0xF6, 0x13, 0xEF, 0xE8, 0xB2, 0x13,
    0xEC, 0x02, 0xC3, 0x06, 0xEF, 0xF4, 0x2C, 0xF1, 0x02, 0x09, 0x16, 0x27,
    0xCF, 0xE4, 0xE7, 0x01, 0xFA, 0x08, 0xEC, 0x0A, 0x14, 0x17, 0x1D, 0x17,
    0x12, 0x04, 0xEA, 0xDF, 0x3F, 0xF4, 0x16, 0xF1, 0xE0, 0xEC, 0xED, 0xF3,
    0x04, 0x1B, 0xF7, 0x0B, 0xE7, 0xF2, 0xE7, 0x2A, 0xE7, 0x25, 0x03, 0x05,
    0xF9, 0x2F, 0x27, 0xFD, 0x08, 0x34, 0xC6, 0xF4, 0xE7, 0x05, 0xF0, 0xE5,
    0x1C, 0xFA, 0xFB, 0xDB, 0xFE, 0x04, 0xD4, 0x1C, 0xF9, 0x13, 0xFA, 0x03,
    0xFB, 0xE7, 0x36, 0xDF, 0x0B, 0xEF, 0xEB, 0x0A, 0xE7, 0xF4, 0xE2, 0x05,
    0xF3, 0xF3, 0xD1, 0x32, 0x0F, 0x03, 0xEC, 0x14, 0xE5, 0xFC, 0xCB, 0x15,
    0xE1, 0x2E, 0xFA, 0x0B, 0xF7, 0xFF, 0xEE, 0x08, 0x13, 0xDA, 0xDB, 0xF9,
    0x0A, 0xD4, 0x17, 0x2E, 0x07, 0xED, 0x38, 0x03, 0x16, 0x16, 0x0A, 0xDA,
    0xF0, 0xF8, 0x00, 0x0A, 0xB2, 0xB8, 0x20, 0x08, 0xDC, 0xF7, 0xFA, 0xF7,
    0x1C, 0x28, 0xF6, 0xF5, 0xEE, 0x20, 0x28, 0xDA, 0xE9, 0xF5, 0xEF, 0x06,
    0xCB, 0x09, 0x00, 0x14, 0xF1, 0xE5, 0xEA, 0xE9, 0x00, 0xD3, 0xF3, 0xF4,
    0x17, 0xFA, 0x14, 0x00, 0xD7, 0x09, 0x04, 0x09, 0x1B, 0xFF, 0x21, 0xEC,
    0xF4, 0x14, 0xCB, 0xD5, 0x05, 0x01, 0x81, 0xF5, 0x08, 0x2D, 0x0B, 0x0B,
    0xEF, 0xDE, 0x03, 0x16, 0x42, 0x13, 0x24, 0x26, 0xE6, 0xEB, 0x20, 0xD4,
    0xFE, 0xE1, 0xD1, 0xEC, 0x39, 0xDB, 0xF5, 0x0D, 0x09, 0xF6, 0xE6, 0x2D,
    0x02, 0x09, 0x4B, 0x28, 0xDF, 0x0A, 0x0A, 0xE9, 0x2E, 0x0C, 0xE3, 0xF2,
    0x2B, 0x10, 0x15, 0xD4, 0x0C, 0x00, 0xFB, 0xE0, 0x0A, 0x10, 0x05, 0x13,
    0xE3, 0x13, 0xE5, 0x2C, 0x06, 0xC8, 0x15, 0x02, 0x20, 0xF4, 0xEC, 0x37,
    0x15, 0x0A, 0x04, 0xDB, 0x1A, 0xF5, 0x1C, 0x01, 0xFE, 0xEF, 0x44, 0xF3,
    0xF3, 0x15, 0xF3, 0x20, 0x2B, 0xF1, 0x27, 0xD7, 0x01, 0xBF, 0xCE, 0xF2,
    0xF4, 0xFA, 0x28, 0xE1, 0xEE, 0xE2, 0x02, 0x1D, 0x38, 0xCC, 0x00, 0xF7,
    0xB2, 0xD2, 0x0C, 0x04, 0x03, 0x02, 0xE7, 0x1F, 0xF4, 0x12, 0x03, 0x15,
    0xEE, 0x10, 0x33, 0xF6, 0x1C, 0x17, 0x07, 0xEF, 0x01, 0x0B, 0x11, 0x1F,
    0xE4, 0x24, 0xE6, 0xA1, 0x19, 0xE7, 0x07, 0xE4, 0xEB, 0x3C, 0x10, 0xE0,
    0xFE, 0x06, 0xE0, 0xDB, 0x0D, 0x10, 0x00, 0xF8, 0x0A, 0xF5, 0x15, 0xDC,
    0xB3, 0xFA, 0x02, 0x2B, 0x24, 0xFF, 0xDD, 0xE9, 0xF5, 0x0D, 0x24, 0x13,
    0x28, 0x0C, 0xE3, 0x1E, 0x3B, 0xF2, 0x1C, 0xFA, 0x2A, 0x0B, 0xF7, 0xF0,
    0xFB, 0x14, 0xE9, 0xF6, 0x0E, 0x1B, 0xD3, 0x01, 0x17, 0xD5, 0xF1, 0x0E,
    0x19, 0xDA, 0x0B, 0x14, 0x0B, 0xE1, 0x35, 0x31, 0xB7, 0xE7, 0xE2, 0x07,
    0x16, 0xF2, 0x24, 0x0F, 0x07, 0x00, 0xEC, 0x2C, 0xD9, 0x45, 0xE5, 0x27,
    0xED, 0x20, 0xF2, 0x25, 0xEF, 0xC6, 0x08, 0x0A, 0x33, 0x12, 0x0C, 0x24,
    0xE7, 0x08, 0xD6, 0xFD, 0x0B, 0xE9, 0xF1, 0x0A, 0xE9, 0x03, 0x50, 0xDB,
    0x2D, 0xFB, 0xFD, 0x29, 0x0F, 0x26, 0xC9, 0x1A, 0xDB, 0x05, 0xFC, 0x15,
    0x2D, 0xE8, 0xD8, 0xBA, 0xE7, 0xED, 0x21, 0x06, 0x0D, 0xB0, 0x0D, 0x2A,
    0xEB, 0xF9, 0x02, 0x4E, 0xFC, 0x16, 0xD8, 0xFE, 0x1D, 0xF5, 0x13, 0x10,
    0xDB, 0xF0, 0x14, 0xF8, 0x14, 0xE4, 0xF8, 0x59, 0xFB, 0x3B, 0xE6, 0xD8,
    0x0A, 0x14, 0x0C, 0xD0, 0xF7, 0xEF, 0x36, 0x05, 0x2D, 0x2A, 0x0E, 0xDC,
    0xF8, 0xEB, 0xFB, 0x05, 0xF1, 0x2B, 0x08, 0xF3, 0xF0, 0x26, 0xFF, 0x12,
    0x13, 0xDA, 0x0F, 0xF6, 0xFB, 0xF6, 0x07, 0xF0, 0x13, 0xCB, 0xC7, 0x0D,
    0xCD, 0x2C, 0x21, 0x18, 0x1E, 0xE3, 0xF9, 0x07, 0x1E, 0xEA, 0x09, 0x07,
    0xEF, 0xED, 0xE6, 0xFE, 0xE6, 0xEE, 0xE0, 0xF5, 0xEC, 0xF0, 0x01, 0x21,
    0x04, 0xC0, 0xFA, 0x02, 0x02, 0xFD, 0x04, 0x02, 0xF6, 0xE2, 0x1A, 0xD9,
    0x15, 0xCF, 0x11, 0xF2, 0xEF, 0x19, 0xBE, 0xEB, 0x04, 0x0B, 0x20, 0x24,
    0x28, 0xF7, 0x10, 0xF4, 0xFF, 0x05, 0x0A, 0xE4, 0x19, 0xC8, 0xEF, 0x14,
    0xF5, 0x23, 0xF1, 0x20, 0xDC, 0x07, 0x1B, 0x14, 0x06, 0x35, 0x1C, 0xE6,
    0xEC, 0x02, 0xFD, 0x0C, 0x3F, 0xF7, 0xFC, 0xFF, 0x0E, 0xCD, 0x15, 0x18,
    0xE6, 0xEB, 0xEF, 0xE7, 0xE7, 0x4A, 0xE6, 0x17, 0x2C, 0xF1, 0xD9, 0xFA,
    0x46, 0xDF, 0x02, 0x0C, 0x08, 0x0B, 0x23, 0xDE, 0xEB, 0xF0, 0x22, 0x03,
    0x14, 0x08, 0xEC, 0xD8, 0xDC, 0x1C, 0xE3, 0xF3, 0xF8, 0x11, 0xF3, 0xEB,
    0x08, 0xF6, 0x17, 0x01, 0x16, 0x0C, 0xFE, 0xE9, 0xE9, 0x21, 0x03, 0x08,
    0xEF, 0x1B, 0x10, 0x23, 0xD0, 0xFA, 0xF6, 0x12, 0xF6, 0xF1, 0xF8, 0xA1,
    0xF5, 0xDC, 0xE2, 0xBC, 0xF7, 0x24, 0xE3, 0x12, 0xD7, 0x20, 0xF0, 0x08,
    0x04, 0xFC, 0xE9, 0xE7, 0xFF, 0xF5, 0xDF, 0x09, 0xF7, 0xFC, 0x36, 0xF4,
    0xD4, 0x1B, 0x00, 0xE5, 0x19, 0xD5, 0x1D, 0xC8, 0x1F, 0xC7, 0xE1, 0x24,
    0xF3, 0x38, 0xDD, 0xED, 0xD8, 0xE7, 0x07, 0xFB, 0x19, 0x49, 0x1C, 0xE0,
    0xEF, 0xE1, 0x09, 0x1C, 0x0B, 0x22, 0x14, 0x22, 0xE5, 0xF9, 0x00, 0xDE,
    0x1C, 0x01, 0x2C, 0x2D, 0xF1, 0x14, 0x2B, 0x36, 0xFA, 0xFE, 0xFE, 0x05,
    0x02, 0xF8, 0x2C, 0x05, 0xD1, 0x13, 0xED, 0xDB, 0xE3, 0xEC, 0xFF, 0xFC,
    0xD7, 0xD2, 0xE2, 0x3A, 0xFF, 0xD1, 0x16, 0xE1, 0xFD, 0x0D, 0xE8, 0x03,
    0xE4, 0x17, 0x01, 0x0D, 0x13, 0xE7, 0xEE, 0x27, 0xF5, 0xCD, 0xDE, 0xCC,
    0x2C, 0xF3, 0x1A, 0x1C, 0xDF, 0x23, 0x10, 0xE4, 0x10, 0x1D, 0x14, 0x00,
    0x25, 0x22, 0xFA, 0xC0, 0xE0, 0x1B, 0xF3, 0x48, 0x15, 0xDA, 0x3C, 0x1B,
    0x38, 0x06, 0xF6, 0xFF, 0x1A, 0xEC, 0x0D, 0xE9, 0xD7, 0xF9, 0x03, 0xEE,
    0xF3, 0xEF, 0x02, 0x33, 0x2A, 0x0D, 0x08, 0xF2, 0xEE, 0xCA, 0xF3, 0x42,
    0x06, 0x0F, 0x25, 0xBF, 0x0B, 0x2D, 0xCC, 0xFB, 0x40, 0xFA, 0x07, 0x01,
    0xE0, 0x20, 0x41, 0xDA, 0xE4, 0xCE, 0x12, 0x0B, 0xD7, 0x15, 0xEB, 0xE0,
    0xFA, 0x0F, 0xFC, 0x0A, 0xE0, 0x08, 0xE2, 0xD2, 0x17, 0x1A, 0xF5, 0xEA,
    0x04, 0x08, 0xF9, 0xDD, 0xFB, 0x19, 0xEF, 0x1A, 0x10, 0x20, 0x0E, 0xEA,
    0xFD, 0xE5, 0x0C, 0x10, 0x2C, 0x0C, 0xE9, 0x1B, 0x39, 0xFE, 0xD3, 0xFE,
    0xD7, 0x04, 0x07, 0x1A, 0x26, 0xD8, 0x22, 0x13, 0xF4, 0xEF, 0xF1, 0xD9,
    0xF9, 0xE3, 0xF5, 0xF0, 0x05, 0xEB, 0x03, 0x2A, 0x02, 0x01, 0x20, 0x01,
    0x31, 0xF3, 0x10, 0x22, 0x23, 0x02, 0xD6, 0x25, 0x1B, 0xC5, 0x1E, 0xFC,
    0xCF, 0x11, 0xD1, 0x05, 0xFB, 0xFB, 0x34, 0xF2, 0xD6, 0x2A, 0x08, 0xC1,
    0xF7, 0x2F, 0x38, 0xEA, 0xF9, 0x3B, 0xFF, 0xFB, 0x0B, 0xFE, 0x49, 0x24,
    0x1A, 0x0D, 0x1E, 0xF0, 0x06, 0xFC, 0x13, 0xFB, 0xFD, 0xEC, 0xE7, 0xD7,
    0x24, 0xF3, 0x11, 0xED, 0x11, 0xD8, 0xE0, 0xE9, 0xFD, 0xCD, 0x2F, 0x02,
    0xFB, 0xD8, 0x12, 0x1F, 0x0F, 0x07, 0xEE, 0x07, 0xF4, 0xD4, 0x07, 0xF3,
    0xEA, 0x04, 0x1F, 0x17, 0xE1, 0x0C, 0xE3, 0x22, 0xE9, 0x22, 0xE2, 0x05,
    0xF8, 0x1C, 0x12, 0x20, 0xDC, 0xED, 0xF2, 0x61, 0x11, 0x16, 0xFD, 0xCD,
    0x26, 0xF9, 0xFF, 0xEA, 0xEF, 0x24, 0xFE, 0xED, 0xC4, 0x23, 0xEC, 0x13,
    0xE9, 0x02, 0x07, 0x02, 0xE7, 0xEF, 0xBB, 0xFA, 0x1B, 0xED, 0x04, 0x06,
    0x55, 0x0C, 0xF7, 0xEB, 0xC4, 0x0A, 0xF2, 0x3E, 0xDE, 0xD5, 0xC1, 0xA4,
    0xFC, 0x19, 0xE1, 0x13, 0xF0, 0xEB, 0x1E, 0x14, 0xFB, 0x02, 0x29, 0x10,
    0xEF, 0xD5, 0xDC, 0x35, 0xE5, 0x05, 0x3B, 0x15, 0xF7, 0xF0, 0xC6, 0x10,
    0xEE, 0x2D, 0xF2, 0xE5, 0x17, 0x32, 0x05, 0x2F, 0xD8, 0xFF, 0x00, 0x2B,
    0xBD, 0x1E, 0x17, 0xF1, 0xD1, 0xFC, 0x07, 0xDD, 0xF2, 0x20, 0x18, 0x18,
    0xDA, 0x39, 0xD6, 0x04, 0xF3, 0x07, 0x08, 0x01, 0x11, 0xF8, 0x1A, 0xFE,
    0xF7, 0x1B, 0x09, 0xD8, 0xF6, 0xB6, 0xF6, 0xE3, 0x09, 0x03, 0xEA, 0x28,
    0x10, 0x17, 0xCD, 0x38, 0xD6, 0x23, 0x0A, 0x15, 0x17, 0x34, 0xEB, 0xE6,
    0xF1, 0xDA, 0xFE, 0xE5, 0x01, 0xFA, 0xF1, 0x0E, 0xFE, 0x16, 0x14, 0xF4,
    0x05, 0xFC, 0x05, 0xEA, 0xBA, 0x30, 0x1F, 0x11, 0xD5, 0xED, 0x07, 0xDA,
    0x28, 0x0B, 0xBE, 0xDD, 0xD0, 0xF9, 0xD5, 0x23, 0x0C, 0x25, 0x07, 0x07,
    0x07, 0xEA, 0xE2, 0xF7, 0xBC, 0x0D, 0xE4, 0x02, 0xE7, 0xF0, 0x1A, 0xD9,
    0x1E, 0x2B, 0x2D, 0x13, 0x13, 0x21, 0xFE, 0xD8, 0x4E, 0x25, 0xF0, 0xE2,
    0xF1, 0x13, 0x10, 0x16, 0x0E, 0xF6, 0x1B, 0x19, 0x2A, 0x13, 0x02, 0x2D,
    0xFA, 0x08, 0xC9, 0xE6, 0xFF, 0x1E, 0x01, 0x0D, 0x02, 0xFC, 0xE0, 0x07,
    0xDA, 0x0B, 0xEB, 0x1A, 0x10, 0xEE, 0x10, 0x28, 0xE4, 0x18, 0xFD, 0xF2,
    0xD0, 0xED, 0xF9, 0xEA, 0x08, 0x41, 0x02, 0x4B, 0x1F, 0x01, 0x0E, 0x15,
    0x19, 0xD4, 0x08, 0x11, 0x1C, 0xBC, 0xC7, 0x0E, 0xF2, 0xCA, 0xD1, 0xF7,
    0xE5, 0xFA, 0xF7, 0x17, 0x18, 0x25, 0x03, 0xEB, 0xDE, 0xBB, 0xF0, 0x2D,
    0x23, 0x04, 0x01, 0x08, 0x1B, 0xF5, 0xDC, 0xDE, 0x05, 0xD5, 0xFC, 0x0C,
    0x0F, 0xEF, 0xF7, 0xBD, 0x02, 0xD2, 0xA9, 0x2B, 0x12, 0xFB, 0x0F, 0x22,
    0x4E, 0xD7, 0xEC, 0xF2, 0x1B, 0x1A, 0xE2, 0xCD, 0x00, 0x0D, 0x0B, 0x21,
    0x22, 0xC9, 0xC3, 0x02, 0x11, 0x03, 0xF7, 0x19, 0xF9, 0xF9, 0xF0, 0x36,
    0x25, 0x1A, 0xFA, 0xFD, 0x44, 0xEB, 0xEB, 0x29, 0x41, 0x04, 0x14, 0xF4,
    0x21, 0x0B, 0xDC, 0xDA, 0xDF, 0x08, 0x0B, 0xCE, 0x32, 0xF7, 0x0D, 0x23,
    0x03, 0xE9, 0xF2, 0xD1, 0xFA, 0x18, 0xF6, 0xFC, 0xCF, 0xD6, 0xF7, 0x3B,
    0x04, 0xEE, 0x0B, 0x0D, 0x11, 0x18, 0xEA, 0xCF, 0xF3, 0x12, 0x10, 0x1C,
    0xEC, 0x09, 0xCB, 0x12, 0x0E, 0x2B, 0x05, 0xE7, 0x14, 0xEA, 0x31, 0x4A,
    0x2C, 0x0A, 0x0F, 0xF4, 0xF9, 0xDD, 0x05, 0x20, 0x3C, 0x0A, 0xD9, 0x1C,
    0xE5, 0xD4, 0xF9, 0x03, 0xEC, 0x0B, 0xFF, 0xDC, 0xD2, 0xDE, 0x04, 0x04,
    0xD4, 0x3C, 0xF6, 0x95, 0x03, 0x04, 0xF9, 0xDE, 0x22, 0xFD, 0xC3, 0x1B,
    0xC5, 0xE4, 0xE0, 0x06, 0xEC, 0xE8, 0x0B, 0x33, 0x20, 0x0E, 0x19, 0xAD,
    0x0F, 0x0C, 0x00, 0xF6, 0x38, 0xF6, 0x12, 0x16, 0xC8, 0x14, 0x06, 0x16,
    0x5F, 0xF1, 0x18, 0x06, 0xF0, 0xF0, 0x19, 0x30, 0x13, 0x5F, 0xF6, 0xDE,
    0x28, 0xEB, 0x10, 0x1A, 0xC1, 0xF9, 0x1C, 0xFC, 0xE0, 0x08, 0x10, 0xE0,
    0xDC, 0x07, 0x04, 0x05, 0xEA, 0x22, 0x08, 0xDF, 0xF3, 0x09, 0x0F, 0x07,
    0xE8, 0xF1, 0xD2, 0xFC, 0xF3, 0xFC, 0x12, 0x0E, 0x13, 0xF0, 0xE0, 0xE5,
    0x0D, 0x31, 0x20, 0x16, 0xD6, 0x2F, 0xFB, 0x02, 0x21, 0x26, 0x01, 0xDD,
    0x33, 0x14, 0x0C, 0x07, 0x16, 0x0A, 0x10, 0xEA, 0xF9, 0x39, 0x02, 0x01,
    0x0A, 0x10, 0x32, 0x14, 0x09, 0xDD, 0xF7, 0xDB, 0x0D, 0x27, 0x0B, 0x2C,
    0x33, 0xE3, 0xAF, 0xFD, 0x1A, 0xFE, 0xEB, 0x04, 0x22, 0xE9, 0x2B, 0xF8,
    0xDE, 0xEE, 0xEA, 0x2A, 0x42, 0x28, 0xFB, 0x11, 0x0F, 0xEA, 0xFA, 0x11,
    0xF9, 0x1E, 0x3D, 0x1D, 0x2A, 0xF9, 0xE3, 0xCE, 0x01, 0xE9, 0xE0, 0x08,
    0x01, 0xF7, 0xFC, 0x04, 0x10, 0xEA, 0x1F, 0xDF, 0xF2, 0xE1, 0xE1, 0x27,
    0x02, 0x13, 0x0E, 0xEA, 0xC8, 0x27, 0xFB, 0xF7, 0x2A, 0x41, 0x09, 0x06,
    0xE2, 0xB9, 0x33, 0xE0, 0xE5, 0xDB, 0xF6, 0xE3, 0xEB, 0xBF, 0xF4, 0x11,
    0x37, 0xE1, 0x03, 0xE9, 0xDF, 0xCD, 0xF2, 0x08, 0x0E, 0x22, 0x0D, 0xE4,
    0x2E, 0xF1, 0x22, 0xF1, 0xD6, 0xE9, 0x44, 0xDC, 0xCB, 0xD2, 0x02, 0xE0,
    0xFC, 0x02, 0x02, 0x24, 0x09, 0xF8, 0x13, 0x2A, 0xE5, 0xE9, 0x14, 0x17,
    0xE1, 0xFE, 0xF3, 0x1E, 0x13, 0xFE, 0x2B, 0x1E, 0xF8, 0x03, 0xF3, 0x00,
    0xF3, 0x02, 0xF2, 0xD9, 0xF8, 0x01, 0x06, 0xDC, 0xFD, 0x01, 0x26, 0xF7,
    0xBA, 0x0A, 0xF0, 0xF8, 0x16, 0xF9, 0x1C, 0xDE, 0x25, 0xCC, 0x2B, 0xF6,
    0x21, 0x1E, 0x24, 0xDA, 0x0E, 0x15, 0xDF, 0xFF, 0xD5, 0xF9, 0x00, 0x08,
    0xE3, 0x12, 0x27, 0xDC, 0x0B, 0x08, 0xD4, 0x00, 0xF0, 0x14, 0xF1, 0xE6,
    0xDD, 0x01, 0x02, 0xF8, 0x11, 0x02, 0x06, 0x26, 0xC2, 0x31, 0x04, 0x1E,
    0x02, 0xFA, 0x23, 0x09, 0x00, 0x21, 0x05, 0x25, 0x45, 0xC5, 0xFE, 0x2E,
    0xE7, 0x36, 0x1B, 0x01, 0x10, 0xEC, 0x23, 0xE0, 0xF8, 0x01, 0xEB, 0xF9,
    0xEF, 0xF8, 0x12, 0xC8, 0xD1, 0x12, 0xC6, 0xF3, 0xF4, 0xF2, 0x2C, 0x08,
    0xDF, 0xD8, 0x1E, 0x19, 0x44, 0xD6, 0xF7, 0x25, 0x13, 0xF2, 0x0A, 0xF9,
    0x0C, 0x14, 0xDF, 0x0A, 0x02, 0xE5, 0x0C, 0xDC, 0xFF, 0x1B, 0x04, 0xDF,
    0x1B, 0x0C, 0xFB, 0x10, 0x0F, 0xC8, 0xCD, 0xF8, 0x24, 0x08, 0x0D, 0xC7,
    0x09, 0x0E, 0x36, 0xE8, 0xD3, 0x03, 0xEF, 0xF8, 0xED, 0x03, 0xED, 0xF8,
    0xEE, 0xCB, 0x0E, 0x0F, 0x13, 0xE5, 0x0B, 0xEA, 0xDF, 0xE5, 0x0A, 0x13,
    0xC6, 0xFF, 0x2A, 0x17, 0x23, 0xBD, 0x10, 0xF3, 0xDC, 0x09, 0x09, 0xE4,
    0xF4, 0xE3, 0xE2, 0x0A, 0xFD, 0x09, 0xC3, 0x0E, 0x22, 0xE9, 0x27, 0xED,
    0x04, 0xEF, 0xEA, 0x05, 0xFB, 0xE2, 0xFA, 0x1C, 0x11, 0x10, 0xD4, 0xFB,
    0x10, 0xFB, 0x28, 0xF5, 0xDE, 0x21, 0x07, 0x0F, 0x0D, 0x17, 0xDA, 0x5D,
    0x04, 0xDF, 0xE7, 0xDC, 0xEF, 0x0B, 0x2C, 0x07, 0x0B, 0x2D, 0xDB, 0xF1,
    0x1B, 0xFC, 0x13, 0x03, 0xD9, 0x17, 0x3B, 0xC4, 0xD4, 0xF3, 0x0C, 0xD3,
    0xFF, 0xFF, 0x19, 0x08, 0x0A, 0x27, 0xF6, 0x4B, 0xD5, 0x2B, 0xED, 0x17,
    0x1A, 0xB9, 0x0F, 0x1E, 0xF9, 0xF4, 0x05, 0x2F, 0x03, 0xFD, 0xFC, 0xDD,
    0xD0, 0xE4, 0xD1, 0xD5, 0x16, 0x40, 0xF3, 0x0E, 0xF2, 0x15, 0x02, 0xD1,
    0x31, 0xC1, 0x26, 0x1A, 0xFB, 0xE5, 0x19, 0xC9, 0xB9, 0xFD, 0xC6, 0xE6,
    0x04, 0xDB, 0xF9, 0x03, 0xB7, 0xFE, 0xFC, 0x19, 0xE9, 0x27, 0x10, 0x1D,
    0xF4, 0xCF, 0x33, 0x3A, 0x07, 0x3F, 0x22, 0xD9, 0xC7, 0xEB, 0xFB, 0x1B,
    0x47, 0xE8, 0x1A, 0x17, 0xF5, 0x20, 0x2A, 0xD9, 0xDA, 0x12, 0xFB, 0x0F,
    0x29, 0xFA, 0xE4, 0x13, 0x11, 0xF3, 0xFB, 0x04, 0xE7, 0xFA, 0x12, 0xAC,
    0xF0, 0xEB, 0x03, 0x03, 0xF1, 0x08, 0xFF, 0xF0, 0xF0, 0xF4, 0xFB, 0xE3,
    0xDB, 0x2B, 0xD5, 0xFA, 0xF8, 0x0F, 0xD8, 0x00, 0xED, 0xE4, 0x10, 0x01,
    0x3E, 0x0D, 0x20, 0x25, 0x3D, 0x15, 0xEA, 0xCE, 0xF1, 0x26, 0xF0, 0x25,
    0xF1, 0x0A, 0xEA, 0xFB, 0x15, 0xF7, 0xFB, 0xB6, 0x49, 0x0F, 0xD8, 0x05,
    0xF8, 0x15, 0xD2, 0xF2, 0x08, 0x40, 0x00, 0x10, 0x20, 0xF7, 0x0B, 0x1C,
    0x2C, 0x40, 0xF6, 0x1A, 0xE7, 0xEE, 0x25, 0x0A, 0xEF, 0x2C, 0xD7, 0x19,
    0xF8, 0xE9, 0x0E, 0x0C, 0x2B, 0x0D, 0x0C, 0xE7, 0x0E, 0x39, 0xDC, 0x0B,
    0xEE, 0x05, 0xF2, 0xFA, 0x21, 0xFB, 0xDA, 0xE7, 0x00, 0xE9, 0x08, 0xFE,
    0x5C, 0xEA, 0xD3, 0xDB, 0x1C, 0x0A, 0xF4, 0x1B, 0x07, 0xF5, 0xFB, 0xF2,
    0xEF, 0xEA, 0x19, 0x0C, 0xCE, 0x19, 0xFD, 0xDB, 0x15, 0x06, 0xFB, 0xD8,
    0x29, 0x00, 0xFD, 0x0C, 0xF9, 0xFF, 0x42, 0x0B, 0x26, 0xF0, 0x11, 0x1C,
    0xEB, 0xE8, 0xE6, 0xF4, 0xED, 0xEE, 0x14, 0x13, 0xEA, 0xF9, 0xD8, 0xF6,
    0x16, 0x11, 0xE8, 0x07, 0x05, 0xAA, 0x27, 0xF5, 0xEA, 0x19, 0xAA, 0x1A,
    0xF6, 0x06, 0xFB, 0xDD, 0x05, 0xF0, 0xF9, 0xC7, 0x04, 0xF7, 0x15, 0xF3,
    0xFA, 0x3A, 0x34, 0xCE, 0xE3, 0xEA, 0x03, 0xE0, 0x36, 0xE1, 0x3C, 0x15,
    0x0E, 0xE9, 0x17, 0x12, 0x20, 0xF5, 0x43, 0x17, 0x10, 0xFA, 0x12, 0xEF,
    0x2C, 0xF1, 0x21, 0xE0, 0x1A, 0xD9, 0xE3, 0xF1, 0xF1, 0x06, 0xED, 0x3E,
    0xC4, 0xE7, 0x04, 0x18, 0x2D, 0x2A, 0xCD, 0xD7, 0xE2, 0xEC, 0x0C, 0xDF,
    0xEC, 0x05, 0x23, 0xFF, 0xF0, 0x11, 0x1C, 0xE4, 0x0F, 0x16, 0xF2, 0x05,
    0xEF, 0xF8, 0x21, 0x06, 0x19, 0xAE, 0x02, 0xF2, 0xCE, 0xF9, 0x02, 0x00,
    0x08, 0x08, 0xE7, 0xDC, 0x24, 0x21, 0x0B, 0xC3, 0xF0, 0xE9, 0xE0, 0x10,
    0xFB, 0x0B, 0xFB, 0x00, 0xE1, 0x2E, 0x16, 0x02, 0x33, 0x10, 0xE0, 0x1C,
    0xE1, 0xF5, 0xED, 0x00, 0x08, 0x2E, 0xD3, 0x0A, 0x02, 0x0A, 0xDF, 0x11,
    0xFF, 0xE8, 0x37, 0xF0, 0xDF, 0x20, 0xF5, 0xFD, 0xE5, 0x06, 0xE1, 0x1F,
    0x1F, 0xFC, 0x43, 0x10, 0x17, 0x29, 0x06, 0xC3, 0x24, 0x0F, 0xEA, 0xFA,
    0x13, 0xF3, 0x2F, 0xD4, 0xDD, 0x20, 0x20, 0xDC, 0x02, 0x07, 0xC7, 0x1D,
    0xCA, 0x03, 0xD3, 0xFB, 0x10, 0xF9, 0x06, 0xF8, 0x11, 0xD1, 0x05, 0x04,
    0xFF, 0x21, 0x07, 0xF9, 0x32, 0x2F, 0xE9, 0x24, 0x3A, 0x38, 0x2E, 0xD1,
    0xE6, 0x19, 0x1D, 0x20, 0x09, 0xFD, 0x1E, 0x0E, 0x12, 0x2A, 0xC4, 0xE5,
    0xBF, 0xBD, 0x0F, 0x47, 0x01, 0xAB, 0xEE, 0xDB, 0x10, 0x1F, 0x16, 0xE5,
    0x1B, 0xFE, 0x16, 0x04, 0xFA, 0xFC, 0x13, 0x03, 0xF5, 0x36, 0xC3, 0xFE,
    0xF8, 0xE9, 0x0C, 0xE0, 0x03, 0x3C, 0xEF, 0x10, 0xD5, 0x02, 0x2C, 0xEC,
    0x0B, 0xCC, 0x44, 0x24, 0xE4, 0xCC, 0x14, 0x41, 0x13, 0xEC, 0x2E, 0xFD,
    0x3B, 0xFF, 0x10, 0xFF, 0x03, 0xF8, 0xE7, 0x06, 0x16, 0xCE, 0xE6, 0xE5,
    0xFA, 0x24, 0xF8, 0xF7, 0xF5, 0xDD, 0xF4, 0xE8, 0xF6, 0x1A, 0xF8, 0xF2,
    0x25, 0x04, 0x27, 0x05, 0xD0, 0x09, 0xBE, 0x0C, 0x09, 0x1C, 0x03, 0x08,
    0x08, 0x0D, 0xF2, 0xDF, 0x0F, 0x29, 0xF1, 0x0B, 0x38, 0x01, 0x11, 0x31,
    0x03, 0x02, 0x1E, 0x0D, 0xE7, 0x19, 0xEF, 0x2D, 0x38, 0xFC, 0x08, 0xE4,
    0x10, 0xDF, 0xFC, 0x0A, 0xF7, 0xC7, 0x11, 0x43, 0x09, 0xED, 0x2A, 0xE6,
    0x15, 0x53, 0xD7, 0x1A, 0xE3, 0xFE, 0x23, 0xF1, 0xF1, 0xD7, 0x07, 0x00,
    0xF0, 0x02, 0x1B, 0x14, 0x11, 0xFD, 0x14, 0xE0, 0xFC, 0xD7, 0xE4, 0xD7,
    0xF1, 0x10, 0x00, 0x43, 0xD2, 0x0C, 0xE8, 0x12, 0x1E, 0xB2, 0x0A, 0x18,
    0x0C, 0xB9, 0xF8, 0xE6, 0x15, 0x04, 0xE1, 0xD7, 0xFE, 0xCC, 0x02, 0xF5,
    0x09, 0x02, 0xC2, 0xDD, 0x46, 0xFC, 0x12, 0xF5, 0xF8, 0x0F, 0x1E, 0xED,
    0x01, 0x03, 0x1B, 0x07, 0x0A, 0x35, 0x2D, 0x0D, 0x20, 0xEA, 0x0A, 0xF3,
    0xD9, 0x1F, 0xF8, 0xF6, 0xF4, 0x1B, 0xDD, 0xF0, 0xEE, 0x12, 0x07, 0x0A,
    0xDF, 0x00, 0x3B, 0x01, 0x2B, 0xDA, 0xCA, 0xFE, 0xF6, 0x26, 0x16, 0xFE,
    0x06, 0x08, 0x09, 0x24, 0xB4, 0x06, 0xE3, 0xCB, 0xF9, 0xF2, 0xF0, 0x23,
    0xF9, 0xE8, 0xB5, 0xF3, 0x2A, 0xFF, 0xF4, 0x04, 0xC6, 0x0B, 0x1E, 0x19,
    0x44, 0x11, 0xE7, 0x0B, 0xEB, 0xFF, 0xCC, 0xDC, 0x18, 0x17, 0x03, 0xF1,
    0x09, 0xED, 0x02, 0x02, 0x08, 0x37, 0xFB, 0xED, 0xEB, 0x1E, 0xFB, 0x18,
    0x3A, 0x02, 0xFA, 0xDC, 0xD4, 0x11, 0xD3, 0x43, 0x20, 0xDB, 0x21, 0xF8,
    0xEA, 0xE3, 0x10, 0x10, 0x10, 0xEF, 0xE8, 0x0C, 0xE2, 0x2D, 0x22, 0x08,
    0x17, 0x32, 0xD0, 0xEF, 0x48, 0xC5, 0x1F, 0xD9, 0xF8, 0x0D, 0xF3, 0xDE,
    0x0A, 0x1B, 0xE2, 0x23, 0x17, 0xED, 0x1B, 0x00, 0xED, 0xD0, 0x1C, 0x3A,
    0x04, 0xEF, 0xC0, 0x1B, 0x09, 0xDE, 0x07, 0xD6, 0x08, 0x25, 0x2E, 0x35,
    0xD8, 0xF6, 0xC9, 0xFF, 0x29, 0x6B, 0x07, 0x00, 0xCD, 0x40, 0x16, 0xEC,
    0xEC, 0x1A, 0x05, 0xE1, 0xE5, 0xBD, 0x31, 0x2C, 0xFE, 0xE6, 0xF8, 0xEC,
    0xFA, 0xFF, 0x0A, 0xEF, 0xE3, 0x00, 0x09, 0x28, 0x18, 0xED, 0x00, 0x09,
    0x15, 0x0C, 0x20, 0x29, 0x34, 0xF7, 0x17, 0xC8, 0xE6, 0xF1, 0xDC, 0x31,
    0x22, 0xF2, 0x03, 0x0A, 0xD2, 0xDF, 0xF0, 0x0D, 0x1C, 0x21, 0xF3, 0x00,
    0x1E, 0x07, 0x10, 0xEB, 0xE2, 0xF1, 0xC7, 0x21, 0x51, 0x0E, 0x4E, 0xF3,
    0x13, 0xFF, 0x07, 0xF2, 0x07, 0xBC, 0x11, 0xFE, 0x26, 0x0D, 0x2A, 0xF8,
    0xF8, 0xF9, 0x16, 0xDC, 0xE5, 0xEF, 0x04, 0xFB, 0x00, 0x20, 0x57, 0xFF,
    0x18, 0x00, 0x12, 0x2D, 0x0F, 0x0B, 0x3C, 0x15, 0x10, 0xF9, 0x06, 0xE9,
    0xF5, 0x3D, 0x15, 0xEB, 0xFE, 0x15, 0x15, 0x1D, 0x16, 0xF6, 0xEC, 0xF9,
    0x1E, 0x12, 0x01, 0x38, 0xF2, 0xFA, 0xF2, 0x0E, 0x1C, 0xFF, 0x0C, 0x1B,
    0xDD, 0xD8, 0xEF, 0x3B, 0x07, 0xF7, 0xFD, 0x25, 0x35, 0xED, 0xC5, 0x08,
    0xF8, 0xE8, 0xFD, 0xFE, 0x2B, 0xF0, 0x01, 0x07, 0xC7, 0xDF, 0x3E, 0x10,
    0x17, 0x10, 0x0F, 0xED, 0xE7, 0xE4, 0x42, 0x06, 0x07, 0x1B, 0x29, 0x13,
    0xEF, 0x26, 0xF7, 0xE4, 0xB5, 0x17, 0x01, 0x21, 0xF7, 0xCF, 0xF9, 0xE2,
    0x13, 0xC5, 0x1B, 0x29, 0xFB, 0x23, 0x08, 0xFD, 0x1C, 0x09, 0x16, 0xE9,
    0xE7, 0x1D, 0xF6, 0xF2, 0x06, 0xEA, 0x14, 0x05, 0x03, 0x14, 0xF6, 0xBB,
    0x09, 0xE9, 0x0D, 0x09, 0x19, 0xFD, 0xEB, 0xF3, 0xDC, 0x1E, 0xF7, 0xF1,
    0x14, 0x15, 0xEA, 0xE7, 0xD6, 0xF9, 0xFE, 0xFA, 0xE3, 0xF0, 0xFB, 0x2F,
    0x05, 0x2F, 0xE0, 0xF2, 0x21, 0x29, 0x1B, 0xDB, 0x32, 0xFB, 0xFA, 0xE0,
    0x00, 0x26, 0x1C, 0xF5, 0x0B, 0xF4, 0xF8, 0xED, 0xE2, 0x07, 0x09, 0xFB,
    0x13, 0x23, 0xF5, 0xDD, 0x0C, 0xF5, 0x11, 0x01, 0xF5, 0xF5, 0x1C, 0xF8,
    0xF5, 0x06, 0xF6, 0x2B, 0x04, 0xEC, 0x07, 0xF3, 0xD2, 0xE6, 0xD7, 0xC2,
    0xF8, 0xF3, 0x11, 0xF0, 0x0A, 0x27, 0x3A, 0xF1, 0xF6, 0xF8, 0x04, 0xEA,
    0xFE, 0x0E, 0x05, 0x1A, 0x09, 0xFA, 0x05, 0xE3, 0xE0, 0x04, 0x20, 0xEF,
};
static const int8_t k_blk2_qkv[96 * 32] __attribute__((aligned(4))) = {
    0xFE, 0xE6, 0xE5, 0x93, 0x2C, 0x17, 0x2A, 0xD9, 0x0B, 0xDA, 0x33, 0x19,
    0xFE, 0xDA, 0xCF, 0x14, 0x27, 0x14, 0xFA, 0x0B, 0x1B, 0xD9, 0x8B, 0xDE,
    0x55, 0x3B, 0x1D, 0x0F, 0xDD, 0xD2, 0x36, 0x08, 0xFC, 0xFF, 0xF8, 0x21,
    0xBB, 0xDB, 0x1B, 0xE5, 0xBF, 0xDC, 0x53, 0xFC, 0xE6, 0xE1, 0x26, 0x5A,
    0xF9, 0xDF, 0x2C, 0x0E, 0xEE, 0x09, 0x3B, 0xB6, 0xC0, 0xE9, 0x3D, 0xF9,
    0xE7, 0xFB, 0x01, 0x20, 0xEC, 0xF6, 0xF6, 0x15, 0xAF, 0xE7, 0xD7, 0x02,
    0x20, 0x3A, 0xFD, 0x17, 0x42, 0xDF, 0x01, 0xDA, 0xE1, 0x1B, 0x30, 0x10,
    0xEB, 0xDD, 0xDE, 0xFF, 0x1D, 0x0E, 0xFE, 0x2C, 0x0A, 0x0A, 0x39, 0xDF,
    0xE9, 0xEE, 0x22, 0x0D, 0x18, 0xE3, 0xE4, 0xFA, 0xE7, 0x27, 0x22, 0x38,
    0x9C, 0x3C, 0xE3, 0xE2, 0x08, 0x02, 0x08, 0x12, 0xF9, 0x28, 0xDB, 0xEA,
    0xCC, 0xD7, 0x29, 0xD2, 0x01, 0xB7, 0x4F, 0x2E, 0xFD, 0x07, 0xF4, 0x17,
    0x47, 0x06, 0x34, 0x30, 0xF9, 0x03, 0x43, 0x9B, 0xF6, 0xE8, 0xBF, 0xDC,
    0x09, 0x2B, 0x23, 0xFA, 0x2B, 0xDA, 0xF3, 0xB1, 0xED, 0x0A, 0x2B, 0xF1,
    0x17, 0xF7, 0xB8, 0xE9, 0xF5, 0xD9, 0xFB, 0x01, 0xFB, 0x37, 0xC1, 0x1B,
    0x38, 0xB7, 0xF8, 0xE7, 0xE8, 0x2D, 0xF8, 0x08, 0xF0, 0xD3, 0x06, 0x19,
    0xED, 0x13, 0x00, 0x00, 0x0C, 0x13, 0x3D, 0x1E, 0xC4, 0x1F, 0xF5, 0xFF,
    0x1D, 0xE0, 0xEA, 0xF2, 0xE6, 0xF5, 0x0C, 0xEF, 0x0A, 0x1B, 0x0E, 0x13,
    0xFA, 0xF9, 0x0D, 0x33, 0x12, 0x34, 0x19, 0xB0, 0x07, 0x2D, 0xBE, 0x25,
    0x02, 0xCD, 0x38, 0xD7, 0xE3, 0x1B, 0xD3, 0x28, 0x1F, 0xE0, 0x1B, 0xF4,
    0x18, 0xCC, 0x48, 0xFA, 0xFF, 0xD6, 0x32, 0xEE, 0xE9, 0x36, 0x14, 0xC1,
    0xFF, 0x10, 0x22, 0xBF, 0x07, 0xF7, 0xCA, 0xE6, 0xE9, 0x1E, 0x48, 0xDC,
    0xF7, 0xFA, 0x0F, 0x11, 0x10, 0x04, 0xFB, 0x16, 0x18, 0x03, 0x20, 0xEC,
    0x05, 0x24, 0xD3, 0xAC, 0x0E, 0xF5, 0x20, 0x1B, 0x2E, 0x04, 0x02, 0xE5,
    0x30, 0xE1, 0xEC, 0xCA, 0xD9, 0x1B, 0x17, 0x12, 0x16, 0xC2, 0xFE, 0xE6,
    0x1D, 0xF3, 0x25, 0xE6, 0x04, 0xD1, 0x09, 0x08, 0x0C, 0x05, 0xC7, 0xE5,
    0xDD, 0x1D, 0x4E, 0xDC, 0xCD, 0x26, 0xDC, 0x3A, 0x02, 0x22, 0x09, 0x10,
    0xFA, 0x09, 0x01, 0xB6, 0x07, 0xE2, 0x00, 0x14, 0xD5, 0x1D, 0xE5, 0x3D,
    0xF3, 0xDF, 0xDA, 0xF9, 0x25, 0x02, 0x0F, 0xFA, 0x0F, 0xEF, 0x37, 0xE6,
    0xB9, 0xFF, 0xF2, 0x34, 0x24, 0x03, 0x59, 0x11, 0xFC, 0xE6, 0xD8, 0xCD,
    0xF9, 0x40, 0xF0, 0x05, 0xEB, 0xED, 0xFC, 0x27, 0xD8, 0x21, 0xDE, 0x0C,
    0x11, 0x05, 0x19, 0x0D, 0xE1, 0xFF, 0x0C, 0x1E, 0xDD, 0x09, 0xD9, 0x24,
    0x2B, 0x2C, 0xAE, 0x14, 0xF2, 0x1F, 0x08, 0x27, 0xD3, 0xEF, 0xCE, 0x00,
    0x03, 0xE3, 0xE0, 0x29, 0xF4, 0x22, 0x09, 0xDA, 0x0C, 0x06, 0xE9, 0x06,
    0xFE, 0x3C, 0xFB, 0x25, 0x01, 0xB7, 0xE3, 0x05, 0x06, 0x24, 0x58, 0xF7,
    0xC3, 0xE5, 0xFF, 0x01, 0x19, 0xE7, 0x24, 0xCB, 0x02, 0x0C, 0x28, 0xF5,
    0xF2, 0xF0, 0x01, 0xDE, 0x2A, 0x0D, 0x17, 0xFE, 0x2E, 0xC4, 0x0B, 0xEE,
    0xF4, 0x13, 0x00, 0x3D, 0xD2, 0xF5, 0xDB, 0x0E, 0xFB, 0x09, 0xCC, 0x0F,
    0x04, 0x1A, 0x10, 0x1B, 0x1E, 0x44, 0x39, 0x0A, 0x0C, 0x1F, 0xCF, 0x01,
    0x00, 0xF5, 0x9B, 0xFB, 0xE8, 0x3A, 0x08, 0xD7, 0xF4, 0x35, 0x16, 0xDA,
    0x0C, 0xFF, 0x13, 0x1D, 0xF0, 0x28, 0xCA, 0x25, 0xF4, 0xFE, 0xC4, 0xF1,
    0xF0, 0x19, 0x24, 0xFD, 0x2C, 0x0C, 0x24, 0xFC, 0xE1, 0xD4, 0xFA, 0xD4,
    0x4C, 0xEF, 0xCC, 0x05, 0xE9, 0xDF, 0xE4, 0x24, 0x26, 0x0B, 0xE2, 0x02,
    0xF0, 0x09, 0xC2, 0x11, 0x1B, 0x2F, 0x00, 0xF2, 0xB9, 0xBA, 0x00, 0x15,
    0xE6, 0x2D, 0x17, 0x23, 0xC7, 0x25, 0x0C, 0x0D, 0xDA, 0xDC, 0xDB, 0xE2,
    0x78, 0x81, 0x5E, 0x3E, 0x17, 0xDC, 0xDA, 0x1E, 0xE1, 0xC8, 0x0D, 0x24,
    0x00, 0x92, 0xD6, 0x34, 0xC1, 0xCD, 0xEB, 0x14, 0x18, 0x3F, 0x36, 0xFD,
    0xE4, 0x2E, 0x40, 0xCC, 0x02, 0xF2, 0xA7, 0x75, 0x35, 0x02, 0xFA, 0x2B,
    0x5E, 0xB9, 0xBC, 0xE5, 0xEC, 0xD9, 0x30, 0xE2, 0xD9, 0xB0, 0xC2, 0x1C,
    0xD0, 0xFB, 0xFF, 0xE9, 0xFB, 0x37, 0xD1, 0xF4, 0xF6, 0x20, 0x18, 0xEA,
    0xEB, 0xEB, 0xA2, 0x13, 0x4A, 0xA2, 0x0E, 0x54, 0x53, 0xC4, 0xCD, 0xF6,
    0xDA, 0x1F, 0xFE, 0x48, 0xE3, 0xA6, 0x11, 0xFF, 0x03, 0xEA, 0xDC, 0x12,
    0xF7, 0x2E, 0x3B, 0xF0, 0x0A, 0x31, 0x57, 0xDD, 0x1D, 0x8F, 0xE8, 0x26,
    0x4A, 0xE1, 0x4E, 0xCF, 0x13, 0xAE, 0x92, 0xE2, 0x29, 0x0B, 0x00, 0x20,
    0x1C, 0xD0, 0xF9, 0xE2, 0xDA, 0x19, 0x1C, 0x14, 0xC4, 0x1D, 0xFE, 0xF8,
    0x41, 0x0E, 0x1C, 0x1C, 0x06, 0xE3, 0x31, 0x11, 0x1D, 0xF3, 0x23, 0x07,
    0xE9, 0xA7, 0xDA, 0xA7, 0x1B, 0xE4, 0x21, 0x06, 0xF8, 0x97, 0xC3, 0x41,
    0x36, 0xF2, 0xFA, 0x23, 0x06, 0x13, 0xD2, 0x08, 0x03, 0x27, 0x1D, 0x0E,
    0x09, 0x06, 0xF2, 0xE8, 0xAB, 0x28, 0xDB, 0x07, 0xF7, 0x13, 0xDC, 0xD8,
    0x06, 0xFD, 0x21, 0xE3, 0x17, 0x2A, 0x1B, 0xFD, 0x37, 0x09, 0xFB, 0x18,
    0xFB, 0x37, 0xC7, 0x0E, 0x44, 0xE9, 0xC2, 0xEE, 0xEB, 0xE5, 0x0F, 0x30,
    0xC9, 0xEC, 0xDA, 0xE0, 0x0A, 0x28, 0x2B, 0x30, 0xF3, 0x4C, 0x1C, 0xCB,
    0xF6, 0xE9, 0xF0, 0xB6, 0xEF, 0x08, 0x1E, 0x14, 0x46, 0x13, 0xE8, 0xFB,
    0xD0, 0x3C, 0x19, 0xD2, 0x16, 0xEA, 0xCD, 0x42, 0x07, 0xDA, 0x3F, 0xF1,
    0xF4, 0xAB, 0x28, 0xE5, 0x10, 0x9F, 0x20, 0x32, 0x0B, 0x01, 0xCF, 0x11,
    0x2D, 0x2D, 0x20, 0x47, 0xFC, 0x0F, 0xEA, 0xDF, 0x15, 0xF8, 0x2B, 0xC2,
    0x11, 0x2D, 0x0A, 0xDE, 0xF9, 0xCD, 0xCB, 0xF0, 0xB9, 0x37, 0xE4, 0x11,
    0x2B, 0xF6, 0xF8, 0xEB, 0x20, 0xEC, 0x19, 0xE7, 0xDC, 0x0F, 0xE0, 0x23,
    0x3B, 0x0F, 0x0E, 0xE1, 0xDE, 0xD3, 0x27, 0xDC, 0x00, 0xE9, 0x13, 0xEC,
    0xEC, 0xEF, 0x3A, 0x1F, 0x1F, 0xDA, 0xBE, 0xF5, 0x37, 0xEB, 0x1D, 0x14,
    0x0F, 0xFF, 0x30, 0xFF, 0x1D, 0x07, 0x17, 0x1F, 0xEF, 0xE3, 0x2C, 0x24,
    0xD8, 0x11, 0x3D, 0xF8, 0x12, 0xE0, 0xF7, 0xDE, 0x01, 0x11, 0x32, 0xDE,
    0xF3, 0xCD, 0xF8, 0xF3, 0xF0, 0xF7, 0x17, 0x00, 0xE4, 0x1E, 0xF9, 0x00,
    0x05, 0xE7, 0xFE, 0x15, 0x00, 0xF0, 0xCD, 0x11, 0xED, 0xF7, 0x09, 0xF7,
    0xE1, 0x1A, 0x0F, 0x45, 0x02, 0x06, 0xC3, 0xF5, 0x56, 0x15, 0x1C, 0x09,
    0xED, 0xDB, 0x3F, 0x0A, 0xEC, 0xDD, 0xD0, 0xF6, 0xFB, 0x06, 0xFF, 0x38,
    0xE5, 0x21, 0xF9, 0xF9, 0x36, 0x1C, 0x14, 0xEC, 0x2F, 0xD9, 0xC8, 0x2F,
    0xF4, 0x19, 0x17, 0xD8, 0x01, 0x04, 0xC4, 0xE3, 0xF2, 0x04, 0x3A, 0xFA,
    0xE4, 0xD1, 0x0E, 0xCE, 0xFE, 0xD8, 0xFD, 0xFC, 0x28, 0x34, 0x20, 0x54,
    0xCF, 0xFF, 0x0E, 0x04, 0xC5, 0xF4, 0xF8, 0x15, 0x33, 0x25, 0xF8, 0xDD,
    0xFB, 0x15, 0x95, 0xF1, 0xD8, 0xDF, 0x47, 0xFE, 0xFD, 0xDF, 0x1B, 0x12,
    0xFD, 0x2A, 0xCD, 0xEE, 0x0D, 0x30, 0x0E, 0x13, 0x1F, 0xB0, 0x35, 0x11,
    0x1E, 0xD0, 0x13, 0xD9, 0x08, 0x43, 0x04, 0x0B, 0x0E, 0xEB, 0x07, 0xFB,
    0xE6, 0x38, 0xE4, 0xF9, 0xF1, 0x09, 0xD2, 0xE8, 0xF9, 0x36, 0x12, 0x0C,
    0xF6, 0x13, 0x19, 0xFF, 0xE6, 0xEE, 0x11, 0xCD, 0x3B, 0xF7, 0xBE, 0x06,
    0x1D, 0xD7, 0x23, 0x27, 0xF0, 0x05, 0xEF, 0xE6, 0xCB, 0x01, 0xF9, 0x49,
    0xF2, 0x0F, 0xFD, 0x04, 0x64, 0x9A, 0x26, 0x19, 0x15, 0xE6, 0xD7, 0x33,
    0x07, 0xC6, 0x20, 0xF5, 0x1D, 0xEF, 0xE4, 0xD0, 0xF5, 0x0A, 0x21, 0xE3,
    0xF0, 0x1E, 0x01, 0x21, 0xF4, 0x08, 0xBB, 0x0E, 0x00, 0xBB, 0x3C, 0xFB,
    0xF9, 0x15, 0x0C, 0xCC, 0x05, 0x3E, 0x18, 0xD8, 0x24, 0xF9, 0x01, 0x0C,
    0x06, 0xC6, 0x1F, 0x0F, 0x10, 0x22, 0x2F, 0x29, 0x41, 0xBE, 0xDC, 0x23,
    0xEA, 0xE3, 0xE2, 0x1D, 0x27, 0xF7, 0xFD, 0xE2, 0x08, 0xCD, 0x0B, 0xFB,
    0x16, 0x1C, 0xF1, 0x00, 0xFA, 0xE5, 0xC9, 0x14, 0xCF, 0x25, 0x15, 0xF3,
    0xED, 0xFE, 0xD5, 0xD1, 0x04, 0xFF, 0x3B, 0xEE, 0x29, 0xEF, 0xEE, 0xDD,
    0x1A, 0x04, 0x1B, 0x0C, 0x2A, 0xB5, 0x09, 0x22, 0xED, 0x19, 0xBA, 0x22,
    0xF1, 0x13, 0xF8, 0x09, 0x0C, 0xE2, 0x17, 0xEB, 0xEE, 0xDF, 0x39, 0x51,
    0x00, 0xE4, 0xE3, 0x0D, 0xFC, 0xDE, 0xFC, 0x22, 0x08, 0xCE, 0x1E, 0x03,
    0x37, 0x9C, 0x0A, 0x0C, 0xE6, 0xE6, 0xDF, 0xF0, 0x07, 0xEF, 0x2C, 0xC6,
    0x40, 0xC9, 0x29, 0xFC, 0x1C, 0x4E, 0x25, 0xFF, 0xFD, 0x02, 0x0F, 0xF4,
    0x04, 0x0A, 0xEC, 0xF5, 0xF6, 0xCD, 0xF8, 0x15, 0xF8, 0x21, 0xDB, 0x11,
    0xF2, 0xED, 0x1C, 0xFF, 0x11, 0x3E, 0xF5, 0x24, 0x09, 0xE4, 0xFA, 0xFD,
    0xD1, 0x07, 0xB8, 0x37, 0x17, 0x2A, 0xF7, 0x01, 0xDD, 0xF8, 0xE0, 0xC4,
    0x2E, 0x25, 0xF7, 0x0A, 0x32, 0xDB, 0xF9, 0x10, 0xFC, 0x12, 0x09, 0x5A,
    0xFC, 0xD2, 0x1E, 0x01, 0x3E, 0xE9, 0x00, 0xE8, 0x0A, 0xFE, 0xEC, 0x13,
    0xE9, 0xCE, 0x10, 0x16, 0xE9, 0xF1, 0xF1, 0x23, 0xF3, 0xD8, 0xF3, 0xFA,
    0x34, 0xBE, 0xDF, 0xDB, 0x0E, 0xFA, 0xD8, 0x13, 0x1B, 0x19, 0x17, 0xD7,
    0x37, 0x22, 0xE3, 0x0C, 0x14, 0x08, 0x08, 0x26, 0x02, 0xE8, 0x0D, 0x31,
    0xF5, 0xE6, 0xD9, 0xEC, 0x17, 0xC0, 0xE7, 0xFE, 0x26, 0xE3, 0xF4, 0x28,
    0xE6, 0x09, 0xE1, 0x1F, 0xF2, 0xF7, 0x2A, 0x0F, 0xEE, 0xEC, 0xFF, 0xEA,
    0x1A, 0xDE, 0x1C, 0xD9, 0xEE, 0x13, 0x0B, 0x15, 0x2D, 0xD6, 0xF8, 0x28,
    0xF9, 0xBA, 0xE4, 0xF1, 0xF9, 0x0D, 0xFB, 0xDC, 0xD3, 0xE6, 0xE3, 0x08,
    0x08, 0x4C, 0xF1, 0x31, 0xE3, 0x09, 0xEB, 0xED, 0xFE, 0x21, 0xCF, 0x04,
    0x05, 0x18, 0x2E, 0x05, 0x46, 0xD5, 0x2B, 0xCB, 0x02, 0x16, 0x14, 0x04,
    0xB4, 0x5F, 0xEB, 0xD9, 0xFE, 0xF0, 0x2F, 0xD7, 0xEA, 0x1A, 0xFF, 0x00,
    0xEA, 0xFA, 0x23, 0x37, 0xF6, 0xFA, 0xE7, 0x0B, 0xF9, 0x1F, 0x12, 0x09,
    0x0A, 0x17, 0x23, 0xE6, 0x08, 0x2A, 0xF3, 0x00, 0x38, 0xEB, 0x03, 0x07,
    0xF6, 0xE8, 0xDF, 0x1C, 0xFE, 0x0E, 0xFC, 0x1F, 0x4A, 0xFD, 0x0C, 0xDF,
    0xE6, 0x25, 0x03, 0xDA, 0xFD, 0x28, 0xE1, 0xFF, 0xEE, 0x1C, 0x02, 0xF2,
    0xE6, 0xC1, 0x0F, 0x0B, 0xEF, 0x6A, 0x08, 0x45, 0x14, 0xE1, 0xFA, 0xEA,
    0x0D, 0x17, 0xD1, 0x0B, 0xF7, 0x0D, 0x03, 0x1E, 0xFE, 0xDF, 0xF8, 0x38,
    0xDC, 0x28, 0x04, 0xE4, 0xD6, 0xD4, 0x09, 0x11, 0x1A, 0x00, 0xDB, 0xDE,
    0xCB, 0xF4, 0xF5, 0xE9, 0x1F, 0x02, 0x3A, 0xE0, 0xFD, 0xC3, 0x0C, 0xF7,
    0xF7, 0x1C, 0x36, 0xFC, 0xFC, 0x29, 0x00, 0xCC, 0x2B, 0xF7, 0x06, 0xFB,
    0x1A, 0xFD, 0x09, 0xF8, 0xE7, 0x04, 0xEC, 0x13, 0xBA, 0x23, 0xF3, 0x05,
    0xF3, 0x1A, 0x24, 0xFF, 0xEF, 0x2F, 0xE0, 0x17, 0xB4, 0x06, 0xC4, 0x3A,
    0x18, 0x00, 0xD8, 0xDA, 0xFA, 0xEA, 0xFD, 0xF5, 0x17, 0x34, 0x25, 0x49,
    0xCF, 0x1D, 0xDC, 0xFD, 0xC3, 0x2D, 0xEF, 0x10, 0x05, 0x17, 0x13, 0xE8,
    0x14, 0xC8, 0x20, 0xFA, 0xED, 0x09, 0xF7, 0x04, 0x22, 0x07, 0x05, 0xD8,
    0x11, 0x25, 0xD2, 0xE7, 0x19, 0x00, 0x0D, 0x06, 0xE0, 0x39, 0xE6, 0x10,
    0x7C, 0xA9, 0x23, 0xFF, 0xF9, 0x1C, 0xCC, 0x20, 0x1D, 0xED, 0x0D, 0xE9,
    0x0D, 0xE3, 0x1F, 0xCB, 0xFB, 0x23, 0x28, 0x05, 0xE2, 0xE3, 0x09, 0x01,
    0xE5, 0x0C, 0xDB, 0xE0, 0x1A, 0xF0, 0x22, 0xCB, 0x53, 0xA6, 0x15, 0x22,
    0xD7, 0xF2, 0xE8, 0x32, 0xEF, 0xF0, 0x20, 0xF0, 0x10, 0xEB, 0x04, 0xE2,
    0x00, 0x1E, 0x22, 0xFF, 0xF8, 0xFF, 0xEB, 0x1D, 0xFE, 0xED, 0xC8, 0x27,
    0xFC, 0xAF, 0x25, 0x1D, 0x40, 0xCD, 0x2D, 0x01, 0xF3, 0x24, 0xE9, 0xFE,
    0x1C, 0xE2, 0x23, 0x09, 0x32, 0xE3, 0x1D, 0xF7, 0xE7, 0x1B, 0xFD, 0xEA,
    0xDC, 0xD9, 0xFF, 0x14, 0x01, 0x00, 0xCC, 0x12, 0x28, 0xAD, 0x1A, 0x01,
    0x41, 0xA8, 0x11, 0x2F, 0x19, 0x0D, 0xC0, 0x24, 0xE8, 0xCA, 0x30, 0xF3,
    0x1F, 0xFF, 0xE1, 0xF4, 0xE0, 0x0D, 0x19, 0xF7, 0xFC, 0xE0, 0xFF, 0x1A,
    0x20, 0xE6, 0xCF, 0x06, 0x0B, 0xEF, 0x1F, 0x13, 0x3F, 0xE8, 0xEB, 0x0E,
    0x08, 0x1B, 0xFE, 0x2E, 0xE4, 0xBE, 0x28, 0xFE, 0x2C, 0x02, 0xF0, 0xA5,
    0x13, 0xFB, 0x1C, 0x0B, 0x1E, 0xC4, 0xFB, 0x18, 0x1C, 0x07, 0xC7, 0xED,
    0xF9, 0xD0, 0x0B, 0xE1, 0x16, 0xEC, 0xD4, 0x36, 0x04, 0xC1, 0xE2, 0xEB,
    0xC6, 0x26, 0x0D, 0x35, 0xE5, 0x31, 0xF9, 0x14, 0xE9, 0xEE, 0xE3, 0xF4,
    0x13, 0xF7, 0x32, 0x2D, 0xEC, 0xE2, 0xEC, 0xFB, 0xE9, 0xCB, 0x00, 0x1F,
    0xD2, 0x64, 0xE4, 0x20, 0xB6, 0x31, 0x41, 0x1E, 0x16, 0x24, 0xF1, 0xDD,
    0xFB, 0xEF, 0xD0, 0x2B, 0x07, 0xD5, 0xE4, 0xEE, 0x07, 0xE1, 0x1E, 0x30,
    0x33, 0xD6, 0x46, 0xEF, 0x0E, 0xF0, 0xBC, 0x0E, 0x35, 0x35, 0x11, 0x48,
    0xF7, 0xDE, 0xB9, 0x04, 0x08, 0x0D, 0x1D, 0xCE, 0x1B, 0xEF, 0x3D, 0x00,
    0xD2, 0x29, 0x30, 0x09, 0xEE, 0xFC, 0xE1, 0x07, 0xD1, 0x41, 0xCE, 0x0D,
    0xC9, 0xFD, 0xF0, 0xCC, 0xDF, 0xEE, 0xF7, 0x18, 0x06, 0xE3, 0x1A, 0x19,
    0x09, 0x1F, 0x15, 0x21, 0xF9, 0xFB, 0x09, 0x0C, 0xC8, 0xDB, 0xD0, 0xD1,
    0xF8, 0xE5, 0x23, 0xF7, 0xFE, 0x0B, 0x3C, 0x18, 0x03, 0x34, 0xC6, 0x01,
    0x32, 0xC1, 0xEA, 0x10, 0x25, 0x00, 0x16, 0x16, 0xF7, 0xD5, 0xE9, 0xEA,
    0x19, 0xF2, 0x18, 0xEB, 0x12, 0xF3, 0x1A, 0xD9, 0x1E, 0xEE, 0x0E, 0x1D,
    0xEE, 0xFC, 0x09, 0x29, 0xEF, 0xDF, 0xFB, 0xEA, 0xF7, 0xB0, 0x1C, 0x04,
    0x1B, 0x13, 0xF2, 0x16, 0xF0, 0xCE, 0x30, 0x13, 0x08, 0xD3, 0xEF, 0xFE,
    0x17, 0xED, 0x14, 0xE9, 0x06, 0x18, 0x17, 0x14, 0x2B, 0xF7, 0xE2, 0xF4,
    0x12, 0xFB, 0x2B, 0xDD, 0x05, 0xFA, 0x38, 0xF9, 0x04, 0x21, 0x01, 0x07,
    0x14, 0x18, 0xF4, 0xEF, 0x18, 0xF6, 0xF2, 0x14, 0x0E, 0x00, 0xE6, 0x0F,
    0xDD, 0xC6, 0xEA, 0x1C, 0xEC, 0xDB, 0xCE, 0x1B, 0xD6, 0xFE, 0x28, 0x2B,
    0x43, 0xBB, 0x09, 0x30, 0xF2, 0xF2, 0xE7, 0x2A, 0xEE, 0xED, 0x26, 0xFB,
    0x31, 0x07, 0xD7, 0xF9, 0x02, 0x1B, 0xF6, 0xFA, 0x03, 0xE5, 0xE8, 0x22,
    0xF8, 0xF9, 0x07, 0x07, 0x04, 0xE3, 0x0A, 0xFE, 0x41, 0xAC, 0xF5, 0x12,
    0xED, 0xEE, 0xD1, 0x17, 0xF3, 0xF5, 0x1C, 0xED, 0x30, 0xFF, 0x05, 0xD8,
    0xF6, 0xF5, 0x2A, 0x20, 0xF6, 0xE5, 0xFC, 0x19, 0xEC, 0xFB, 0xCF, 0x28,
    0xFA, 0xDD, 0x24, 0x1B, 0x04, 0xFC, 0xEC, 0xD9, 0x0F, 0xDB, 0x45, 0xE9,
    0xF9, 0x01, 0x1C, 0xF7, 0xE6, 0xDB, 0xFC, 0x07, 0x03, 0x35, 0x3C, 0xF8,
    0x0D, 0x02, 0xF2, 0xF9, 0x05, 0xFB, 0x2D, 0xCE, 0xC7, 0x1D, 0x0C, 0x09,
    0x0B, 0xDB, 0xE2, 0xE9, 0x29, 0x32, 0x36, 0xE9, 0x09, 0xEA, 0x2B, 0x25,
    0x38, 0xE8, 0x17, 0x0C, 0x04, 0xE1, 0xE6, 0x14, 0x15, 0xEC, 0xA6, 0x0A,
    0x10, 0x45, 0xFB, 0x08, 0x01, 0xEE, 0xD4, 0xCD, 0xFC, 0x05, 0xFB, 0x25,
    0x19, 0xD3, 0xF8, 0x08, 0xD5, 0x0E, 0xF6, 0x06, 0x15, 0xE8, 0xD3, 0x0E,
    0x28, 0xE3, 0xF6, 0xFD, 0x04, 0x0E, 0xFE, 0x00, 0xFC, 0x0C, 0x0F, 0x10,
    0xFA, 0xE1, 0x19, 0x0B, 0xEF, 0x04, 0x18, 0xF2, 0x1A, 0x0D, 0x0C, 0xFC,
    0xFE, 0xF8, 0x04, 0x13, 0xF6, 0x15, 0x45, 0xE0, 0x07, 0xE6, 0xEF, 0xF8,
    0xEC, 0xE9, 0xFE, 0xFB, 0xF0, 0x04, 0xEE, 0x0F, 0x15, 0xE5, 0xF9, 0xF8,
    0xF9, 0x0B, 0xD8, 0x0C, 0xFA, 0x11, 0xEC, 0x0C, 0x0B, 0x04, 0xEA, 0xEC,
    0xEA, 0x0C, 0xE0, 0x06, 0x07, 0xF0, 0x0B, 0x23, 0x07, 0x06, 0xFB, 0xE3,
    0xE6, 0xF9, 0x00, 0x02, 0x1C, 0x06, 0x0C, 0x32, 0xFD, 0x0B, 0xF3, 0x25,
    0xDA, 0xCE, 0x02, 0x10, 0x18, 0x02, 0xF8, 0x02, 0xDD, 0x0A, 0xE7, 0xDA,
    0xEB, 0x07, 0xF0, 0xD9, 0x0F, 0xF9, 0xF3, 0xF3, 0xF8, 0x19, 0x22, 0x07,
    0x32, 0xF9, 0x13, 0x21, 0xFE, 0xEC, 0xF7, 0x04, 0x01, 0x0C, 0xFA, 0x0E,
    0x18, 0xEB, 0x05, 0x22, 0x1D, 0xEA, 0x03, 0x2D, 0x04, 0xEC, 0xEA, 0x0A,
    0xE5, 0x21, 0xE8, 0x0A, 0xEB, 0xE3, 0x13, 0x0C, 0x16, 0x1F, 0xEE, 0x13,
    0xED, 0xFA, 0x23, 0x2B, 0x0E, 0x13, 0x0A, 0x06, 0x1D, 0xF9, 0x01, 0x00,
    0xF8, 0xEF, 0xD7, 0xF4, 0x18, 0x1D, 0xF4, 0x16, 0xE8, 0xFA, 0xFE, 0x09,
    0xE9, 0xE9, 0xFD, 0xF0, 0xED, 0x25, 0x00, 0x05, 0x16, 0xFA, 0x08, 0x0B,
    0xD6, 0xF5, 0x12, 0xEF, 0xC4, 0xFC, 0x03, 0xF9, 0xEB, 0xF0, 0xFA, 0x04,
    0xE9, 0xFA, 0xFA, 0x1A, 0x23, 0x1C, 0xFE, 0x08, 0xDC, 0x0C, 0x16, 0xEB,
    0x08, 0x08, 0x12, 0x17, 0x0A, 0xEF, 0x26, 0xFE, 0x12, 0x07, 0x04, 0x08,
    0x10, 0xFC, 0x1A, 0xF5, 0xFD, 0xEE, 0xEF, 0xF1, 0xDE, 0xF0, 0xEE, 0x00,
    0x1B, 0x01, 0x08, 0xC4, 0x2C, 0x0B, 0x13, 0xCF, 0xF7, 0x00, 0x17, 0x29,
    0xF2, 0xF5, 0xFB, 0x18, 0x05, 0x00, 0xF8, 0xFE, 0xE8, 0x1F, 0xD8, 0xFC,
    0xFE, 0x1D, 0xF3, 0xFF, 0xF5, 0x1F, 0x08, 0x0E, 0x16, 0x2E, 0xEC, 0x07,
    0xEB, 0x0D, 0xFC, 0x00, 0xE7, 0x19, 0xFA, 0xFC, 0xDD, 0xEF, 0xEE, 0xF0,
    0x1F, 0x13, 0x01, 0x07, 0xE8, 0xEF, 0xF1, 0x18, 0x1C, 0xDF, 0xFC, 0x11,
    0x0C, 0xE7, 0x0B, 0x25, 0x17, 0x1E, 0x04, 0xE6, 0x15, 0xF3, 0x01, 0x15,
    0xE6, 0x06, 0x1D, 0x01, 0x02, 0x06, 0x0F, 0x03, 0xD4, 0x06, 0xEA, 0x0F,
    0x00, 0x0A, 0x09, 0xE1, 0x11, 0x13, 0x04, 0x28, 0xFF, 0xF4, 0x07, 0x10,
    0x08, 0x17, 0x03, 0x06, 0x0F, 0xF6, 0xDE, 0xEB, 0xF8, 0x07, 0x10, 0xDC,
    0xFC, 0x02, 0xF5, 0xEC, 0x03, 0xFA, 0x02, 0xD8, 0x0C, 0x24, 0xF0, 0xFE,
    0xFD, 0x06, 0xEE, 0xEB, 0x26, 0xF9, 0x1C, 0xF3, 0xF9, 0xF1, 0xE9, 0x03,
    0x1E, 0xFE, 0xFA, 0x26, 0xF8, 0x13, 0x0A, 0x0D, 0x18, 0x06, 0xF6, 0xF8,
    0xF2, 0xFA, 0x22, 0xED, 0xEB, 0xF7, 0xF8, 0x13, 0x11, 0x15, 0x05, 0xDF,
    0xFD, 0x13, 0x07, 0x04, 0xFD, 0x0C, 0xF1, 0xF1, 0xF1, 0xEF, 0x01, 0x08,
    0xFC, 0x12, 0x09, 0xE5, 0xFE, 0x06, 0xE2, 0x05, 0xF7, 0xE2, 0xDE, 0x1F,
    0xFD, 0xF4, 0x07, 0xF8, 0x01, 0x1D, 0xFE, 0xFA, 0x00, 0x02, 0xCC, 0x09,
    0x1A, 0xD6, 0x01, 0xEA, 0x0D, 0x18, 0xFE, 0x12, 0xE9, 0x00, 0x1A, 0x0F,
    0xE7, 0xF0, 0x27, 0xEE, 0x11, 0x01, 0xEB, 0x26, 0x22, 0xFC, 0x04, 0x0C,
    0xFD, 0x08, 0xFB, 0xF9, 0x0A, 0x27, 0xF1, 0xF6, 0xF6, 0xEC, 0x08, 0x02,
    0x06, 0xF6, 0x03, 0xEE, 0xEE, 0x13, 0x06, 0xEA, 0xEE, 0x15, 0xF5, 0xF4,
    0xE3, 0xF0, 0xF8, 0x13, 0x0C, 0xF2, 0x12, 0xEA, 0x0C, 0xFC, 0xF7, 0xFC,
    0x15, 0xFB, 0x1E, 0x0A, 0x29, 0x0E, 0x04, 0xFF, 0xF2, 0xFB, 0x11, 0xF8,
    0xEC, 0x04, 0xF3, 0x0A, 0xF4, 0xF7, 0xED, 0x07, 0xEF, 0xD4, 0xE4, 0xDF,
    0x22, 0x0C, 0x13, 0x20, 0x05, 0x13, 0x16, 0x13, 0xF3, 0xF2, 0x03, 0xF3,
    0xFD, 0x0C, 0xE1, 0xFE, 0x10, 0x02, 0x00, 0x0A, 0xFA, 0x00, 0xFD, 0x15,
    0xF6, 0xF9, 0x2C, 0x34, 0xF0, 0xF9, 0xEB, 0xE4, 0xEF, 0xFA, 0xEE, 0xFE,
    0x05, 0xF5, 0x18, 0xF8, 0xF9, 0xFC, 0xF2, 0x09, 0x0D, 0x29, 0xF4, 0x3A,
    0x0C, 0x02, 0xFA, 0x1E, 0xFF, 0xF9, 0xF1, 0x15, 0xF5, 0x18, 0xEF, 0x15,
    0x14, 0x0A, 0x1F, 0xFD, 0xF9, 0x06, 0xFE, 0xFD, 0x0A, 0x13, 0x01, 0xF4,
    0xC4, 0x05, 0xEC, 0xE1, 0xF5, 0xEA, 0xFE, 0xF6, 0x1E, 0x06, 0x04, 0x0A,
    0xFC, 0xD4, 0x1F, 0xFB, 0xFF, 0x02, 0x2A, 0x0B, 0xF6, 0xF0, 0x09, 0xF0,
    0x0A, 0xF2, 0x15, 0xD0, 0xF5, 0x09, 0x22, 0xF0, 0x19, 0x09, 0xF9, 0xF1,
    0xF3, 0x12, 0xFE, 0xEA, 0xEA, 0x08, 0x16, 0xDC, 0xED, 0x0A, 0x0D, 0xFF,
    0x15, 0x00, 0x0E, 0xFC, 0x37, 0xF9, 0xFC, 0xD2, 0x12, 0x0C, 0xF4, 0x13,
    0x0D, 0xFF, 0x16, 0x0D, 0xF0, 0x10, 0xFA, 0xEA, 0x04, 0x2E, 0xFD, 0x18,
    0xFC, 0xED, 0xF7, 0xFA, 0x04, 0x0D, 0xF9, 0xE4, 0xF1, 0xF2, 0x0A, 0x10,
    0x04, 0xF3, 0xED, 0xFC, 0x04, 0x0E, 0x19, 0xFB, 0xF9, 0x07, 0xED, 0xFA,
    0x03, 0x21, 0xCD, 0xF5, 0xF1, 0xF7, 0xF8, 0xF8, 0x07, 0xFD, 0xFE, 0x0E,
    0x2D, 0x18, 0x07, 0x09, 0x00, 0x07, 0x06, 0xEA, 0x08, 0x1B, 0xE4, 0x0A,
    0x0D, 0x01, 0x0B, 0x20, 0x04, 0xF6, 0x22, 0x0A, 0xF5, 0xFC, 0xE4, 0x10,
    0x0C, 0x06, 0xFB, 0xE2, 0xF5, 0xFA, 0xF0, 0x17, 0x0D, 0x16, 0x28, 0xE6,
    0xF3, 0xFC, 0xF3, 0xF3, 0xE4, 0x0E, 0xF2, 0xF4, 0xFD, 0xD6, 0x0C, 0xF2,
    0x01, 0x1C, 0xFE, 0xEC, 0xF6, 0x0D, 0xF6, 0x13, 0x38, 0x0C, 0x06, 0x12,
    0xF5, 0x0F, 0xF2, 0xCA, 0x09, 0x05, 0x20, 0xEC, 0xF5, 0xE9, 0xE5, 0x16,
    0x09, 0xFB, 0x03, 0xF0, 0x0E, 0x10, 0x04, 0x10, 0x01, 0xF3, 0x0C, 0xF6,
    0x08, 0x0A, 0x10, 0x18, 0xF9, 0x0D, 0x02, 0x16, 0x01, 0xFB, 0xF1, 0xE1,
    0x13, 0x0D, 0xD1, 0xEB, 0x03, 0x03, 0x19, 0xF8, 0xF8, 0xD1, 0x0B, 0xDE,
    0x13, 0x15, 0xF7, 0xED, 0x04, 0x0C, 0x00, 0x01, 0xE9, 0x03, 0xF7, 0xEA,
    0xED, 0x25, 0xFF, 0x03, 0x12, 0x0B, 0xF1, 0xF4, 0xFF, 0xE8, 0x1A, 0x02,
    0xEC, 0x0A, 0x01, 0xFC, 0x05, 0xFB, 0x0F, 0xEA, 0x14, 0x08, 0xFB, 0x0A,
    0xF5, 0x0E, 0x22, 0x02, 0xF6, 0xFA, 0xE4, 0xFB, 0x0B, 0xE0, 0x02, 0xF2,
    0xFB, 0x19, 0xFB, 0xF4, 0x10, 0x05, 0xFD, 0xE4, 0xF6, 0x0C, 0x0D, 0x12,
    0xFC, 0xF7, 0xF5, 0x0F, 0x26, 0xE6, 0xFC, 0xF2, 0xF0, 0xFE, 0x1B, 0xE5,
    0xF5, 0x10, 0xFA, 0xEC, 0x06, 0x00, 0x05, 0x08, 0x0E, 0x11, 0xFE, 0xE2,
    0x0D, 0xEF, 0x00, 0xF2, 0xF6, 0xF1, 0x1B, 0xF7, 0x25, 0x12, 0x0A, 0xEC,
    0xEA, 0xFC, 0x0C, 0xF7, 0xDF, 0x07, 0x0E, 0xF8, 0x02, 0x18, 0xFC, 0xF9,
    0x0D, 0x04, 0x06, 0x33, 0xDF, 0xEC, 0x0D, 0x01, 0xD6, 0x0E, 0x0C, 0xF7,
    0xFD, 0xFF, 0xFD, 0xF0, 0x18, 0x03, 0x07, 0x0E, 0xF8, 0x02, 0xF6, 0x15,
    0xE7, 0x03, 0x1B, 0x02, 0xEB, 0xF8, 0xDD, 0xDF, 0x08, 0x25, 0xFE, 0x16,
    0x09, 0x08, 0xF4, 0x08, 0x1F, 0xEF, 0x01, 0xF2, 0x17, 0x06, 0x30, 0xF7,
    0xED, 0xFA, 0x04, 0xF1, 0x01, 0xF7, 0x20, 0x17, 0xFA, 0xF1, 0x3A, 0x18,
    0x14, 0xF1, 0xFF, 0xFF, 0x12, 0xFF, 0xFF, 0xF7, 0xF9, 0xF0, 0xFA, 0x13,
    0xE8, 0xED, 0xF8, 0xFF, 0x0F, 0xFD, 0x11, 0xF5, 0x16, 0xEF, 0xED, 0xE9,
    0x06, 0xE7, 0xF6, 0x1C, 0xE6, 0xF4, 0xEF, 0x09, 0x18, 0xFE, 0xFF, 0xFD,
    0xFB, 0x0B, 0xFC, 0x05, 0x26, 0xFD, 0xFD, 0x04, 0xF8, 0x2B, 0x09, 0xFE,
};
static const int8_t k_blk2_out[32 * 32] __attribute__((aligned(4))) = {
    0x26, 0x0D, 0xED, 0x03, 0x4F, 0x3A, 0x08, 0xFE, 0xEA, 0x0C, 0xE7, 0x41,
    0xFC, 0xB9, 0xF4, 0x0F, 0xEE, 0xAC, 0x6A, 0x1B, 0x07, 0x25, 0x4F, 0x1F,
    0xDE, 0xEB, 0x6E, 0x33, 0x1F, 0x22, 0xE0, 0x0B, 0x31, 0xC7, 0xED, 0xDB,
    0x0E, 0xCE, 0x58, 0x5D, 0x0B, 0x86, 0xE1, 0xFB, 0x0A, 0xE4, 0x17, 0xD5,
    0x03, 0x7F, 0xAB, 0xF4, 0x1B, 0xDE, 0xDF, 0xFD, 0xEB, 0xFD, 0xAD, 0x16,
    0xE3, 0xC6, 0xBF, 0xE1, 0x03, 0x09, 0x0A, 0xC2, 0xF6, 0xFE, 0xFD, 0x0F,
    0x05, 0x20, 0xEC, 0x14, 0x2C, 0x0B, 0xF9, 0xF6, 0x09, 0xF0, 0x19, 0x96,
    0x0C, 0x06, 0x31, 0x06, 0x16, 0x17, 0x01, 0x40, 0xF5, 0x1C, 0xEC, 0xF1,
    0x15, 0xF6, 0x2B, 0x51, 0x15, 0xFF, 0xF1, 0xD9, 0x04, 0xFC, 0x22, 0x40,
    0x1C, 0xF4, 0x1D, 0xF9, 0xFF, 0x14, 0xF3, 0x2B, 0xF8, 0x0F, 0xE2, 0xEB,
    0xE3, 0x06, 0x0D, 0x26, 0x12, 0x44, 0x08, 0x0A, 0xF4, 0x10, 0xE2, 0x27,
    0xD5, 0xF0, 0xE7, 0xE0, 0x28, 0x35, 0x11, 0x12, 0xFD, 0x1C, 0xEB, 0xDB,
    0x22, 0x0F, 0xED, 0x0E, 0xFF, 0x10, 0x1E, 0xDF, 0xEE, 0xF3, 0xE7, 0xFB,
    0xE4, 0xD2, 0x1F, 0xD3, 0x00, 0xDB, 0x3C, 0x05, 0xFE, 0x24, 0xF2, 0xF6,
    0x0B, 0x21, 0x08, 0xCF, 0x26, 0xED, 0x07, 0x0A, 0xA7, 0xEF, 0x01, 0xF5,
    0xFF, 0xEA, 0xF2, 0x1D, 0x10, 0xF0, 0xF8, 0xD1, 0x33, 0x06, 0x33, 0xFE,
    0xEB, 0x0E, 0xE0, 0x1E, 0xCB, 0xF1, 0x37, 0x03, 0x29, 0xE2, 0x0B, 0x00,
    0xF3, 0x04, 0xC6, 0x11, 0xDF, 0x38, 0xF3, 0xE2, 0x16, 0xB9, 0xED, 0xE7,
    0x07, 0x13, 0xE0, 0xDD, 0xC9, 0xF0, 0xE3, 0xEC, 0x0F, 0xF2, 0x17, 0xD7,
    0xF7, 0x14, 0x08, 0xEC, 0xC3, 0xED, 0x18, 0x04, 0xFE, 0x25, 0x05, 0x04,
    0x3F, 0x16, 0x1E, 0xF2, 0xF3, 0x37, 0xFC, 0xC5, 0x0F, 0xF1, 0x3B, 0x18,
    0xFD, 0x25, 0xE1, 0x10, 0x56, 0xE8, 0xF6, 0xE2, 0x03, 0x13, 0xF6, 0x07,
    0xE6, 0x03, 0xE0, 0xF5, 0xCD, 0xE7, 0x16, 0xF4, 0x37, 0xFC, 0x0D, 0x1F,
    0xDD, 0x11, 0x21, 0x67, 0xFE, 0xD1, 0x06, 0x25, 0x09, 0x14, 0x23, 0x1B,
    0x03, 0xE4, 0x05, 0xF1, 0x20, 0x35, 0x05, 0xF7, 0xDD, 0xDB, 0xD8, 0xFD,
    0x1B, 0x09, 0x2D, 0xC6, 0xFC, 0x2B, 0x28, 0xB7, 0xF4, 0xE6, 0xF1, 0xE6,
    0x02, 0x30, 0x05, 0xFB, 0xC8, 0xF5, 0x19, 0x12, 0xEB, 0x1B, 0xCB, 0x0A,
    0x06, 0xF8, 0x0E, 0xE7, 0x10, 0x17, 0x11, 0x1C, 0xCB, 0x51, 0x2E, 0x03,
    0xF5, 0xF1, 0x1E, 0xF9, 0x37, 0x0B, 0xE3, 0xEF, 0xEB, 0xDD, 0xF0, 0xE9,
    0x14, 0x16, 0x38, 0x22, 0xD9, 0xCF, 0x0E, 0x23, 0xF3, 0xDF, 0x15, 0x2B,
    0xFC, 0x0C, 0x00, 0x21, 0xE3, 0xC6, 0xC5, 0x14, 0xFA, 0x00, 0xFC, 0xF5,
    0xEB, 0x45, 0x10, 0xEC, 0x2F, 0xFC, 0xDF, 0xEC, 0x22, 0xED, 0x1A, 0xD1,
    0xFE, 0xDD, 0x0E, 0x45, 0x27, 0xE4, 0x24, 0x1E, 0x24, 0x1B, 0xFB, 0x23,
    0xFA, 0xDA, 0x11, 0xE8, 0xC8, 0xFF, 0xEA, 0x10, 0x2F, 0x03, 0x24, 0xDE,
    0x0D, 0xDF, 0x33, 0x38, 0x49, 0xF8, 0x29, 0x21, 0x5C, 0xAC, 0x44, 0x10,
    0xF9, 0x1F, 0xCA, 0xBA, 0xDA, 0xEE, 0xCF, 0xEF, 0x15, 0x1A, 0xC3, 0xF9,
    0xEE, 0xC1, 0xE0, 0x07, 0xE1, 0xF6, 0x02, 0x13, 0x02, 0x28, 0x19, 0xF9,
    0x40, 0x0E, 0xE4, 0xD6, 0x2A, 0xE2, 0x37, 0x37, 0x12, 0x0C, 0x32, 0x30,
    0xD0, 0xDE, 0x41, 0x09, 0x1B, 0xF9, 0xEC, 0x0C, 0x01, 0xE9, 0xDF, 0xE1,
    0x01, 0x1A, 0x56, 0xF1, 0x00, 0x03, 0xED, 0xEA, 0x06, 0x2D, 0xF8, 0xED,
    0x40, 0x2E, 0x16, 0x32, 0xE9, 0x0B, 0x0B, 0x2D, 0xF7, 0xE6, 0x04, 0xF7,
    0xF3, 0x24, 0x42, 0x03, 0xE1, 0x27, 0x1F, 0xF6, 0xE9, 0xD5, 0xCE, 0x21,
    0x3A, 0xF2, 0xC6, 0xDF, 0xFA, 0xFF, 0xEE, 0x16, 0xF2, 0x15, 0x14, 0x08,
    0xF6, 0xCB, 0x07, 0xF5, 0x19, 0x02, 0x18, 0xDF, 0xD1, 0xFD, 0x2E, 0x09,
    0x2F, 0xCB, 0xE7, 0xFB, 0x30, 0xE1, 0xD7, 0xCC, 0xF5, 0x0E, 0xFE, 0x02,
    0xDE, 0xFE, 0x11, 0xDC, 0xEA, 0x40, 0x10, 0x13, 0x31, 0xE1, 0xDF, 0xF3,
    0xE3, 0x2A, 0xE7, 0xF0, 0xDC, 0xDA, 0x06, 0x2E, 0xE2, 0xE2, 0xF3, 0x0A,
    0xC0, 0x1C, 0xF7, 0x4A, 0xFB, 0x26, 0x0B, 0x0C, 0x11, 0xF7, 0x06, 0xFF,
    0xBF, 0x08, 0x29, 0x29, 0xD3, 0xFE, 0x1A, 0x09, 0xF1, 0x24, 0xF2, 0xF0,
    0x0B, 0xFB, 0x0A, 0x00, 0x2E, 0x03, 0xF1, 0x0F, 0x48, 0x3F, 0x19, 0x16,
    0xED, 0x19, 0x23, 0x24, 0xEA, 0xDE, 0xFB, 0x1D, 0x02, 0x1D, 0xF6, 0xCB,
    0xEF, 0xDF, 0x14, 0xDD, 0x0A, 0x06, 0xFF, 0x0B, 0x04, 0x01, 0x0A, 0xEE,
    0xBD, 0x03, 0x24, 0x3E, 0xF9, 0x18, 0xEE, 0xFB, 0xFB, 0x17, 0x0D, 0x1B,
    0x10, 0xF5, 0x0E, 0x2D, 0xEC, 0xB8, 0x08, 0xCE, 0x0A, 0x2A, 0x02, 0x01,
    0xDD, 0xFE, 0xDD, 0xE0, 0x03, 0xE3, 0x11, 0x04, 0x09, 0x1A, 0x11, 0xFF,
    0xCD, 0xDE, 0xDC, 0xF9, 0x14, 0x17, 0x1F, 0xFB, 0xEE, 0x31, 0x00, 0xD1,
    0xED, 0x12, 0xE6, 0x12, 0x07, 0x33, 0x2D, 0xE8, 0xD3, 0x31, 0xF0, 0x1E,
    0xD7, 0x09, 0xE0, 0x04, 0xFF, 0xEC, 0xD0, 0xFD, 0xE6, 0xC4, 0x1C, 0x25,
    0xF1, 0x27, 0xE1, 0x16, 0xE4, 0xDF, 0xE2, 0x22, 0x0F, 0x18, 0xDD, 0x0F,
    0xFA, 0x0D, 0xBE, 0x2C, 0x23, 0x3B, 0xE5, 0xFF, 0x31, 0x0C, 0x07, 0x1C,
    0x0A, 0xD1, 0xDC, 0xFA, 0xE9, 0xF3, 0xE2, 0xFB, 0xC9, 0xC9, 0xF5, 0xD4,
    0x16, 0xE6, 0x08, 0xE7, 0xD0, 0x1E, 0xFB, 0xF4, 0xF3, 0x2A, 0xE9, 0x18,
    0x31, 0x09, 0x3B, 0xDE, 0xFA, 0xE3, 0xF7, 0x2B, 0xF8, 0xD9, 0xE1, 0xF7,
    0x31, 0xFF, 0x23, 0x14, 0xD3, 0x27, 0x2D, 0xF8, 0xE8, 0x16, 0x0A, 0x12,
    0xC6, 0x03, 0x05, 0xC2, 0x50, 0xEE, 0xFA, 0x19, 0x05, 0xD2, 0xF0, 0x01,
    0xFF, 0x00, 0xEA, 0xF9, 0x0F, 0x05, 0xDF, 0x41, 0xE1, 0x27, 0xE0, 0xE0,
    0xFA, 0xE3, 0xF4, 0xFE, 0x07, 0xF2, 0xEB, 0xDE, 0x00, 0x34, 0xFE, 0xCB,
    0x26, 0xE9, 0xBF, 0xC5, 0xE7, 0xE7, 0x1D, 0xBC, 0xFB, 0x2B, 0xCA, 0xEC,
    0x30, 0x1E, 0xE3, 0x13, 0x33, 0xD2, 0x29, 0x29, 0xDB, 0x24, 0xE6, 0xF8,
    0x1F, 0x02, 0xF5, 0x0F, 0x10, 0x02, 0x14, 0x2E, 0xBC, 0xF4, 0xEF, 0x1F,
    0x04, 0xEE, 0x2E, 0xC4, 0x13, 0xCE, 0x07, 0xBF, 0x17, 0x18, 0xEF, 0x03,
    0x10, 0x06, 0xD5, 0xD9, 0x2B, 0xF7, 0xDE, 0xE9, 0xEF, 0xE9, 0xDD, 0xFA,
    0xC8, 0x09, 0xCC, 0x0D, 0x0E, 0xFB, 0xC3, 0x04, 0xFF, 0xFA, 0x05, 0xF1,
    0xEA, 0x3E, 0x19, 0x17, 0x0F, 0x18, 0xFA, 0xFC, 0x29, 0xD3, 0xEF, 0x0D,
    0x13, 0xDB, 0x06, 0xD4, 0xDD, 0xEA, 0xD3, 0x0E, 0xCB, 0x0D, 0xE3, 0xD7,
    0xDA, 0xD8, 0xE1, 0x1C, 0x25, 0xF1, 0xF6, 0x16, 0x07, 0x27, 0x17, 0x43,
    0x24, 0x0C, 0x1D, 0x05, 0x0E, 0x08, 0xE3, 0x02, 0x08, 0x13, 0xE0, 0xE5,
    0xF0, 0xF1, 0xF7, 0x2E, 0x50, 0xB5, 0xDA, 0xE6, 0x00, 0xB3, 0x1F, 0xE4,
    0xCA, 0xCD, 0x16, 0xD8, 0xF8, 0xF5, 0x16, 0xF9, 0xB8, 0x35, 0x13, 0x0A,
    0xDC, 0x0B, 0x10, 0x47, 0xFF, 0xEE, 0xD8, 0xE0, 0xDC, 0xE6, 0x09, 0xFF,
    0xCA, 0x1F, 0xD8, 0xF8, 0xDB, 0x35, 0xE6, 0x0A, 0x37, 0x0B, 0x0B, 0x0A,
    0xF0, 0x1C, 0xDC, 0xF4, 0x04, 0xFB, 0x44, 0x2B, 0x0E, 0x10, 0x09, 0xE6,
    0x2C, 0xF6, 0x23, 0x1B, 0xF6, 0xF9, 0x30, 0xE3, 0xEF, 0x29, 0xEF, 0xC9,
    0xF1, 0xFA, 0x05, 0xDD, 0xFB, 0xE8, 0xE0, 0x31, 0x12, 0xD8, 0xFC, 0x16,
    0x15, 0xCA, 0xFF, 0x16, 0xB4, 0xEA, 0xE6, 0xC2, 0xE2, 0x08, 0x03, 0xED,
    0x0F, 0xF0, 0xC9, 0xEC,
};
static const int8_t k_blk2_fc1[96 * 32] __attribute__((aligned(4))) = {
    0x02, 0x11, 0xF3, 0xFB, 0xE2, 0xEB, 0x20, 0xE8, 0x15, 0x11, 0x06, 0xE0,
    0xEE, 0x13, 0xF3, 0x17, 0xEC, 0x1B, 0xFF, 0x56, 0xF1, 0x1B, 0xF2, 0x02,
    0xC8, 0x00, 0xFE, 0x06, 0x48, 0x06, 0xD8, 0xB0, 0xF8, 0xD4, 0x5D, 0xE0,
    0x00, 0x06, 0xF3, 0x03, 0x17, 0xF6, 0xE7, 0x0F, 0xFC, 0xF2, 0x09, 0x13,
    0xCF, 0xDE, 0xF2, 0xEA, 0x1F, 0x17, 0x12, 0xEB, 0x15, 0xFC, 0xE3, 0xFC,
    0x23, 0xD6, 0x18, 0x06, 0xE1, 0x0F, 0x40, 0xFC, 0xF9, 0xEC, 0xE5, 0x21,
    0x28, 0x5C, 0x01, 0xD2, 0x02, 0x13, 0x02, 0xB7, 0x05, 0xEA, 0x15, 0xE6,
    0xB1, 0x29, 0x1D, 0xEB, 0x02, 0xF1, 0xFC, 0xDC, 0x00, 0xEC, 0x0D, 0xDB,
    0x14, 0xE5, 0x25, 0xD9, 0xDC, 0xF8, 0x1D, 0xFA, 0x29, 0x0D, 0xFE, 0xD7,
    0xF0, 0x32, 0x1D, 0xFE, 0xF0, 0x14, 0x0E, 0xFC, 0xD3, 0x12, 0x08, 0xBB,
    0xF9, 0xFE, 0x06, 0xF1, 0xEE, 0x0A, 0x1E, 0xFF, 0xE7, 0xD5, 0x22, 0xBB,
    0xFE, 0x02, 0x3C, 0xF2, 0xEC, 0x24, 0x3A, 0xE6, 0x1F, 0xEE, 0x1E, 0x0B,
    0x00, 0xFC, 0xF6, 0xD8, 0xF2, 0x15, 0x36, 0x19, 0xF8, 0x0A, 0xE6, 0xD9,
    0xF1, 0xF4, 0x01, 0xD6, 0xF3, 0x02, 0x0E, 0xD1, 0xFB, 0xCA, 0xEE, 0x0F,
    0x21, 0xD8, 0x0A, 0x1D, 0x0D, 0x13, 0x13, 0xE1, 0x16, 0x21, 0xF5, 0x16,
    0x9C, 0xFB, 0x38, 0x32, 0x01, 0xD7, 0x0C, 0xF5, 0xF9, 0x09, 0xD9, 0x2C,
    0xD5, 0x25, 0x30, 0x14, 0xCF, 0x21, 0x1C, 0xFF, 0x1C, 0xE4, 0x05, 0xEC,
    0x14, 0x16, 0xDB, 0xE8, 0xF7, 0xE2, 0x01, 0x2E, 0xF3, 0xCF, 0x0E, 0xF9,
    0xE6, 0xE0, 0xE2, 0x00, 0xD7, 0x04, 0x45, 0x18, 0x24, 0xF7, 0x0C, 0x14,
    0xE5, 0xEB, 0xC0, 0xFB, 0xF5, 0xC3, 0xF1, 0xEE, 0x02, 0xED, 0x0E, 0x2F,
    0x0A, 0x15, 0x26, 0x07, 0xC3, 0xE2, 0x2E, 0xD5, 0xFC, 0xFE, 0x11, 0xC4,
    0x20, 0x2C, 0x10, 0x15, 0xED, 0x03, 0xE0, 0xD4, 0x2B, 0xE9, 0x2A, 0xF6,
    0xBF, 0x03, 0xEE, 0x02, 0x1E, 0x08, 0x0D, 0xF9, 0x1F, 0x0F, 0xF0, 0xEC,
    0x0E, 0xF5, 0x41, 0x0A, 0xD0, 0x04, 0xDA, 0x0D, 0xFD, 0xF2, 0x0E, 0x28,
    0xEF, 0xFD, 0xE8, 0xBE, 0xAC, 0x09, 0x3C, 0x27, 0x0C, 0x20, 0x02, 0x14,
    0x11, 0x14, 0xEB, 0xEF, 0xB1, 0x02, 0xE3, 0x21, 0xE4, 0x1D, 0x2D, 0x33,
    0x0A, 0xD2, 0xF4, 0xDA, 0x1F, 0x01, 0x0D, 0xF5, 0xF5, 0x1D, 0x61, 0xE3,
    0xFB, 0x14, 0xFD, 0xD0, 0x06, 0x39, 0xE3, 0xE5, 0x10, 0x31, 0x25, 0xE6,
    0x04, 0x16, 0xD0, 0xD5, 0xF6, 0xE1, 0x0F, 0xDB, 0xC1, 0x01, 0xD1, 0xFD,
    0x09, 0x08, 0x4E, 0xFD, 0xD4, 0x0F, 0x0A, 0x02, 0xF1, 0x0E, 0x0F, 0xFF,
    0xBA, 0x2A, 0x0A, 0x20, 0xF3, 0x0E, 0x05, 0xC0, 0xE3, 0x28, 0xDB, 0x0D,
    0x0E, 0xDB, 0x2E, 0x32, 0xF1, 0xE7, 0x20, 0xE0, 0xFD, 0xE5, 0xEB, 0x1B,
    0x02, 0x4C, 0x06, 0xF6, 0xF4, 0x0D, 0x16, 0xFE, 0x12, 0xD6, 0x12, 0xFD,
    0xD0, 0x2E, 0x05, 0xEF, 0x21, 0xF7, 0xD2, 0xE9, 0xE2, 0xE4, 0xFF, 0x06,
    0x04, 0xDE, 0xFC, 0x21, 0x1F, 0x06, 0xE1, 0x07, 0x13, 0x05, 0x1D, 0x04,
    0xA1, 0xEB, 0x16, 0x35, 0x0E, 0xF9, 0xFE, 0x23, 0xF2, 0xE7, 0xEB, 0x22,
    0xFF, 0x0B, 0xD5, 0x21, 0x08, 0x24, 0xF8, 0xDC, 0xE7, 0x0D, 0xDC, 0x1E,
    0x07, 0x04, 0xF9, 0xF4, 0xE4, 0x0A, 0xFF, 0x29, 0xDA, 0x15, 0xF3, 0x16,
    0xF7, 0x2A, 0x19, 0xE2, 0x22, 0x23, 0x05, 0xF6, 0x04, 0x17, 0xEF, 0xFF,
    0xF9, 0xE2, 0x31, 0xF5, 0x02, 0xD4, 0xF3, 0xAA, 0x23, 0xF0, 0x1B, 0xF7,
    0xEA, 0x00, 0x0E, 0x10, 0x2A, 0xFF, 0x29, 0x03, 0xFF, 0x28, 0xD4, 0xE6,
    0xF2, 0x2A, 0xED, 0xF7, 0xD6, 0xD5, 0x12, 0x0C, 0x09, 0x1F, 0x0F, 0xE9,
    0x0B, 0xDC, 0xD9, 0x1F, 0xE2, 0xEE, 0x1E, 0xFF, 0xE8, 0x07, 0xDB, 0x2B,
    0x08, 0xC6, 0x00, 0xFC, 0x13, 0xEE, 0xDF, 0x12, 0x27, 0x06, 0x0A, 0x02,
    0x04, 0xCC, 0xEF, 0x34, 0xD2, 0xBF, 0x19, 0x0A, 0x18, 0xEA, 0x0D, 0xFE,
    0x19, 0xFF, 0xFA, 0x29, 0x33, 0x17, 0x0D, 0x1A, 0xF5, 0xDD, 0xE5, 0x1A,
    0x21, 0xE2, 0xF7, 0x11, 0x14, 0xEF, 0x30, 0xEF, 0xC3, 0x2A, 0x00, 0xF6,
    0x05, 0xE8, 0xF6, 0x09, 0xEC, 0xF8, 0x11, 0xF9, 0x08, 0xEE, 0xF5, 0xE0,
    0xDF, 0x28, 0x04, 0xD9, 0xEA, 0x02, 0xEF, 0x26, 0xF3, 0x06, 0xF8, 0x11,
    0x24, 0x2D, 0x2E, 0xF9, 0xF1, 0xFA, 0x27, 0xF5, 0xEF, 0xFD, 0x0C, 0xC3,
    0x2B, 0xD0, 0xDA, 0xE9, 0xFD, 0x03, 0x18, 0xEE, 0xD3, 0xED, 0x0D, 0x51,
    0xCA, 0x10, 0xFB, 0xE2, 0x0B, 0x1E, 0xDD, 0x33, 0x07, 0x21, 0x00, 0xF0,
    0x31, 0xF7, 0xFC, 0x0C, 0xCC, 0xEC, 0x2D, 0xD6, 0xF9, 0x06, 0xCC, 0xFA,
    0xDC, 0xEA, 0xFF, 0x0D, 0x0F, 0x28, 0x16, 0x31, 0xF5, 0xCB, 0xDB, 0xFC,
    0xC3, 0xEF, 0x09, 0xC2, 0xF5, 0x15, 0xF5, 0x1A, 0xE2, 0x2A, 0xEB, 0x30,
    0x05, 0xDA, 0xFD, 0x1D, 0xF5, 0xDD, 0x08, 0x12, 0x28, 0xD5, 0x1E, 0x0F,
    0x19, 0x01, 0x10, 0x03, 0xE6, 0x0E, 0x30, 0xD9, 0x10, 0xFA, 0xC1, 0x14,
    0x07, 0x1D, 0xFD, 0xD9, 0xC3, 0x22, 0xE0, 0x16, 0x2A, 0xF4, 0xF6, 0xFE,
    0x05, 0x02, 0xEF, 0x21, 0xC9, 0x0B, 0x0F, 0xF5, 0x08, 0xF5, 0x0F, 0xFC,
    0x02, 0xB4, 0xF1, 0xF1, 0x05, 0xFD, 0xEC, 0x36, 0x09, 0xF8, 0x10, 0xEC,
    0x20, 0xE5, 0x0E, 0x00, 0x00, 0x15, 0x0F, 0x03, 0xCE, 0x08, 0xCB, 0xFD,
    0x0F, 0xFE, 0xF0, 0x46, 0x12, 0x09, 0x4C, 0xF4, 0xED, 0x03, 0xE4, 0xFF,
    0x19, 0xE5, 0xF2, 0xEA, 0xF1, 0x1D, 0xE3, 0xC9, 0x12, 0xE2, 0xFF, 0x0A,
    0xEB, 0xFF, 0xFC, 0x16, 0xE1, 0xE9, 0x38, 0xFF, 0x12, 0x04, 0xF9, 0x13,
    0xB5, 0xD1, 0x0F, 0x36, 0xFD, 0xD3, 0x24, 0xF9, 0x0D, 0x01, 0xF1, 0xE7,
    0x30, 0x10, 0x38, 0xDD, 0xF1, 0x04, 0xD6, 0x11, 0x06, 0x09, 0x1C, 0x0A,
    0xD7, 0x19, 0xFD, 0x09, 0x11, 0x18, 0xC6, 0x13, 0x1E, 0x2B, 0xEC, 0xF1,
    0x0E, 0x02, 0xE9, 0x4D, 0xD6, 0x10, 0x0E, 0xD3, 0xF6, 0xEF, 0x1F, 0x1F,
    0x02, 0xEF, 0xD0, 0xD9, 0xEC, 0xED, 0x33, 0x0C, 0xF9, 0xD0, 0xF4, 0x0A,
    0x14, 0xDD, 0x34, 0x12, 0x2B, 0xF5, 0x5D, 0xE2, 0xFB, 0xEB, 0xFF, 0x21,
    0x25, 0x0C, 0xEA, 0xFD, 0x20, 0xFF, 0x02, 0x2E, 0xF6, 0xD5, 0xC1, 0x0C,
    0xE2, 0xEE, 0xF1, 0xDC, 0xDA, 0xF9, 0xD4, 0xFC, 0x09, 0x2D, 0xF7, 0x25,
    0x13, 0x01, 0x01, 0x01, 0xED, 0xE3, 0xF8, 0xDF, 0xDD, 0x39, 0xF6, 0x21,
    0x0A, 0xFC, 0xC6, 0x1D, 0x0D, 0xE3, 0xF9, 0x2F, 0x01, 0xE6, 0x2F, 0xFB,
    0x37, 0xE8, 0x0A, 0xE3, 0x2F, 0xCE, 0x18, 0xC5, 0xDF, 0x09, 0x27, 0xFE,
    0x00, 0x01, 0x29, 0xF0, 0x12, 0x0F, 0x03, 0x1F, 0x20, 0x0E, 0xDA, 0x07,
    0x3E, 0x1D, 0xB4, 0xEF, 0xE5, 0x05, 0xEE, 0x36, 0xC7, 0xD5, 0xBF, 0xE3,
    0x13, 0x2D, 0x02, 0x15, 0xFB, 0x06, 0x19, 0x07, 0x31, 0x1D, 0xE7, 0x04,
    0xDD, 0x3C, 0xED, 0xFC, 0xF4, 0xE5, 0x00, 0x00, 0xF5, 0x0D, 0xE7, 0xFB,
    0x1D, 0xD8, 0x23, 0x0A, 0xD2, 0xFD, 0xC0, 0xE4, 0x05, 0x2B, 0x0D, 0x16,
    0xF3, 0xDA, 0x2E, 0x3C, 0xDC, 0xF8, 0xCB, 0x2B, 0xF9, 0x01, 0x03, 0x07,
    0xEB, 0x15, 0xEA, 0x26, 0xC9, 0x0E, 0x0C, 0x2B, 0x0D, 0xF5, 0xF5, 0x12,
    0xF1, 0xF2, 0xF2, 0xF1, 0x27, 0x1B, 0xDE, 0xEF, 0x20, 0xFB, 0x03, 0xE7,
    0xE7, 0xC9, 0xF1, 0x19, 0x3D, 0xE8, 0xDA, 0xE7, 0x27, 0xF3, 0x09, 0xF5,
    0xF9, 0xF2, 0x2A, 0x02, 0x19, 0x0A, 0x12, 0xE3, 0xED, 0xF1, 0xED, 0x06,
    0x0D, 0x4B, 0x1A, 0xF4, 0x44, 0xFE, 0x11, 0x08, 0xE4, 0xE4, 0x06, 0xA6,
    0x01, 0x00, 0xF2, 0x14, 0x12, 0xFE, 0x0A, 0x0F, 0x0E, 0x0E, 0x36, 0x06,
    0x00, 0xF1, 0x13, 0xE9, 0xF7, 0xE9, 0x01, 0x16, 0xF8, 0xFF, 0x10, 0xBA,
    0x33, 0xDC, 0xFE, 0x06, 0xC7, 0xFC, 0x1C, 0x14, 0xF2, 0x01, 0x0A, 0x04,
    0xD0, 0x29, 0xFB, 0x0D, 0x0F, 0xFC, 0xF7, 0xF9, 0xF7, 0xB8, 0x1C, 0xF7,
    0xFC, 0xE7, 0xE7, 0xFD, 0xF8, 0x46, 0x15, 0x03, 0xF7, 0xE4, 0x11, 0xCB,
    0xE8, 0xEC, 0x24, 0x18, 0x1B, 0x18, 0xDC, 0xE0, 0xF8, 0x10, 0xF9, 0x26,
    0x04, 0xF3, 0xEF, 0x01, 0xFE, 0xF9, 0x09, 0x1C, 0xD5, 0xE4, 0x29, 0x2C,
    0x37, 0xD7, 0xCC, 0x07, 0xD7, 0x15, 0x19, 0x18, 0xF3, 0xE7, 0xFB, 0x46,
    0x10, 0xFE, 0x43, 0xF4, 0xE2, 0x2C, 0xF9, 0xC0, 0xF3, 0xD6, 0xF5, 0xF2,
    0x02, 0xF4, 0x38, 0xFD, 0xE1, 0xFF, 0xE2, 0xFC, 0xF7, 0xC4, 0x0C, 0x17,
    0x10, 0x1F, 0x22, 0xF6, 0xCE, 0x07, 0x15, 0x04, 0x31, 0x32, 0xFC, 0x0F,
    0xF6, 0xFE, 0x0F, 0xED, 0xD8, 0xFB, 0x14, 0xE1, 0x07, 0x23, 0x04, 0xF5,
    0xFF, 0xE5, 0xE3, 0x0A, 0x00, 0xD4, 0xD8, 0x06, 0x1A, 0xBF, 0xFF, 0x32,
    0xD1, 0xD1, 0xF8, 0xF5, 0xBF, 0xFB, 0xFC, 0x12, 0x10, 0xF5, 0x07, 0xFE,
    0xD8, 0x34, 0x1D, 0x05, 0xF9, 0x1D, 0x12, 0xEE, 0x21, 0x05, 0x0B, 0xDF,
    0x1C, 0x15, 0xEA, 0xFC, 0xE9, 0x1E, 0x0C, 0x17, 0xD4, 0xE2, 0xFE, 0xE7,
    0xF4, 0x0E, 0xE8, 0x15, 0x26, 0xE5, 0xD2, 0x23, 0xC4, 0xF2, 0x13, 0xE1,
    0x3C, 0x17, 0x23, 0xF8, 0x0F, 0xF9, 0x0F, 0x08, 0x06, 0xE1, 0x19, 0xE6,
    0x25, 0xFC, 0xFC, 0xE1, 0xF0, 0xC5, 0xED, 0x18, 0xD8, 0x29, 0xEE, 0x15,
    0x23, 0x04, 0xF9, 0x0E, 0xED, 0xEE, 0x11, 0xF4, 0xFD, 0xC4, 0x04, 0x18,
    0x16, 0x05, 0xFE, 0xFD, 0x0A, 0x18, 0x34, 0xEA, 0x04, 0x0C, 0x0B, 0xDA,
    0x0D, 0xF1, 0xF0, 0x25, 0x04, 0x28, 0xF1, 0xF9, 0x36, 0x1A, 0xEA, 0x2D,
    0x20, 0x36, 0xE9, 0xF0, 0xF9, 0x02, 0xE4, 0x0E, 0xFE, 0xEC, 0x0A, 0xCB,
    0xEE, 0xF3, 0xEA, 0xEB, 0xC8, 0xFA, 0x02, 0xFB, 0xFB, 0xE2, 0x09, 0x34,
    0x13, 0x1E, 0x01, 0xF3, 0x45, 0x1F, 0x57, 0xDC, 0xF2, 0x0A, 0xE6, 0xE2,
    0xF3, 0x05, 0x06, 0x10, 0xF5, 0xEB, 0xD7, 0x27, 0x0E, 0xE7, 0xD2, 0x1C,
    0x18, 0x03, 0xFC, 0x38, 0x13, 0x04, 0xE7, 0x3D, 0xFD, 0xEE, 0xFC, 0xF7,
    0xFB, 0xF1, 0x02, 0x03, 0xED, 0x0C, 0xD7, 0xE9, 0x01, 0xF3, 0x1E, 0xED,
    0xD6, 0xE1, 0x0D, 0x0B, 0x1D, 0xE0, 0xE4, 0xFE, 0x06, 0x4F, 0xF3, 0xD4,
    0xDD, 0xE3, 0x28, 0x07, 0x13, 0x0E, 0x17, 0xE0, 0x40, 0x10, 0x24, 0xEC,
    0xD5, 0xFE, 0xFF, 0xDB, 0xFD, 0xBB, 0x23, 0x23, 0xD3, 0x11, 0xE1, 0x1D,
    0xE3, 0x02, 0x2B, 0xF8, 0x20, 0xF1, 0x12, 0x0D, 0x2C, 0xCB, 0x28, 0xE3,
    0x06, 0xF8, 0x2B, 0xFF, 0x0B, 0x1A, 0xD2, 0x05, 0xCC, 0xF5, 0xD8, 0xDB,
    0xB5, 0xF3, 0x49, 0x04, 0x2D, 0x09, 0xF4, 0xF4, 0x3D, 0xEC, 0x01, 0xC6,
    0xF7, 0xF5, 0xFA, 0x04, 0xE7, 0xF9, 0xF3, 0x1A, 0xFA, 0xED, 0x1B, 0x30,
    0x08, 0xF2, 0xFA, 0xFB, 0xD2, 0x0B, 0xFC, 0x7F, 0xED, 0xF6, 0x15, 0x15,
    0xD4, 0xE3, 0x15, 0xDF, 0x14, 0xF4, 0x16, 0xDF, 0xF4, 0xF0, 0xD1, 0x09,
    0xD9, 0xB0, 0x1F, 0x10, 0x19, 0xF7, 0xF5, 0x05, 0x08, 0x06, 0xFA, 0xE5,
    0xE6, 0x12, 0xE8, 0x43, 0x23, 0x15, 0x28, 0xFF, 0x06, 0x00, 0xE3, 0x13,
    0xF2, 0x1D, 0x08, 0xF0, 0x1E, 0x21, 0x0D, 0xE3, 0x03, 0x21, 0x2D, 0x11,
    0x08, 0xF0, 0xF7, 0xD9, 0xFC, 0xF9, 0x01, 0x20, 0x1B, 0xE1, 0xEE, 0x17,
    0xF6, 0xEF, 0x18, 0xF4, 0x10, 0xAE, 0xED, 0xD4, 0xF7, 0x0E, 0xFC, 0xFE,
    0xC9, 0xFF, 0x15, 0x04, 0x17, 0x10, 0xE8, 0x0C, 0x19, 0x04, 0x24, 0xF4,
    0xDC, 0xDE, 0xDB, 0x0D, 0x13, 0xDC, 0xFF, 0x27, 0x15, 0x0B, 0x4B, 0xCF,
    0xCB, 0x25, 0xCC, 0xF2, 0x18, 0xEE, 0xE3, 0x00, 0x2A, 0x00, 0x0E, 0xCC,
    0xEC, 0x0F, 0x04, 0xFB, 0x17, 0xDB, 0xB6, 0xF1, 0x02, 0x21, 0x16, 0x29,
    0xF0, 0x06, 0xF7, 0x44, 0xE1, 0x13, 0xF7, 0x0B, 0x17, 0xD9, 0x08, 0x17,
    0x16, 0xFD, 0xFC, 0xF9, 0xE2, 0x04, 0xE1, 0x0C, 0xEE, 0x05, 0x0C, 0x0D,
    0x1C, 0x09, 0xD1, 0xF0, 0x11, 0xFB, 0xE3, 0xC0, 0x1E, 0x15, 0x08, 0x2A,
    0xC8, 0xE0, 0x00, 0x18, 0xE8, 0x1A, 0xEC, 0x0F, 0x16, 0x2A, 0x1D, 0xF1,
    0xE8, 0x07, 0x03, 0x00, 0xEC, 0xFF, 0xE1, 0xF3, 0x44, 0xEF, 0x11, 0xF4,
    0xE3, 0x04, 0xFB, 0xF0, 0x13, 0x11, 0xF4, 0x0D, 0xF3, 0x2C, 0x1C, 0xE9,
    0xB4, 0x2A, 0xD5, 0x2D, 0x0D, 0xF8, 0xE4, 0xF9, 0x26, 0xE1, 0x20, 0xD6,
    0xEC, 0x0B, 0xC5, 0xF7, 0xDB, 0x2E, 0x22, 0xFF, 0xD2, 0xEA, 0x09, 0x0B,
    0xFB, 0x0F, 0xC7, 0x1A, 0x01, 0x0B, 0x10, 0xFF, 0x00, 0x07, 0xF2, 0x27,
    0xFC, 0x0F, 0xF6, 0x22, 0xEB, 0xE2, 0x0C, 0xDE, 0xF0, 0xE4, 0xE9, 0x07,
    0xE9, 0x06, 0x06, 0x13, 0x13, 0x0D, 0xD6, 0xE8, 0xFD, 0x04, 0x22, 0x14,
    0x1D, 0xCB, 0x2B, 0xDC, 0x06, 0xD1, 0x1B, 0x19, 0x0E, 0x49, 0xD8, 0x2D,
    0xF8, 0x19, 0x05, 0xE6, 0xE1, 0x27, 0xE3, 0x00, 0x11, 0xEB, 0x27, 0x0B,
    0x1E, 0x06, 0xF9, 0xE2, 0x24, 0xFB, 0x1D, 0xF3, 0xFD, 0xDB, 0x12, 0xFD,
    0xEB, 0xE7, 0x02, 0x19, 0xEC, 0xFD, 0x03, 0xB3, 0x12, 0xF2, 0x05, 0xDE,
    0x04, 0xE5, 0xEE, 0x22, 0x09, 0xE3, 0x0A, 0x09, 0xDE, 0xF2, 0xD8, 0xF4,
    0xF2, 0xEC, 0x03, 0x1F, 0xFC, 0x03, 0xF4, 0xFB, 0x02, 0x26, 0x02, 0x10,
    0x42, 0x11, 0x0E, 0x09, 0x03, 0x0E, 0x31, 0xE2, 0xF7, 0xF3, 0xEC, 0xE7,
    0x2E, 0x11, 0x0C, 0xD3, 0x0E, 0xFF, 0xDA, 0x33, 0xB8, 0x4B, 0x04, 0xF8,
    0xED, 0x00, 0x00, 0xEE, 0xD7, 0xD7, 0xF0, 0x2A, 0x0A, 0x1F, 0xF6, 0x23,
    0xED, 0x39, 0x33, 0xFC, 0xF7, 0x05, 0xF8, 0xF5, 0xF8, 0x39, 0xBF, 0x2D,
    0x0F, 0x27, 0x04, 0xE9, 0x0E, 0xE9, 0xF4, 0x08, 0xE8, 0xDC, 0x10, 0x22,
    0xDF, 0x03, 0xC1, 0x10, 0xD7, 0xB3, 0x14, 0x1D, 0xF7, 0x10, 0xDE, 0x19,
    0x27, 0xE9, 0xDF, 0xFA, 0x30, 0xDB, 0xE9, 0xE6, 0x25, 0x2E, 0xD9, 0x04,
    0x18, 0x17, 0xF6, 0x03, 0x23, 0x1C, 0xF3, 0xF7, 0xEF, 0xF1, 0xE9, 0x30,
    0x24, 0x0F, 0xDA, 0xDD, 0x15, 0xF0, 0xFA, 0x23, 0xB9, 0x04, 0x27, 0xCB,
    0x35, 0x09, 0xE3, 0x0C, 0xE9, 0x16, 0xF8, 0x09, 0x09, 0xF1, 0x04, 0x08,
    0x24, 0xF6, 0x0A, 0x0C, 0xBA, 0xFE, 0xE8, 0xEF, 0xF7, 0x01, 0xEE, 0xEC,
    0xF4, 0x00, 0xDD, 0xF1, 0xF4, 0xC7, 0xDC, 0xDA, 0x29, 0x0E, 0x0C, 0x06,
    0x0A, 0x13, 0x2A, 0xD2, 0xF8, 0x25, 0xEB, 0x1F, 0xC9, 0x06, 0x08, 0xDC,
    0x15, 0x02, 0xE1, 0x35, 0x32, 0x1D, 0x13, 0xE1, 0x10, 0xDD, 0x0D, 0x0A,
    0xE8, 0x27, 0x0B, 0xEC, 0x10, 0x0D, 0xFD, 0xE1, 0xC7, 0x09, 0xF6, 0x1B,
    0xE8, 0x2C, 0x3D, 0xDB, 0xBC, 0xDA, 0x08, 0x16, 0xEF, 0x13, 0xD5, 0xEC,
    0x15, 0x18, 0x24, 0x05, 0xCF, 0x12, 0xF8, 0xD0, 0xCB, 0x12, 0xD7, 0x03,
    0x14, 0x24, 0x0A, 0x07, 0xFF, 0x2A, 0xBF, 0xFD, 0x0B, 0x1D, 0xEA, 0x17,
    0x23, 0x0E, 0x17, 0x12, 0xF6, 0xD6, 0xE0, 0x1B, 0x21, 0xE4, 0xF5, 0x12,
    0xE6, 0x18, 0xEC, 0xF4, 0xF6, 0x00, 0xEC, 0x16, 0xFC, 0x40, 0x3F, 0xC0,
    0x06, 0x35, 0x07, 0x07, 0x13, 0x12, 0x16, 0xFF, 0xCC, 0x0F, 0x0B, 0xF6,
    0xCB, 0xCF, 0xE5, 0x1D, 0xFA, 0xFF, 0xF6, 0x0A, 0x15, 0xD1, 0x12, 0x07,
    0x04, 0xC2, 0xCB, 0xE0, 0x29, 0x1D, 0x00, 0xDD, 0x1E, 0xFD, 0x28, 0x1A,
    0x28, 0x0F, 0x0F, 0x22, 0xEE, 0xB7, 0x08, 0xED, 0x1B, 0x0F, 0xDB, 0xDB,
    0x37, 0x1C, 0xCE, 0x10, 0x0E, 0x1E, 0x01, 0x2B, 0xF7, 0xED, 0xD5, 0xEB,
    0x1E, 0xD3, 0xFA, 0x0D, 0x11, 0xDF, 0xC1, 0x0E, 0xD0, 0xF4, 0x05, 0xF0,
    0x13, 0x15, 0x0F, 0x35, 0xFD, 0xE5, 0xE9, 0x07, 0xFE, 0x15, 0x18, 0x14,
    0xCB, 0x04, 0x2E, 0xFC, 0xF8, 0xF2, 0x1B, 0x23, 0xC8, 0x14, 0xFE, 0xFE,
    0x2E, 0x2E, 0xD6, 0x10, 0x0B, 0xFA, 0xE9, 0xE5, 0x17, 0x0B, 0x11, 0x17,
    0xF8, 0x1D, 0xDD, 0x0D, 0xDF, 0xED, 0xFD, 0xCA, 0xFC, 0xF6, 0x18, 0xFF,
    0xEC, 0xBB, 0xEB, 0xD9, 0x19, 0x2E, 0x29, 0x0F, 0x3E, 0x32, 0x02, 0x20,
    0xA8, 0x00, 0x2A, 0x1A, 0x11, 0x12, 0xFF, 0xF2, 0x00, 0x0A, 0xEF, 0xDB,
    0xEB, 0xD5, 0x08, 0xD2, 0xE7, 0x18, 0xF4, 0xE3, 0xE9, 0xE6, 0x22, 0x18,
    0x01, 0xE4, 0x0C, 0xFD, 0x1D, 0xD9, 0x23, 0xF2, 0x03, 0x2E, 0x13, 0xD5,
    0x11, 0xE7, 0x1E, 0x13, 0xFD, 0xEB, 0x1F, 0xE3, 0x0B, 0x12, 0xE1, 0x0B,
    0x24, 0x0A, 0x45, 0x0D, 0x1A, 0xBC, 0x17, 0xEA, 0x25, 0xEC, 0xEF, 0xE4,
    0xBB, 0x10, 0xEE, 0xB9, 0xE7, 0x0A, 0x1A, 0x05, 0xFF, 0xF2, 0x19, 0xE0,
    0xDD, 0x07, 0xEC, 0x12, 0xF2, 0x0B, 0x3C, 0x05, 0x19, 0xEE, 0x01, 0x2C,
    0xE6, 0xE4, 0xC8, 0x1A, 0x23, 0x0E, 0xE3, 0x08, 0x00, 0xD7, 0x1E, 0xD9,
    0xD3, 0xC7, 0x14, 0x23, 0xFE, 0xEF, 0x12, 0xED, 0x20, 0xDE, 0x2B, 0xF6,
    0x14, 0x1B, 0x2A, 0x06, 0x2F, 0x06, 0x0B, 0x25, 0xFB, 0xFA, 0x19, 0xD6,
    0x23, 0xD9, 0x00, 0x13, 0xE6, 0x05, 0x24, 0xCE, 0xF1, 0x1B, 0x0C, 0xF9,
    0xFE, 0xCE, 0x38, 0x09, 0xBA, 0xFF, 0xF6, 0xC9, 0x02, 0x03, 0xEF, 0xE7,
    0xFA, 0xFF, 0xE1, 0x0A, 0x11, 0xDE, 0xE7, 0xF2, 0x31, 0x2A, 0xD3, 0x16,
    0xF5, 0x07, 0x1D, 0xBC, 0x1E, 0x05, 0x0C, 0x51, 0xD0, 0x06, 0x17, 0xFD,
    0x15, 0xF1, 0xF5, 0xF1, 0x21, 0xC3, 0xDD, 0xFE, 0xEF, 0x00, 0x08, 0x13,
    0x00, 0xF4, 0x29, 0x36, 0x1C, 0xFA, 0xC7, 0xE8, 0x10, 0xDB, 0x17, 0xEC,
    0xF1, 0xDD, 0x2F, 0x07, 0x04, 0xF8, 0x13, 0xFB, 0x0F, 0xAE, 0xF3, 0x09,
    0xFF, 0x27, 0x1F, 0xD9, 0x01, 0x0B, 0x07, 0xFF, 0xE4, 0x02, 0x12, 0x05,
    0x0B, 0xF4, 0x22, 0xF5, 0x23, 0x46, 0xD8, 0xD1, 0xC3, 0x18, 0x2B, 0x15,
    0x15, 0x09, 0xEB, 0xE9, 0x01, 0xE9, 0xE3, 0xDE, 0x26, 0xF6, 0xF4, 0x01,
    0xB8, 0x2C, 0xE1, 0x14, 0xEC, 0xF2, 0xC9, 0x1E, 0x07, 0xF0, 0xE1, 0x17,
    0x1F, 0x13, 0xFF, 0xF1, 0xFC, 0xF7, 0xDF, 0x2D, 0xF9, 0xDE, 0x22, 0x33,
    0xF4, 0xF4, 0x1E, 0xB9, 0x1C, 0xF0, 0x1F, 0x00, 0xEC, 0xFB, 0xEC, 0x02,
    0xDE, 0xF1, 0x16, 0xE1, 0xED, 0xDB, 0x0C, 0x20, 0x3F, 0x0F, 0xE4, 0x05,
    0xEE, 0xC4, 0xF6, 0x07, 0xCE, 0xC8, 0x16, 0x1C, 0xFB, 0xFF, 0xF5, 0xEA,
    0x05, 0x2B, 0x44, 0x24, 0x0C, 0x13, 0xF9, 0x17, 0x1E, 0xEA, 0xE4, 0xFA,
    0xFC, 0x0D, 0xFE, 0xCA, 0x0C, 0xDD, 0xC3, 0x01, 0xF5, 0xE3, 0x05, 0x0D,
    0xE5, 0x09, 0x17, 0xFE, 0xDF, 0x17, 0xEA, 0x47, 0x3C, 0x26, 0x01, 0x05,
    0xF4, 0xE7, 0x25, 0x09, 0x47, 0xF4, 0x15, 0xE1, 0x43, 0x14, 0x01, 0xDD,
    0xE3, 0xF5, 0x2F, 0xE7, 0x0A, 0xF2, 0xDA, 0xF1, 0xFB, 0x0C, 0x5B, 0x19,
    0xE9, 0xEA, 0xCF, 0xF7, 0x16, 0x1D, 0xE9, 0xD4, 0xE0, 0x1F, 0xDC, 0xED,
    0x09, 0x02, 0x18, 0xD5, 0x12, 0x1A, 0xF2, 0xDF, 0x04, 0xF4, 0x12, 0xEC,
    0x0B, 0x06, 0xEE, 0xF9, 0xFA, 0xFB, 0x34, 0x46, 0xDC, 0xDB, 0x0A, 0x2E,
    0x0B, 0xF0, 0xD0, 0x14, 0xEC, 0x07, 0x02, 0xFA, 0x0E, 0xD1, 0x26, 0x1B,
    0x03, 0xE0, 0x05, 0xB9, 0x1A, 0xEA, 0xFF, 0xDB, 0x1C, 0xF3, 0xDD, 0x0A,
    0x01, 0x01, 0x0D, 0x4A, 0x12, 0xF9, 0xFA, 0x13, 0x20, 0xE1, 0x2B, 0xF6,
    0xF0, 0xFF, 0x11, 0xF6, 0xDD, 0xF8, 0xE1, 0x08, 0x05, 0xF9, 0x05, 0x3E,
    0xF5, 0x0A, 0x1F, 0xB2, 0x10, 0xD7, 0x23, 0x06, 0xD5, 0x01, 0xE9, 0x26,
    0x0F, 0xCA, 0x10, 0x0C, 0x2C, 0x31, 0x05, 0xEC, 0x21, 0xDA, 0x13, 0xE3,
    0xDE, 0xC4, 0x04, 0xD0, 0x26, 0x0C, 0xEE, 0x00, 0x08, 0x10, 0xFE, 0x0F,
    0xD4, 0x2A, 0x02, 0x15, 0xC9, 0xB0, 0x0D, 0x05, 0x1D, 0x25, 0x1D, 0x1D,
    0x02, 0x21, 0x0A, 0xD3, 0x1C, 0x06, 0x15, 0xFC, 0xFB, 0xE3, 0x04, 0xDB,
    0x1F, 0x37, 0xC6, 0x0D, 0xE2, 0x48, 0xDE, 0xDB, 0xE2, 0x09, 0xDB, 0xF0,
    0xD3, 0x16, 0x50, 0x12, 0xFD, 0x09, 0xF2, 0xAB, 0x50, 0x26, 0x15, 0x03,
    0xC3, 0xEF, 0x34, 0xF6, 0x0D, 0xFE, 0xD8, 0x05, 0xE4, 0xEA, 0x21, 0x0C,
    0xF7, 0x27, 0x20, 0xE5, 0x09, 0x08, 0xF7, 0x0D, 0xF2, 0x0C, 0x15, 0x25,
    0xE1, 0xEF, 0xBA, 0x38, 0x07, 0xF9, 0xE7, 0xE6, 0xF5, 0x28, 0xD7, 0x11,
    0x07, 0x12, 0xD2, 0x04, 0xD8, 0xE6, 0x1C, 0xE6, 0x1F, 0x31, 0x02, 0xE5,
    0x0F, 0xF7, 0xDF, 0x24, 0x03, 0x1C, 0x0D, 0xFF, 0x0F, 0xDE, 0x0B, 0xEB,
    0x0C, 0xF7, 0x15, 0xDE, 0x16, 0xF2, 0x47, 0x0E, 0xF8, 0x1D, 0x01, 0xF8,
    0xE4, 0x1B, 0xEF, 0x19, 0x1C, 0xF7, 0x16, 0x17, 0xDC, 0xD9, 0xE9, 0xF9,
    0xCE, 0x23, 0x0D, 0x24, 0xEC, 0xEC, 0xF4, 0xD9, 0x02, 0xF1, 0x0A, 0xE2,
    0xF4, 0xCE, 0x23, 0x17, 0x0C, 0xFE, 0xD4, 0xF2, 0x14, 0xE2, 0xF2, 0xE9,
    0x22, 0x0D, 0x39, 0xFF, 0xC2, 0xEA, 0x18, 0x24, 0x08, 0x0A, 0x14, 0x26,
    0xC6, 0x03, 0xFB, 0xFF, 0x1B, 0xF8, 0xC7, 0x24, 0x1C, 0xEF, 0xE9, 0x00,
    0xCB, 0xEB, 0x14, 0xE2, 0x10, 0xF7, 0xDC, 0xE5, 0x13, 0x19, 0x0B, 0xD9,
    0x0D, 0xF7, 0x07, 0x24, 0xF4, 0x3E, 0x06, 0x07, 0x13, 0xF8, 0xFD, 0x16,
    0xEB, 0x09, 0x2D, 0xE5, 0xC9, 0x1C, 0xDD, 0x33, 0x0A, 0x09, 0x14, 0x1C,
    0xFE, 0xD3, 0xE3, 0xEC, 0x1B, 0x10, 0x21, 0x1A, 0xFB, 0x20, 0xE2, 0x21,
    0xCC, 0xEE, 0x13, 0xF9, 0xFD, 0xF4, 0x02, 0xFA, 0xDA, 0x08, 0xED, 0x1C,
    0x0F, 0x5B, 0x2C, 0xD7, 0xED, 0xFF, 0x07, 0x08, 0xCD, 0xEE, 0x33, 0xE0,
    0x43, 0x08, 0x00, 0xFC, 0xFC, 0x0B, 0xDE, 0x0E, 0x0D, 0x15, 0x19, 0xEA,
    0xEE, 0xD9, 0xE5, 0xFB, 0xE3, 0xFB, 0xF0, 0x23, 0x04, 0xDB, 0xE9, 0xFA,
    0xF5, 0x0A, 0x03, 0x15, 0x00, 0xDF, 0xDD, 0x1B, 0x00, 0xE5, 0x04, 0x06,
    0x19, 0x21, 0xE9, 0x24, 0xF8, 0xDC, 0x36, 0xFB, 0x10, 0x0B, 0x9A, 0xF8,
    0x1F, 0xFF, 0x04, 0x07, 0x0F, 0xF3, 0x1E, 0xEE, 0x17, 0xE0, 0xF6, 0xC8,
    0x08, 0xF2, 0xE4, 0x1A, 0x0C, 0xE9, 0x35, 0x18, 0xF0, 0xE3, 0x11, 0x0D,
    0xF1, 0x28, 0x1B, 0x00, 0x08, 0xDF, 0xE8, 0x1D, 0x15, 0xFA, 0xD4, 0xEC,
    0xE3, 0xF1, 0x50, 0x1B, 0xFF, 0xFB, 0x0F, 0x0A, 0x05, 0x1D, 0xF3, 0xFF,
    0xDD, 0xF4, 0xEC, 0xE7, 0x03, 0x09, 0x25, 0xF7, 0xF4, 0x18, 0x11, 0x3A,
    0xB4, 0xDB, 0x15, 0xFD, 0xFB, 0xE5, 0xCA, 0x08, 0xFC, 0x24, 0xF1, 0xEA,
    0x23, 0xDF, 0x0E, 0xEC, 0x07, 0xE3, 0x22, 0x05, 0x12, 0xF8, 0xD3, 0xC6,
    0x0E, 0x1D, 0xF1, 0x2C, 0xE7, 0xF5, 0x18, 0xF8, 0x10, 0xF0, 0xE7, 0xFE,
    0x0A, 0xD3, 0x30, 0xEC, 0xFC, 0x16, 0x01, 0xF4, 0x07, 0xF5, 0xFD, 0xFF,
    0x22, 0x32, 0xF9, 0xF6, 0x3B, 0xE0, 0xF1, 0x91, 0xF7, 0xFA, 0x07, 0xEB,
    0x09, 0x04, 0x1A, 0x27, 0x07, 0xE2, 0xF2, 0xF4, 0xDE, 0x09, 0x16, 0x19,
};
static const int8_t k_blk2_fc2[32 * 96] __attribute__((aligned(4))) = {
    0x1A, 0xDF, 0x25, 0xD4, 0xEA, 0xF8, 0xDF, 0x01, 0xCD, 0x01, 0x22, 0xF8,
    0xDA, 0xDF, 0x1F, 0x02, 0x4C, 0xF2, 0x1C, 0xC8, 0xEB, 0xF2, 0x10, 0xF4,
    0x16, 0x18, 0x1C, 0xBA, 0x05, 0x32, 0xE9, 0xBD, 0x20, 0x1F, 0x16, 0xFC,
    0xFF, 0xE6, 0x28, 0xFE, 0xFF, 0xAE, 0xF1, 0x42, 0xD7, 0x06, 0xDE, 0xF6,
    0x2A, 0xD1, 0xE0, 0x2F, 0xD5, 0x2C, 0xED, 0xFD, 0x25, 0x18, 0x07, 0x0E,
    0x2B, 0xD4, 0x30, 0x0B, 0x48, 0xCD, 0x08, 0xD4, 0x06, 0xE1, 0x1A, 0x07,
    0xD2, 0xD1, 0xEB, 0xEA, 0xEF, 0xF4, 0x0A, 0x02, 0x12, 0x0F, 0xCB, 0x04,
    0x15, 0xE5, 0x09, 0xDE, 0xEE, 0x4C, 0x25, 0x1B, 0x29, 0xEF, 0x2D, 0xEB,
    0x1F, 0x1D, 0xF9, 0x2C, 0xF9, 0xF1, 0xE2, 0xE0, 0x22, 0x02, 0xE6, 0x10,
    0xFD, 0x0C, 0x13, 0x03, 0x03, 0x0E, 0xB1, 0xF8, 0x12, 0x0C, 0xD8, 0x0C,
    0xDC, 0xEE, 0xD8, 0x22, 0x2A, 0x02, 0x0B, 0x10, 0xEE, 0xEA, 0xD1, 0xE9,
    0x0A, 0x08, 0xD8, 0x31, 0xFD, 0x12, 0xEE, 0x2B, 0x11, 0xF2, 0x1A, 0xEC,
    0x06, 0x2F, 0xF8, 0x5C, 0x1F, 0xFE, 0x1C, 0xEE, 0xE5, 0xD7, 0x14, 0xFE,
    0x1E, 0x17, 0xE0, 0xF0, 0x1E, 0xCD, 0x18, 0x1F, 0xFE, 0x16, 0x4C, 0xE1,
    0xFC, 0xE6, 0x11, 0x1B, 0x21, 0xD0, 0xE0, 0xF5, 0xE2, 0xFE, 0x09, 0xDC,
    0x2E, 0xCE, 0xEE, 0x16, 0x08, 0xEE, 0xE8, 0x17, 0xF3, 0x43, 0xD4, 0x37,
    0x1C, 0xE4, 0x03, 0xE8, 0x0D, 0xCC, 0x09, 0xCE, 0x22, 0x0B, 0xFE, 0x09,
    0xFE, 0x00, 0xE8, 0x0C, 0x07, 0x17, 0x06, 0xFA, 0xBA, 0x17, 0x22, 0x02,
    0xFF, 0x2E, 0xE9, 0x1D, 0xCC, 0x1A, 0x32, 0xE8, 0xF6, 0xEB, 0xE1, 0xD4,
    0xD8, 0x28, 0x3F, 0x02, 0xEA, 0x02, 0xED, 0x0E, 0xF3, 0xE7, 0x14, 0x02,
    0x0D, 0xF2, 0x27, 0x1E, 0x01, 0x37, 0x19, 0x02, 0xD6, 0xB8, 0x0A, 0x17,
    0xEB, 0xE6, 0xED, 0x17, 0x0A, 0x15, 0xCB, 0x10, 0x11, 0xE1, 0x1F, 0xD8,
    0xD4, 0xB9, 0xE1, 0x16, 0xE1, 0xED, 0xFF, 0x15, 0x19, 0x01, 0x03, 0xE8,
    0xDF, 0x2D, 0xD9, 0x0B, 0xD3, 0x1D, 0xF3, 0xFC, 0xD8, 0x0C, 0x06, 0x0D,
    0x26, 0x2E, 0xE2, 0x13, 0x0A, 0xDA, 0xEB, 0xDA, 0xF2, 0x1B, 0x1C, 0x1C,
    0x0E, 0x38, 0x30, 0x01, 0x1A, 0xF0, 0xEA, 0xF9, 0xF4, 0xF4, 0x1C, 0x0E,
    0xCF, 0xE1, 0xE9, 0xF6, 0x16, 0xE1, 0xE4, 0xF9, 0xE2, 0x0C, 0x04, 0x00,
    0x08, 0x11, 0xE6, 0xEF, 0x1C, 0xEC, 0xE4, 0x1B, 0x13, 0xEB, 0xD6, 0x0B,
    0x0C, 0x0C, 0xE4, 0x1B, 0x22, 0x16, 0x2D, 0xE9, 0x43, 0x1F, 0xFB, 0xE7,
    0x13, 0x08, 0xED, 0xE7, 0xEE, 0xE7, 0xBD, 0x0A, 0x31, 0xFB, 0x17, 0xF7,
    0xD6, 0x0B, 0x0B, 0xE1, 0xFE, 0xF3, 0xD6, 0x0F, 0xD8, 0x00, 0x2C, 0x1E,
    0x13, 0xF2, 0x00, 0xFA, 0xED, 0xE9, 0x0E, 0x25, 0x26, 0xD4, 0x0B, 0xDE,
    0x20, 0x25, 0x06, 0x07, 0x1D, 0x39, 0x30, 0xFF, 0xEB, 0xC5, 0x00, 0x19,
    0xD0, 0xFF, 0xDD, 0xF1, 0xFE, 0x14, 0xB9, 0xDB, 0x05, 0x09, 0xEC, 0x21,
    0x01, 0x26, 0x24, 0xCC, 0xD8, 0xF1, 0xEC, 0xEB, 0xE7, 0xF3, 0xE5, 0xEB,
    0x0D, 0x00, 0x22, 0xE3, 0x24, 0xFF, 0xDC, 0x1F, 0x4C, 0xD3, 0x0F, 0x10,
    0xD0, 0x3D, 0xED, 0xF7, 0xDD, 0x1A, 0x16, 0x22, 0xE0, 0x06, 0xD0, 0xFE,
    0xB9, 0xEE, 0x28, 0x2F, 0x01, 0xFC, 0xCF, 0x44, 0x02, 0xD3, 0x10, 0x0B,
    0xC4, 0xF0, 0xF5, 0x0F, 0xFF, 0xFD, 0xE6, 0x52, 0xDE, 0x0D, 0xFC, 0x02,
    0x29, 0xF8, 0xC2, 0xE6, 0xF8, 0x0B, 0xE7, 0x28, 0xED, 0x34, 0xE6, 0xE5,
    0xCC, 0xED, 0x2B, 0xF2, 0xDD, 0x1F, 0x36, 0x11, 0x16, 0xFB, 0xD0, 0xEF,
    0xF5, 0x12, 0xF6, 0x1E, 0x02, 0xD0, 0x26, 0x04, 0x08, 0x00, 0x2B, 0xDB,
    0xEA, 0x37, 0xF2, 0xF7, 0x4C, 0x17, 0x4B, 0x2A, 0x25, 0xDB, 0xFA, 0x2F,
    0xEB, 0xEB, 0xFB, 0xDB, 0x22, 0xD2, 0x11, 0x0D, 0xE8, 0x09, 0x49, 0xCF,
    0xEE, 0xF0, 0x0C, 0x08, 0xD4, 0xDA, 0xF4, 0x3A, 0x0A, 0xF4, 0xEE, 0x0C,
    0xFB, 0xCC, 0x25, 0x0E, 0x1C, 0x0C, 0xDB, 0xEE, 0x0E, 0xF4, 0xF9, 0xDC,
    0x34, 0xFF, 0x09, 0x10, 0xDD, 0xFF, 0x2A, 0xD4, 0x32, 0x1A, 0xE9, 0xF2,
    0xD5, 0xDE, 0x03, 0x01, 0x2D, 0xDE, 0xD5, 0xCE, 0xF5, 0xF3, 0xE6, 0x0D,
    0x0D, 0x3E, 0xF5, 0x04, 0xCE, 0xF3, 0xAD, 0xFA, 0xF5, 0x34, 0x1F, 0xBD,
    0x05, 0x06, 0x2A, 0x14, 0x28, 0xFF, 0xFD, 0x40, 0xF9, 0x28, 0xF1, 0xC6,
    0x1B, 0xE0, 0x09, 0xFB, 0xE2, 0xF6, 0xE9, 0xDA, 0xE9, 0x14, 0xEA, 0x22,
    0xD1, 0x22, 0xE0, 0x26, 0x09, 0xFB, 0xE6, 0x28, 0xEA, 0x47, 0x10, 0xF9,
    0x11, 0xE7, 0x19, 0xEE, 0x28, 0xFB, 0xF8, 0xC9, 0xE9, 0x22, 0x15, 0xD2,
    0x08, 0x10, 0x15, 0x09, 0x3B, 0x36, 0xE9, 0xB1, 0x29, 0xD4, 0x3C, 0x05,
    0xEC, 0xEA, 0x2A, 0x1D, 0x32, 0x0E, 0x01, 0xFA, 0xF7, 0xDC, 0xFF, 0xF0,
    0x2C, 0x16, 0xF1, 0xE2, 0x13, 0xCF, 0x29, 0x0F, 0x0A, 0x30, 0xBC, 0xEA,
    0xDB, 0x16, 0x23, 0xD3, 0xF0, 0xE6, 0xEB, 0x09, 0x04, 0xED, 0xF7, 0xEC,
    0xF5, 0xCD, 0xEC, 0xEC, 0xFC, 0x0D, 0x0A, 0x3F, 0x0A, 0x36, 0x1F, 0xED,
    0xB3, 0xC3, 0x0D, 0x1A, 0x03, 0x07, 0x0D, 0x20, 0x1E, 0x3F, 0x14, 0x1C,
    0x12, 0x35, 0xEC, 0x02, 0xF3, 0x0D, 0xE3, 0x1E, 0xE8, 0xF3, 0x05, 0xE8,
    0x29, 0x24, 0x43, 0xFF, 0x14, 0xE0, 0xE9, 0xEB, 0x1A, 0xB9, 0x0A, 0xFB,
    0xD4, 0xE6, 0x11, 0x14, 0xCF, 0xD0, 0x07, 0xF0, 0xF2, 0xE7, 0xCC, 0xD6,
    0x40, 0xEB, 0x13, 0x25, 0x3A, 0x05, 0xED, 0x39, 0xF8, 0x20, 0x13, 0xDD,
    0x09, 0x00, 0x0C, 0x4D, 0xE4, 0xF7, 0xDD, 0xCC, 0x1C, 0x0A, 0x0A, 0xEA,
    0x2F, 0xFA, 0x26, 0xF5, 0xD1, 0x03, 0xF0, 0xF5, 0x4B, 0xEC, 0xCB, 0x18,
    0xF2, 0x1C, 0x18, 0xF9, 0xFC, 0xFF, 0xDD, 0xFE, 0x0E, 0xFF, 0x0E, 0xEE,
    0xFA, 0x0D, 0xE0, 0x22, 0x1C, 0xDD, 0xF1, 0x1D, 0xBE, 0xF8, 0x34, 0xE7,
    0xF9, 0x35, 0xFC, 0x07, 0x06, 0xF9, 0x16, 0x81, 0x16, 0xF4, 0x1C, 0x18,
    0xC8, 0x1B, 0x2B, 0xDD, 0xF4, 0x24, 0xF2, 0x08, 0x1E, 0x1C, 0x2B, 0xDC,
    0xCC, 0x32, 0xC5, 0x0A, 0xFB, 0xFC, 0x47, 0x09, 0xDC, 0xFA, 0x04, 0x21,
    0xD9, 0x0B, 0xCD, 0xFA, 0x1D, 0xEC, 0xF4, 0xDB, 0x1C, 0x19, 0xEA, 0xF0,
    0x03, 0x21, 0xF8, 0xFA, 0xF9, 0xF1, 0x3C, 0xF5, 0xFD, 0xFC, 0x2C, 0x11,
    0x21, 0x06, 0x20, 0x09, 0x00, 0xF5, 0xF0, 0xD5, 0x2A, 0xC6, 0x2E, 0xF4,
    0x26, 0xF4, 0xFF, 0xBD, 0xD1, 0xFB, 0x1A, 0x18, 0x46, 0x15, 0x0E, 0xE2,
    0x22, 0x0B, 0xD5, 0xE1, 0xA9, 0x03, 0x39, 0xF2, 0x07, 0xF7, 0xEE, 0x25,
    0xDF, 0xFA, 0x09, 0x0D, 0xDD, 0x1E, 0xF4, 0xFF, 0xAA, 0xE1, 0xED, 0x28,
    0x00, 0x05, 0xE8, 0x18, 0xFD, 0xF8, 0x07, 0xFD, 0xEE, 0x03, 0xFF, 0xE9,
    0x0D, 0x12, 0x37, 0xC5, 0x15, 0x5A, 0xC1, 0xFB, 0x28, 0xF8, 0xCF, 0x0F,
    0x1D, 0x14, 0x04, 0xF4, 0x32, 0xEC, 0xE1, 0xBC, 0xF7, 0x1F, 0xE5, 0x2B,
    0x23, 0xDD, 0xF8, 0x52, 0x08, 0x19, 0xDE, 0x0E, 0x11, 0xE5, 0x09, 0x1D,
    0xDD, 0x2B, 0x27, 0x34, 0x9F, 0x1C, 0xE6, 0x10, 0x30, 0x28, 0x1A, 0xF5,
    0x14, 0x0C, 0x21, 0xF1, 0xD9, 0x0E, 0x0F, 0x29, 0x04, 0xEA, 0xD8, 0x0E,
    0xDE, 0xED, 0x23, 0x07, 0x24, 0x1D, 0x0F, 0xDE, 0xEE, 0xCA, 0x18, 0x08,
    0xD5, 0xD9, 0x12, 0x03, 0xEB, 0xE1, 0xFD, 0x22, 0x0F, 0xFE, 0xF9, 0xC3,
    0x02, 0x18, 0xE7, 0xF4, 0x15, 0xE5, 0xA3, 0xE0, 0xEB, 0xF7, 0x29, 0x25,
    0x39, 0xFC, 0x07, 0x1E, 0xEE, 0xE8, 0x1E, 0x11, 0x0D, 0x07, 0x0A, 0xDC,
    0x19, 0x00, 0x01, 0xF0, 0x0E, 0xEC, 0x12, 0xDD, 0xCC, 0x1D, 0xEC, 0xE5,
    0xD9, 0xF7, 0xFA, 0xE0, 0xF4, 0x12, 0xB5, 0x32, 0x2F, 0x17, 0x0B, 0x24,
    0xF2, 0x0C, 0xE4, 0x0C, 0x15, 0xCC, 0xED, 0xED, 0xDD, 0x1A, 0xEA, 0x11,
    0x1A, 0xD2, 0xE4, 0x06, 0x03, 0xF2, 0xFA, 0x13, 0xF4, 0xC5, 0xCB, 0x31,
    0x17, 0x0E, 0xE5, 0x06, 0xF3, 0x2A, 0xFE, 0x05, 0xE9, 0xFC, 0x0E, 0x12,
    0xEA, 0x0C, 0x17, 0x1F, 0x1A, 0xE0, 0x2B, 0x06, 0x23, 0xC3, 0x47, 0xFB,
    0xF1, 0x1D, 0xE0, 0x3F, 0xE5, 0xF2, 0xF1, 0x28, 0xFE, 0x18, 0xCD, 0x04,
    0x06, 0x4F, 0xEC, 0x3A, 0x07, 0x01, 0xED, 0xDC, 0x04, 0xED, 0x04, 0x29,
    0x2C, 0x0C, 0xDD, 0xD2, 0x0A, 0x10, 0xE3, 0xDC, 0x17, 0xD5, 0x25, 0x2A,
    0xFD, 0x0C, 0x0C, 0x35, 0xF7, 0xF3, 0x15, 0xE5, 0xEA, 0xE9, 0x1A, 0x1C,
    0xED, 0xDB, 0xFB, 0xE6, 0xE6, 0x07, 0x2F, 0x31, 0xE5, 0xF1, 0xCC, 0x13,
    0x2E, 0xCD, 0xF0, 0x0F, 0x01, 0xF4, 0x15, 0x09, 0x22, 0x07, 0xEF, 0x17,
    0x1A, 0xED, 0x1B, 0xED, 0xEB, 0xDE, 0xF8, 0x1C, 0xDE, 0xF1, 0x0C, 0x45,
    0x1D, 0x1F, 0x33, 0xD4, 0xDE, 0xE6, 0xFE, 0xFF, 0x02, 0xFF, 0xBE, 0x1A,
    0x06, 0xFF, 0xF8, 0x00, 0xF5, 0xFB, 0xD8, 0x31, 0x00, 0xB5, 0x1C, 0x38,
    0x0E, 0x05, 0x1B, 0x1B, 0xB0, 0xD1, 0x16, 0x22, 0xDF, 0xFC, 0xE4, 0x27,
    0x07, 0x2C, 0x01, 0x0D, 0x17, 0x08, 0x19, 0xF6, 0xBD, 0xED, 0xE4, 0xE0,
    0x0A, 0xD2, 0x2C, 0xE5, 0x06, 0xF5, 0x08, 0x2C, 0x0F, 0xEA, 0x0B, 0xE8,
    0x19, 0x03, 0xD0, 0x08, 0xF5, 0xD0, 0xF7, 0x24, 0xEC, 0xC6, 0xD0, 0x0C,
    0xEF, 0xF1, 0x19, 0xE8, 0xD0, 0x1A, 0xF8, 0xE3, 0xD2, 0x3C, 0xF4, 0x09,
    0x0F, 0xF9, 0x04, 0xE7, 0x04, 0xF5, 0xCC, 0xF9, 0xDE, 0xD0, 0xFA, 0xF2,
    0x0B, 0x09, 0x21, 0x13, 0xDE, 0x2D, 0x16, 0x23, 0x56, 0x2E, 0xD9, 0xE7,
    0x35, 0xD1, 0xD8, 0xDB, 0x2A, 0x0F, 0xDF, 0x11, 0xE7, 0xCD, 0x09, 0x10,
    0x28, 0x15, 0x08, 0x02, 0x12, 0x0E, 0xF0, 0xE4, 0x02, 0xD7, 0x0F, 0xF1,
    0x0D, 0x3E, 0xC7, 0xF6, 0x01, 0x2B, 0xF3, 0x22, 0xEE, 0xE3, 0xD8, 0x5A,
    0x0D, 0x05, 0x36, 0xB5, 0xEE, 0x16, 0xDD, 0xF0, 0x0A, 0xE9, 0x0B, 0xF3,
    0xDE, 0xF6, 0xEE, 0xFD, 0x2C, 0x1A, 0x22, 0x22, 0x05, 0x38, 0x8F, 0x13,
    0xFA, 0x02, 0x00, 0xF0, 0xF7, 0xC0, 0xD6, 0x00, 0xDD, 0x07, 0xBE, 0x0A,
    0x17, 0xC8, 0xE7, 0x23, 0x28, 0x28, 0x04, 0xF5, 0xF1, 0xE0, 0x05, 0xE7,
    0x24, 0x29, 0x0C, 0x22, 0xFA, 0x14, 0x2B, 0xB3, 0xEB, 0x20, 0xF5, 0x17,
    0xFE, 0xCF, 0xF9, 0x15, 0x08, 0x41, 0xFF, 0x10, 0xCC, 0x2D, 0x51, 0xE7,
    0xFF, 0xFE, 0x26, 0xBB, 0xFA, 0x0D, 0x09, 0x22, 0x25, 0x36, 0xEB, 0x16,
    0xDB, 0xE8, 0xE2, 0x13, 0x13, 0x18, 0x07, 0xCB, 0x08, 0xDF, 0x0F, 0xF8,
    0xE7, 0xE7, 0xE5, 0xF4, 0xE9, 0xE3, 0xDD, 0x08, 0xD5, 0x1A, 0x1A, 0x06,
    0xEC, 0x37, 0x20, 0xFF, 0x50, 0x42, 0xDC, 0xE6, 0x0A, 0x11, 0xD2, 0x01,
    0x1A, 0x06, 0x28, 0x2F, 0xE9, 0x18, 0x07, 0xCB, 0x5C, 0xFE, 0x11, 0x05,
    0xC4, 0x92, 0xF8, 0x24, 0x07, 0x15, 0x1B, 0xCB, 0xF8, 0x36, 0xD2, 0x23,
    0x28, 0xF1, 0xB5, 0x0F, 0x06, 0xF0, 0xFE, 0xCF, 0x09, 0x32, 0x05, 0xF0,
    0xEE, 0xD9, 0xF7, 0x40, 0xD0, 0xF4, 0x11, 0x2E, 0xD3, 0xEC, 0x00, 0x03,
    0xF6, 0xEF, 0x08, 0x02, 0xFF, 0xEF, 0x04, 0xEA, 0x06, 0x09, 0xEC, 0xE9,
    0xFC, 0xFF, 0x00, 0x04, 0xC6, 0x0F, 0xD8, 0x1F, 0x0A, 0x16, 0xC8, 0x14,
    0x22, 0x12, 0xC7, 0xEA, 0x30, 0x0F, 0x01, 0x24, 0x09, 0xDC, 0x30, 0x59,
    0xFB, 0xFE, 0x1C, 0x05, 0x26, 0x6C, 0x24, 0xC3, 0xCF, 0xED, 0x1F, 0xEC,
    0xF7, 0x37, 0x01, 0x17, 0x0B, 0x06, 0xE2, 0xBE, 0x00, 0x0C, 0xFB, 0xEE,
    0x31, 0x5C, 0xF0, 0x21, 0x06, 0x1C, 0xE1, 0x1F, 0x00, 0x27, 0x0B, 0x15,
    0x14, 0x2E, 0x15, 0xEA, 0xBF, 0xE8, 0x0D, 0xF9, 0xFC, 0xF2, 0x10, 0xDE,
    0xBE, 0xE8, 0xD9, 0xCC, 0x04, 0xD3, 0xF5, 0x1A, 0x3D, 0xD8, 0xF3, 0x22,
    0x0F, 0x05, 0xF9, 0xBB, 0xF0, 0xE5, 0xDB, 0x0E, 0xD3, 0xF4, 0xDE, 0xF7,
    0x15, 0xFB, 0x05, 0x0B, 0x43, 0xE7, 0xAE, 0xF1, 0xF4, 0x13, 0x30, 0xFD,
    0xF4, 0x12, 0x2A, 0x22, 0x13, 0x03, 0xFC, 0x0F, 0x31, 0xDC, 0xC6, 0x0F,
    0x0E, 0x11, 0x42, 0x0A, 0x3D, 0xC2, 0xD9, 0x0C, 0x12, 0xE5, 0x11, 0x15,
    0x12, 0xF5, 0xCF, 0x28, 0x4B, 0xD0, 0x12, 0x01, 0xD4, 0x03, 0x40, 0xF8,
    0xC4, 0x20, 0xB8, 0x05, 0xC2, 0x23, 0x02, 0xE8, 0xF8, 0x24, 0x28, 0xFC,
    0xE8, 0xAD, 0xF3, 0xF7, 0xED, 0xFD, 0xE7, 0x13, 0xBF, 0x0E, 0xEE, 0x14,
    0x16, 0x09, 0xDF, 0xF2, 0x2C, 0xD6, 0xE7, 0x17, 0xD2, 0xED, 0x0A, 0x11,
    0xEC, 0xE2, 0xE8, 0xDC, 0x01, 0x01, 0x23, 0xF8, 0xF3, 0xEC, 0x23, 0xEA,
    0xE5, 0x3D, 0x29, 0x15, 0x09, 0x36, 0x01, 0xF7, 0x05, 0xD3, 0x1A, 0x08,
    0x2A, 0xF1, 0x01, 0x2D, 0x25, 0x21, 0x12, 0xDE, 0xF1, 0xF7, 0xF8, 0xDF,
    0xE8, 0xE4, 0xF1, 0x11, 0x0E, 0x11, 0x09, 0xF2, 0xE3, 0xF0, 0xF6, 0x1F,
    0x25, 0x15, 0x4D, 0xE7, 0xE6, 0xCC, 0xFE, 0xDE, 0x1C, 0x1B, 0xEF, 0xEA,
    0x31, 0x1B, 0x3A, 0x18, 0x09, 0xFD, 0xF3, 0x13, 0xE7, 0x30, 0x0F, 0xF7,
    0xF5, 0xD3, 0x08, 0xE1, 0x13, 0x0A, 0x10, 0x2F, 0xE9, 0xFF, 0x06, 0xCD,
    0x35, 0x0D, 0xFA, 0xD7, 0x03, 0x09, 0xFE, 0xF8, 0xF6, 0x01, 0xF4, 0xE0,
    0x0C, 0xF3, 0xFB, 0xFE, 0xFF, 0xFC, 0x0D, 0xFD, 0xF3, 0x34, 0x1D, 0xF0,
    0x18, 0xD5, 0xF7, 0xF4, 0x0D, 0xF8, 0xCF, 0x0B, 0x27, 0xDC, 0xCE, 0xE1,
    0x1E, 0xEE, 0x1F, 0x14, 0x0B, 0x09, 0xE9, 0xFB, 0x0D, 0xFE, 0xE9, 0xFB,
    0xFD, 0xFD, 0xA3, 0xC8, 0x1F, 0xF0, 0xE6, 0xFE, 0x11, 0xD8, 0xDD, 0xF2,
    0x23, 0x0F, 0xF7, 0xFA, 0xEC, 0xE8, 0xE0, 0xF9, 0xE7, 0xFB, 0x0D, 0x3C,
    0xFA, 0xDB, 0xF8, 0x10, 0x26, 0xE3, 0xFD, 0x10, 0x23, 0xCA, 0x26, 0xFE,
    0x1E, 0x18, 0xE4, 0x1A, 0xF5, 0x0E, 0x0D, 0x08, 0xE7, 0xD6, 0x11, 0x21,
    0xE8, 0xE0, 0xE1, 0x09, 0x1F, 0xF0, 0x03, 0xE0, 0x12, 0x14, 0x15, 0x04,
    0x1E, 0x17, 0xEB, 0xEA, 0xE0, 0x16, 0x04, 0xBF, 0xD8, 0x2B, 0x07, 0x34,
    0xED, 0xFD, 0x00, 0x22, 0xC8, 0xD9, 0x3D, 0xED, 0x19, 0x33, 0x33, 0xE1,
    0x45, 0xFF, 0xF3, 0xE4, 0x14, 0xF2, 0x1D, 0xE9, 0xF1, 0xE2, 0xF8, 0xFD,
    0x1C, 0xA4, 0xE3, 0x14, 0xED, 0x19, 0xEF, 0x2E, 0xED, 0x0A, 0x50, 0x13,
    0xEF, 0xF8, 0xCE, 0x0F, 0x39, 0xEE, 0x31, 0xF3, 0xDB, 0xEA, 0x26, 0xFB,
    0x20, 0x0A, 0x12, 0xCE, 0xE5, 0xF4, 0xFB, 0xF9, 0x1E, 0x0C, 0x0C, 0x12,
    0xF1, 0x02, 0xE1, 0x16, 0x25, 0x3F, 0x09, 0x15, 0xE8, 0x1A, 0x15, 0xFA,
    0xE3, 0xE2, 0x03, 0x06, 0xFE, 0x07, 0x3A, 0xE5, 0x15, 0xF3, 0xE3, 0xC8,
    0x24, 0x30, 0xF3, 0xD2, 0xC1, 0xF1, 0xFB, 0x2C, 0xD2, 0x19, 0xE5, 0xEF,
    0x1A, 0x06, 0x5F, 0xDD, 0xF5, 0x15, 0x14, 0xE4, 0x09, 0x28, 0xF7, 0xF2,
    0xCB, 0x08, 0x3E, 0xEF, 0x41, 0xF9, 0xF8, 0xB5, 0x01, 0x31, 0xEA, 0xCF,
    0x18, 0xE1, 0x06, 0xF3, 0xF5, 0xEB, 0x4A, 0xE7, 0xC9, 0xA0, 0xF2, 0x11,
    0xFD, 0x15, 0xED, 0xE2, 0x0F, 0x25, 0x06, 0xFC, 0xEC, 0xD9, 0xDE, 0xE7,
    0xED, 0x05, 0x30, 0x38, 0xEF, 0xCC, 0x27, 0xE6, 0x44, 0x27, 0x3A, 0xF2,
    0x16, 0xE9, 0xD2, 0xFB, 0xEA, 0xF4, 0x21, 0x09, 0x26, 0xC6, 0xBC, 0x29,
    0x04, 0xCF, 0x2E, 0xEC, 0x1D, 0xFF, 0x01, 0xE5, 0x14, 0x15, 0x00, 0x08,
    0x26, 0x24, 0xF9, 0xEA, 0x27, 0x0F, 0xEE, 0x0E, 0xD5, 0x1B, 0xEB, 0x3B,
    0xF2, 0x40, 0xF4, 0x26, 0x14, 0x10, 0x03, 0x23, 0x21, 0xED, 0xC7, 0xF5,
    0x1D, 0xF4, 0xE5, 0x15, 0xF0, 0x0F, 0x39, 0xF6, 0xDA, 0x19, 0x23, 0x2A,
    0xEA, 0xE7, 0x4F, 0x27, 0xED, 0x29, 0xD5, 0xFB, 0x00, 0xF1, 0x12, 0xE2,
    0x31, 0x1A, 0x18, 0xF8, 0x1E, 0x2D, 0x2E, 0x28, 0x0D, 0x38, 0xE0, 0x0E,
    0xDE, 0x04, 0x2A, 0x22, 0x0A, 0x21, 0xF9, 0xEF, 0xFE, 0xE5, 0x1C, 0xD6,
    0x0C, 0xF4, 0x08, 0xE2, 0x15, 0x0F, 0xBF, 0xC5, 0x26, 0xEE, 0xD4, 0xEC,
    0xB4, 0xF2, 0x01, 0xEF, 0x11, 0xD7, 0x0B, 0x09, 0x29, 0xFE, 0x32, 0xFF,
    0xE1, 0xFD, 0x14, 0xEB, 0x0A, 0x01, 0x4E, 0x31, 0xF9, 0x08, 0x03, 0x0B,
    0x19, 0xE3, 0x1A, 0x04, 0xE6, 0x08, 0x30, 0xCF, 0xEC, 0x13, 0xFD, 0x22,
    0xE7, 0xEE, 0xF2, 0xBF, 0x0F, 0xF6, 0x1F, 0x32, 0xF2, 0x07, 0x11, 0xE9,
    0x38, 0x16, 0xE7, 0x0E, 0xF8, 0xDA, 0xF3, 0x55, 0x22, 0xFA, 0x3A, 0xD5,
    0xCF, 0x08, 0xD2, 0x34, 0x04, 0x2D, 0xF8, 0x06, 0xE7, 0xEB, 0xC4, 0x1C,
    0x11, 0x12, 0xFE, 0x02, 0xE2, 0xF5, 0xCD, 0xE3, 0x1D, 0xF1, 0xC2, 0x0F,
    0x0E, 0xDC, 0xF0, 0x07, 0x09, 0x3E, 0x18, 0x22, 0xF9, 0xF9, 0x0F, 0x2B,
    0xFD, 0xE2, 0x1C, 0x21, 0x03, 0x27, 0x07, 0x08, 0x08, 0x1F, 0x0C, 0xEC,
    0xE3, 0x3C, 0xFB, 0xF5, 0xF5, 0xEE, 0xFC, 0xFD, 0x0C, 0x12, 0xFE, 0xCA,
    0x26, 0x10, 0x0D, 0x02, 0x04, 0xBE, 0xBF, 0x14, 0x06, 0xD2, 0x15, 0xF8,
    0xE0, 0xE3, 0x10, 0xE9, 0xE5, 0x1D, 0x2D, 0xE3, 0xFD, 0xC4, 0x05, 0x09,
    0xEF, 0xE5, 0x25, 0xF3, 0x13, 0x34, 0xEF, 0x33, 0xF4, 0x3A, 0x20, 0x28,
    0xED, 0xF6, 0xCD, 0x18, 0xF4, 0x19, 0xEA, 0xFB, 0x04, 0x01, 0x28, 0x19,
    0x36, 0xE7, 0x28, 0xC9, 0x42, 0x1F, 0x20, 0x01, 0xFE, 0xF0, 0x12, 0xDA,
    0x00, 0xE1, 0xE9, 0xBE, 0xF0, 0xEC, 0x03, 0x0E, 0x2A, 0x49, 0xDD, 0xEF,
    0x16, 0xF7, 0x55, 0x04, 0xEB, 0x27, 0x38, 0xDD, 0x25, 0xE0, 0xEC, 0x25,
    0xF1, 0xE5, 0xCC, 0x39, 0xF8, 0xF8, 0x24, 0xE9, 0x08, 0xE6, 0xDC, 0xC2,
    0xCF, 0x11, 0xFD, 0x26, 0xA9, 0x37, 0x28, 0x09, 0x12, 0xEA, 0x51, 0x16,
    0x1A, 0x10, 0xE9, 0x0A, 0xE5, 0xAF, 0xF0, 0xFE, 0x4E, 0xDA, 0xD3, 0xDB,
    0xE6, 0xD9, 0xAB, 0xD8, 0x0D, 0xFE, 0x2C, 0x0E, 0xEA, 0xF9, 0xFE, 0xD4,
    0x2A, 0xCF, 0xEC, 0xF3, 0x02, 0xF2, 0x26, 0xDB, 0xC5, 0xEF, 0xFF, 0x01,
    0xF4, 0x17, 0x1E, 0xDE, 0xD6, 0x49, 0x23, 0x13, 0xED, 0xD5, 0x24, 0x04,
    0x06, 0xFE, 0xF3, 0x1E, 0xDC, 0xEF, 0x06, 0xE7, 0xD3, 0x21, 0xEA, 0x44,
    0xBD, 0x3B, 0xF7, 0xCF, 0x00, 0xF3, 0xE0, 0xE0, 0x30, 0x2F, 0xE2, 0xFA,
    0xC4, 0xD6, 0x27, 0x26, 0x24, 0x53, 0xFC, 0xE7, 0xFE, 0x2B, 0xE0, 0xF6,
    0x4C, 0x42, 0x03, 0x07, 0x24, 0x36, 0x05, 0xEC, 0x12, 0xDB, 0x0A, 0xEB,
    0xE4, 0x38, 0x17, 0xC3, 0xD3, 0x15, 0xF7, 0xEB, 0xE7, 0x10, 0xFA, 0xC7,
    0x14, 0x1D, 0xF4, 0xF1, 0x08, 0xE8, 0x04, 0x18, 0xFD, 0x05, 0x33, 0xC3,
    0x04, 0xEE, 0x15, 0xB7, 0xFE, 0xF0, 0x18, 0xF0, 0x17, 0xFF, 0x21, 0x1B,
    0x0A, 0xE8, 0x0A, 0xCA, 0xF6, 0x12, 0xE5, 0x22, 0x0A, 0x2A, 0xDB, 0x3A,
    0x12, 0x0A, 0x1A, 0xCA, 0xF4, 0x25, 0xB9, 0xFB, 0x0A, 0xD4, 0x2C, 0xF8,
    0x36, 0x35, 0x2E, 0xE5, 0x01, 0xD8, 0xDE, 0xE6, 0x11, 0xED, 0xF0, 0xF8,
    0xD4, 0xE7, 0x02, 0x19, 0x28, 0x03, 0x11, 0xF2, 0xD3, 0x4B, 0xE8, 0x0E,
    0x01, 0xC4, 0x24, 0xB2, 0x00, 0xC6, 0x40, 0x0B, 0x23, 0x20, 0xF8, 0xE5,
    0xE2, 0xEF, 0x0B, 0x0F, 0xD1, 0x2D, 0xEA, 0x3C, 0xDD, 0x0D, 0x37, 0x2A,
    0x0F, 0x0A, 0xEE, 0x2B, 0x39, 0x0E, 0xFF, 0xD4, 0xE4, 0xEC, 0xEB, 0x03,
    0xE5, 0x05, 0xE2, 0xE3, 0xFB, 0xFA, 0x14, 0xD0, 0x0A, 0xE5, 0x0C, 0x17,
    0xEE, 0xF1, 0xD8, 0x0B, 0x3E, 0xE6, 0xCF, 0x2E, 0x02, 0x43, 0xCF, 0xF2,
    0xD4, 0xF5, 0xF4, 0x22, 0x0B, 0x2D, 0x1C, 0xF7, 0xD5, 0xE7, 0x0F, 0x03,
    0x24, 0x0E, 0xFA, 0xEC, 0xDB, 0xFB, 0x20, 0x0D, 0xE9, 0x12, 0xE5, 0x2B,
    0x06, 0x28, 0x00, 0x21, 0xD8, 0x26, 0xFE, 0x3D, 0xF5, 0xCD, 0x3E, 0x3C,
    0x13, 0xD5, 0x0C, 0x0B, 0x04, 0xD3, 0x1E, 0x08, 0x00, 0xF0, 0xD3, 0xD4,
    0xB1, 0x15, 0x0C, 0x01, 0x06, 0xFD, 0x22, 0x32, 0x04, 0xE5, 0xF9, 0xE2,
    0xF2, 0x06, 0xF9, 0xDE, 0xC0, 0x31, 0x0E, 0xED, 0x06, 0x32, 0x27, 0x36,
    0xE9, 0xCB, 0xFD, 0x12, 0xDD, 0xE0, 0x0B, 0x06, 0x19, 0x0C, 0xF9, 0x14,
    0xCD, 0xF8, 0x0E, 0xC5, 0xFE, 0xD6, 0x05, 0xF2, 0x12, 0x02, 0x0D, 0xF2,
    0x17, 0x07, 0x13, 0x1F, 0x43, 0x17, 0x0F, 0xEC, 0x4E, 0x10, 0x28, 0x13,
    0x1C, 0x0B, 0xFC, 0x23, 0xD5, 0xE6, 0x1B, 0x18, 0xD9, 0x48, 0xD9, 0xFC,
    0xDB, 0xBE, 0xD2, 0x06, 0xFA, 0x0A, 0xFC, 0x15, 0x24, 0x1B, 0x1C, 0x1F,
    0xC1, 0xF8, 0xD9, 0x1B, 0xF1, 0x1F, 0x20, 0x0F, 0xBC, 0xEF, 0x3C, 0x21,
    0xF7, 0x2A, 0xF0, 0x13, 0x3F, 0x0D, 0x11, 0xD6, 0x35, 0xEA, 0xD9, 0x10,
    0xC5, 0x1E, 0xE5, 0xFB, 0x14, 0xDF, 0xDF, 0x20, 0x07, 0x14, 0x25, 0xCD,
    0xD3, 0x26, 0x2B, 0x15, 0xF7, 0x27, 0xFE, 0x63, 0x4F, 0xC1, 0x06, 0x05,
    0x1B, 0x18, 0xD2, 0x25, 0xE9, 0xF6, 0xD6, 0x00, 0xD1, 0x1B, 0x11, 0xF9,
    0x03, 0xEE, 0x11, 0xEF, 0xED, 0xDF, 0x28, 0xFC, 0xFB, 0x31, 0xDD, 0xE3,
    0xD7, 0x25, 0xD1, 0xE4, 0x0F, 0x2C, 0xEE, 0xF6, 0xBC, 0x2E, 0x00, 0xEC,
    0x2A, 0x05, 0xF3, 0xF2, 0x04, 0x08, 0x15, 0xEF, 0x00, 0x1A, 0xC8, 0x15,
    0xFB, 0x21, 0x33, 0x9F, 0xEC, 0xEF, 0x0B, 0x3D, 0x4C, 0x19, 0x07, 0xFA,
    0xF0, 0x24, 0xE5, 0x3E, 0x1A, 0x0D, 0x17, 0x01, 0xD8, 0x22, 0x1B, 0xED,
    0xCE, 0xE2, 0xE5, 0xF4, 0x0A, 0x0F, 0x4E, 0xEF, 0x14, 0x54, 0xED, 0x2B,
    0x13, 0x30, 0x20, 0xF8, 0x07, 0x2F, 0x10, 0x04, 0x25, 0xED, 0x16, 0xEC,
    0x34, 0x2A, 0xDE, 0x19, 0x32, 0xB5, 0x18, 0x21, 0x2D, 0xDB, 0xC9, 0xEB,
    0x2F, 0xE9, 0xE1, 0x15, 0xFF, 0xE8, 0x07, 0xDE, 0xF8, 0xC8, 0xE6, 0x11,
    0x04, 0xF3, 0x02, 0xE2, 0xDA, 0x22, 0x32, 0xE5, 0x14, 0x1E, 0x1C, 0xD7,
    0x2A, 0xDB, 0xD4, 0x11, 0x4F, 0x13, 0x2A, 0x03, 0x1E, 0xDF, 0xEA, 0xFF,
    0x40, 0x18, 0xE9, 0x9D, 0xDD, 0xF6, 0x1A, 0x3F, 0xF5, 0xCE, 0x10, 0xF2,
    0xD6, 0x06, 0x07, 0x20, 0xE9, 0xEF, 0x0D, 0x0D, 0xE7, 0x22, 0x09, 0x0F,
    0x14, 0x11, 0x14, 0x3E, 0xF6, 0xA8, 0x1B, 0xE0, 0xE4, 0xED, 0x13, 0xF7,
    0xD5, 0xED, 0x0C, 0x15, 0xDC, 0x34, 0xF0, 0x1B, 0xEA, 0xE3, 0x03, 0x9D,
    0x1A, 0xE8, 0x1D, 0xFC, 0xCF, 0xEC, 0xF8, 0x1B, 0x21, 0xF6, 0xEF, 0xB4,
    0xE4, 0xDF, 0x10, 0x0B, 0x02, 0x08, 0xFA, 0xA2, 0xFF, 0x2B, 0xE7, 0xEF,
    0x11, 0x17, 0x32, 0xF2, 0x0B, 0xE9, 0x01, 0x08, 0xFA, 0xF1, 0xFF, 0x1C,
    0xF7, 0xE9, 0x04, 0xF3, 0xDA, 0xCF, 0x18, 0x07, 0x06, 0x02, 0xEA, 0x00,
    0xE4, 0xEF, 0xD6, 0x28, 0xEA, 0x28, 0x28, 0x08, 0x09, 0x50, 0x0C, 0x06,
    0xFC, 0x25, 0x12, 0x07, 0xE5, 0x0A, 0xCF, 0xCE, 0xBB, 0x43, 0x0A, 0x0D,
};
static const float k_blk0_ln1_w[32] __attribute__((aligned(4))) = {
    0.853302181f, 0.981912553f, 0.619459569f, 0.483669609f, 0.500138402f, 0.541764736f,
    0.623785853f, 0.729839146f, 0.554141879f, 0.693654597f, 0.626754463f, 0.713565826f,
    0.779271781f, 0.827591002f, 0.681720018f, 0.622579873f, 0.5657534f, 0.614707947f,
    0.70659101f, 0.604356825f, 0.69903332f, 0.713995576f, 0.803676128f, 0.59767139f,
    0.637114942f, 0.807897389f, 0.858083308f, 0.680207133f, 0.628695309f, 0.711274683f,
    0.671727479f, 0.671649635f,
};
static const float k_blk0_ln1_b[32] __attribute__((aligned(4))) = {
    0.178661674f, -0.283349812f, 0.0358331762f, 0.0898661539f, -0.071601361f, -0.131808266f,
    -0.1921895f, 0.0730012357f, -0.0142959254f, -0.0379882939f, 0.04437932f, -0.0222488381f,
    0.0700960234f, -0.0416103788f, -0.200115144f, -0.0589314736f, -0.197370142f, -0.0171303377f,
    0.0566787571f, 0.0831377283f, -0.128330618f, 0.00775357895f, 0.0204822067f, 0.137727633f,
    -0.0565579459f, -0.11782217f, -0.357911468f, 0.0210246667f, 0.0707322061f, -0.0594531f,
    0.100531429f, 0.148520246f,
};
static const float k_blk0_ln2_w[32] __attribute__((aligned(4))) = {
    0.750895381f, 0.676251352f, 0.83101362f, 0.882104695f, 0.849252105f, 0.763675034f,
    0.773569942f, 0.823934615f, 0.843644559f, 0.870545506f, 0.972256064f, 0.88554275f,
    0.893675745f, 0.955047131f, 0.995329678f, 0.952740967f, 0.861623943f, 0.789405525f,
    0.817340136f, 0.896678448f, 0.924598992f, 0.916357517f, 1.08732855f, 0.903012097f,
    0.868624687f, 0.99952817f, 0.939077139f, 0.752304256f, 0.855045795f, 0.857217431f,
    0.867833912f, 0.918210506f,
};
static const float k_blk0_ln2_b[32] __attribute__((aligned(4))) = {
    0.141162202f, 0.212021172f, -0.0187570546f, 0.0821361393f, -0.0620248765f, -0.110038646f,
    -0.128339484f, 0.0558172762f, 0.0792431906f, -0.0428251922f, -0.108891271f, -0.0172176305f,
    0.0827890113f, 0.125256702f, -0.0849914774f, -0.089330785f, -0.12881057f, -0.027764732f,
    -0.00811453536f, -0.0084803123f, -0.0953559428f, 0.0333980918f, 0.11024753f, 0.0533102676f,
    0.100271478f, 0.0760518387f, -0.12083865f, 0.00058373838f, 0.217873663f, 0.00778465252f,
    -0.0115629015f, -0.00422746921f,
};
static const float k_blk0_qkv_b[96] __attribute__((aligned(4))) = {
    -0.932127237f, 0.0899994522f, 0.454270422f, -0.758816779f, 0.5803563f, 0.500381589f,
    0.973252773f, -0.196413249f, 0.685087442f, 0.0609330721f, 0.38788271f, 0.614637315f,
    1.35608518f, 1.65188241f, 0.780558527f, -0.581469715f, -0.925800204f, 0.605965853f,
    1.19318509f, -0.468529612f, 0.864750206f, -1.04971075f, -1.30718398f, -1.35200214f,
    0.601299107f, 0.602303565f, 0.784673572f, -0.115684874f, -0.496758968f, -0.446385622f,
    -1.43255055f, 0.187912568f, -0.101210654f, -0.0774800256f, -0.0432151109f, 0.0821027234f,
    0.0254649427f, 0.019966295f, -0.146432325f, 0.0783804283f, 0.0593453795f, -0.0510786176f,
    -0.0636414886f, -0.000803670089f, -0.0272176713f, 0.137898996f, -0.0144845443f, -0.0321293138f,
    -0.0459064841f, 0.233587891f, 0.0259181429f, -0.106240548f, -0.0944790095f, -0.119472064f,
    -0.0843439773f, 0.0663513094f, -0.111259773f, 0.0427029878f, 0.0374595113f, 0.029254673f,
    0.222765967f, 0.0453019924f, 0.0588834845f, -0.038151402f, 0.0698679611f, 0.00794904958f,
    0.0366533585f, 0.0363259055f, 0.105673738f, -0.0109724691f, -0.0269872621f, 0.011902648f,
    -0.0141593646f, 0.0358180813f, -0.0769821629f, -0.0421854816f, -0.00618611649f, 0.00891104899f,
    -0.000494717504f, -0.00599376392f, -0.0227556955f, 0.0288062189f, 0.0745649114f, -0.0242073741f,
    -0.0266847908f, -0.0112025337f, -0.0154637918f, 0.0186594184f, 0.0278488453f, -0.0356945693f,
    0.0245267879f, -0.0608625375f, -0.0175563004f, 0.00865849014f, -0.0457948782f, -0.0408532135f,
};
static const float k_blk0_out_b[32] __attribute__((aligned(4))) = {
    0.0314751938f, -0.0823528245f, 0.0767753646f, -0.0326569453f, -0.0645449162f, 0.0268228669f,
    0.0718605146f, 0.135484859f, -0.00852229726f, 0.115207106f, -0.00517828576f, -0.219215572f,
    0.0565976724f, -0.278488368f, 0.0207483079f, 0.044092305f, 0.0574434958f, 0.019964695f,
    0.0248157941f, 0.108192928f, 0.0278689396f, 0.114513852f, -0.22543335f, 0.0613567531f,
    0.00175151043f, 0.0141983647f, -0.116002098f, 0.0519400984f, -0.147211432f, 0.115496896f,
    0.0562600829f, -0.0215626769f,
};
static const float k_blk0_fc1_b[96] __attribute__((aligned(4))) = {
    0.0143725313f, -0.0728181303f, -0.190531507f, -0.223729476f, -0.148520768f, 0.0140572758f,
    -0.0493954048f, -0.120745212f, -0.126517817f, -0.118112311f, 0.0118810004f, -0.0987761766f,
    -0.0241392497f, -0.213302359f, -0.0362795852f, 0.0178700499f, 0.137883931f, -0.0644546971f,
    -0.167392582f, -0.0375039987f, -0.0554246083f, -0.0190978944f, -0.121533409f, -0.0326927416f,
    -0.345168948f, -0.145247385f, -0.178362072f, -0.0701529682f, -0.00143558846f, -0.179561585f,
    -0.109243087f, 0.081513159f, -0.0574644096f, -0.147335425f, -0.0663905069f, -0.211033598f,
    -0.134481028f, -0.0792242438f, -0.140922651f, -0.0561505109f, 0.0375331938f, -0.0618674904f,
    -0.130881459f, -0.0948610827f, -0.154742166f, -0.107715502f, -0.116931632f, -0.142589793f,
    -0.206893891f, -0.182971939f, -0.0745794922f, -0.118547246f, -0.158738658f, -0.125168294f,
    -0.266022503f, -0.0456929691f, -0.014220858f, 0.153146744f, -0.164085999f, -0.0436695814f,
    -0.17039232f, -0.184501842f, -0.144054264f, -0.0542514957f, -0.118655279f, -0.0771887228f,
    -0.127120495f, 0.038847141f, -0.0468289591f, -0.198408857f, -0.16855295f, -0.0916598439f,
    -0.0920064673f, -0.0786125809f, -0.347292125f, -0.0768482089f, -0.157809198f, -0.0444635302f,
    -0.145683482f, -0.0820907652f, -0.0979977623f, -0.141724318f, -0.262189597f, -0.254023314f,
    -0.172579139f, -0.144102439f, -0.06713631f, -0.105389193f, -0.0301449429f, 0.0590910241f,
    -0.0510105006f, -0.14609161f, -0.156025916f, -0.126587465f, -0.30865255f, -0.158614427f,
};
static const float k_blk0_fc2_b[32] __attribute__((aligned(4))) = {
    -0.0921358541f, -0.0276230406f, -0.0469239131f, 0.0208250657f, -0.0372563079f, 0.0338904895f,
    0.0902836993f, 0.0215390027f, -0.116851591f, 0.0885485485f, 0.100497246f, -0.0670024604f,
    -0.0905531496f, -0.0728394091f, -0.0393536389f, 0.0970209688f, 0.0515994579f, -0.0182972942f,
    0.0702420548f, 0.0734268874f, 0.0327452719f, -0.00879568793f, -0.107448049f, -0.0485649891f,
    -0.0784041733f, -0.0486066751f, 0.171475381f, 0.0599425137f, 0.00040857296f, -0.0488531068f,
    -0.0596244447f, 0.0984431431f,
};
static const float k_blk1_ln1_w[32] __attribute__((aligned(4))) = {
    1.51429164f, 1.44463432f, 1.02835727f, 0.767995834f, 1.12204695f, 0.919332683f,
    0.98082751f, 1.01217568f, 0.847252727f, 0.963753879f, 0.998335183f, 0.693979263f,
    1.08188045f, 0.950500786f, 0.976712346f, 1.13758874f, 0.846476912f, 1.05990636f,
    0.950686276f, 1.06298435f, 0.971861005f, 0.925599694f, 0.657676697f, 0.864003718f,
    1.18324077f, 0.910419226f, 1.11063623f, 1.31629658f, 1.00715137f, 1.08672714f,
    0.889830112f, 0.821059048f,
};
static const float k_blk1_ln1_b[32] __attribute__((aligned(4))) = {
    0.036431998f, -0.458515435f, -0.184653953f, 0.23605293f, -0.179494619f, -0.0886032954f,
    -0.157834768f, 0.15835084f, -0.347623378f, 0.20004864f, -0.2023101f, 0.126167983f,
    -0.129987046f, -0.0932088122f, -0.0922293812f, 0.131083161f, 0.0887214988f, -0.207782045f,
    0.277591348f, 0.146437421f, -0.0677649826f, -0.0237665623f, 0.125674158f, -0.221293926f,
    -0.150027081f, -0.413615435f, 0.0682883635f, 0.0993558392f, -0.0984067097f, -0.128882274f,
    -0.339381963f, 0.422113061f,
};
static const float k_blk1_ln2_w[32] __attribute__((aligned(4))) = {
    0.991516471f, 1.02767336f, 1.02097297f, 1.149863f, 1.04617417f, 1.16020191f,
    1.24156654f, 1.12715888f, 1.06474411f, 1.08100998f, 1.03750169f, 1.06564248f,
    1.18281817f, 1.12268984f, 1.18305194f, 1.09497285f, 0.975857675f, 0.992417991f,
    1.1966188f, 1.13809717f, 1.10840595f, 1.34736156f, 1.04508984f, 1.06368577f,
    1.27746451f, 0.937313616f, 1.03841686f, 1.27826142f, 1.19601071f, 0.983789384f,
    1.11368322f, 0.941368163f,
};
static const float k_blk1_ln2_b[32] __attribute__((aligned(4))) = {
    0.241509899f, -0.235610545f, 0.00133302191f, -0.0562530309f, -0.0170712229f, 0.296140283f,
    0.0959564522f, 0.00480354391f, -0.109288469f, 0.214398891f, 0.401270807f, -0.188126966f,
    -0.0999590382f, -0.118411265f, -0.00727478042f, -0.269778311f, 0.0590188392f, 0.0349233262f,
    0.0178576987f, -0.127398014f, -0.241534024f, 0.208001375f, -0.0571332499f, 0.348755389f,
    0.110576674f, 0.071704872f, 0.0521033145f, -0.0897279978f, -0.0851834416f, 0.105541341f,
    -0.178483576f, -0.158365175f,
};
static const float k_blk1_qkv_b[96] __attribute__((aligned(4))) = {
    -0.569167674f, -0.245031878f, -0.328324646f, 0.0923691615f, 0.235563472f, 1.13382137f,
    0.751752436f, -0.128657669f, -0.624044716f, -1.10844374f, -0.642760754f, 0.086392805f,
    -0.724248528f, -0.500380874f, 0.864801645f, -0.173225582f, 0.390638351f, 0.491483659f,
    -1.22137487f, -0.587361336f, -0.71418947f, -0.58737427f, 0.171738103f, 0.464326233f,
    0.0385649316f, 0.0869858414f, -0.93698734f, -0.340109259f, -0.830656767f, -1.55983257f,
    0.471996516f, -0.208333522f, 0.00240197801f, 0.0624384135f, 0.352620214f, -0.260645062f,
    0.0799879059f, 0.0443968326f, 0.0467367433f, 0.230242208f, -0.00903665368f, -0.182020649f,
    0.25892964f, 0.0252777729f, 0.0515133217f, -0.146404415f, -0.0237702038f, -0.23254095f,
    -0.31012851f, -0.114076346f, 0.137099162f, 0.110341206f, -0.0400155112f, 0.269260854f,
    -0.131509438f, -0.27274245f, -0.149263024f, -0.343421519f, 0.23537451f, 0.0822514743f,
    -0.0185458381f, 0.0674337223f, 0.00404902734f, 0.131159797f, -0.0360805728f, -0.024329884f,
    0.00553590618f, 0.0249667205f, 0.02353682f, -0.0225554593f, 0.0695348307f, 0.0670652092f,
    0.0132324295f, 0.0306032561f, -0.00816244353f, -0.00945383869f, -0.0945428237f, -0.0116953794f,
    -0.00441348646f, -0.0495454632f, 0.00354566076f, 0.0136952689f, -0.0689974576f, -0.00142642856f,
    0.0161418468f, -0.00343558891f, -0.00784148555f, 0.106118336f, -0.0184372589f, -0.0151005471f,
    0.0375671647f, -0.0261833873f, -0.0539140664f, -0.0293492116f, -0.0342015065f, -0.0381548926f,
};
static const float k_blk1_out_b[32] __attribute__((aligned(4))) = {
    0.0230018049f, -0.0419842936f, 0.0581735f, 0.00883243047f, 0.146686286f, 0.0635556206f,
    0.0146283377f, -0.00184454489f, -0.0500155501f, 0.00442850636f, 0.0890045837f, -0.00937257241f,
    -0.0171913095f, -0.049896393f, -0.115165286f, -0.0772935823f, 0.029024424f, 0.019325573f,
    -0.00191486417f, -0.102407321f, -0.0886687413f, 0.0300405379f, -0.0937879756f, 0.127342358f,
    0.051350411f, 0.0553929992f, 0.0519198254f, -0.0705037788f, 0.0822874308f, -0.0607610345f,
    -0.0184816308f, -0.0140635539f,
};
static const float k_blk1_fc1_b[96] __attribute__((aligned(4))) = {
    -0.3508237f, -0.405875623f, -0.0826406926f, -0.129888877f, -0.123836711f, -0.293929964f,
    -0.243779972f, -0.256913215f, -0.237694606f, -0.419172406f, -0.317589015f, -0.11038205f,
    -0.0530733205f, 0.0273268949f, -0.178096578f, -0.236336321f, -0.231867298f, -0.227273419f,
    -0.136436328f, -0.187274665f, -0.123610191f, 0.0702490956f, 0.0134380693f, -0.208840549f,
    -0.3934865f, -0.127081484f, -0.151328877f, -0.135433838f, -0.0963336378f, -0.0596620925f,
    -0.179042757f, -0.105433539f, -0.204823226f, -0.303352028f, -0.134943217f, -0.316656917f,
    -0.0535174534f, -0.195456833f, -0.28478691f, -0.278096676f, -0.243561924f, -0.277167678f,
    -0.193043157f, -0.21880202f, -0.2249441f, -0.128296196f, -0.122218795f, -0.0972051397f,
    -0.110737845f, -0.194289625f, -0.213597253f, -0.375566423f, -0.225343272f, -0.269559622f,
    -0.306389153f, -0.347228795f, -0.130120784f, -0.0701623186f, -0.213448524f, -0.259611934f,
    -0.157240972f, -0.26642713f, -0.302996099f, -0.108490311f, -0.236655027f, -0.295919627f,
    -0.143788621f, -0.189264059f, -0.194107592f, -0.160978794f, -0.101847664f, -0.22658892f,
    -0.0551017448f, -0.265108079f, -0.15544951f, -0.294874758f, 0.00376040279f, -0.256541133f,
    -0.119976051f, -0.148163587f, -0.276915997f, -0.316509515f, -0.0850366727f, -0.0732085109f,
    -0.27248314f, -0.230831057f, -0.358270049f, -0.0757535696f, -0.246544555f, -0.349395007f,
    -0.1960949f, -0.269772261f, -0.0909650251f, -0.356286794f, -0.197223336f, -0.304925323f,
};
static const float k_blk1_fc2_b[32] __attribute__((aligned(4))) = {
    -0.143478304f, 0.160093442f, -0.0339526832f, -0.0211810376f, 0.0842740536f, 0.0147933364f,
    0.0907543227f, -0.0478319041f, -0.0927793384f, -0.112732381f, 0.0556851961f, -0.00522290915f,
    -0.00923880748f, -0.100621626f, -0.0290762205f, 0.089661628f, 0.11248932f, -0.0513798222f,
    0.0763691068f, 0.074359864f, 0.0832565576f, 0.0146950362f, -0.207064152f, -0.0629538521f,
    0.0341794565f, 0.00550829619f, 0.136943787f, -0.0132580223f, 0.000706315506f, -0.022909293f,
    -0.122789204f, 0.0705919415f,
};
static const float k_blk2_ln1_w[32] __attribute__((aligned(4))) = {
    1.45267189f, 1.42453969f, 1.0097512f, 1.0203476f, 1.04619479f, 1.02794528f,
    1.16006148f, 1.04424691f, 0.969287932f, 1.07419789f, 1.06623387f, 0.97257638f,
    1.16223729f, 0.87984854f, 1.19651508f, 1.25941908f, 1.14516652f, 1.2580775f,
    1.15788221f, 1.13090873f, 0.937724352f, 1.24104071f, 0.853158712f, 1.00473535f,
    1.12311709f, 0.70756501f, 1.13953125f, 1.23959494f, 0.99471879f, 1.26411903f,
    0.991819501f, 0.968234658f,
};
static const float k_blk2_ln1_b[32] __attribute__((aligned(4))) = {
    0.0236928836f, -0.362416208f, -0.205438226f, 0.192344457f, -0.00985205173f, -0.0919316784f,
    -0.125579715f, 0.238705203f, -0.217623666f, 0.216993541f, -0.00971017312f, 0.104928724f,
    -0.0845531747f, 0.311951101f, -0.341680944f, 0.175972328f, 0.0760580897f, 0.125609547f,
    0.0537701175f, 0.0807300881f, -0.0531461909f, -0.330450773f, -0.0669569746f, -0.302630693f,
    -0.0111206425f, -0.49379462f, 0.197518274f, -0.0826302022f, 0.0450419188f, -0.279614151f,
    -0.167691529f, 0.307501405f,
};
static const float k_blk2_ln2_w[32] __attribute__((aligned(4))) = {
    1.38103628f, 1.14430583f, 1.53601658f, 1.35916042f, 1.34396648f, 1.39913142f,
    1.46711469f, 1.48176324f, 1.42722726f, 1.43391943f, 1.28817821f, 1.28737271f,
    1.35540354f, 1.2020092f, 1.35072005f, 1.56038153f, 1.42730081f, 1.21141684f,
    1.3159883f, 1.47383654f, 1.43729413f, 1.36852145f, 1.25921834f, 1.30998874f,
    1.43750954f, 1.06956303f, 1.34650588f, 1.42423403f, 1.33369195f, 1.31454694f,
    1.41622734f, 1.38367832f,
};
static const float k_blk2_ln2_b[32] __attribute__((aligned(4))) = {
    0.113762632f, 0.141293406f, -0.320804179f, 0.04456589f, 0.327679902f, 0.326564372f,
    0.0147536714f, -0.132553384f, -0.12767297f, -0.181386575f, -0.0752712116f, 0.156711847f,
    -0.220287248f, -0.148775041f, 0.0301589835f, 0.190478504f, 0.153300986f, -0.0846741647f,
    0.058350753f, -0.370343894f, 0.17560485f, 0.149683833f, -0.493492782f, -0.153343812f,
    0.229034767f, 0.413053274f, 0.285489768f, 0.0251061171f, -0.12133795f, 0.174281582f,
    -0.0814388171f, 0.0206188411f,
};
static const float k_blk2_qkv_b[96] __attribute__((aligned(4))) = {
    1.59644485f, 0.0243098084f, 0.0332149118f, 0.573357105f, 0.774063408f, -0.285111219f,
    0.542180538f, 0.135652453f, 0.141157657f, 0.134816468f, -0.651988924f, 0.499719232f,
    -0.418266505f, -0.272173882f, -0.832913518f, -0.39712289f, 0.470187008f, 0.996217668f,
    0.364032954f, 0.850057781f, 0.370230734f, 0.369147599f, -0.178144783f, -0.155966997f,
    -0.142575592f, 0.287753195f, 0.072081171f, -0.126757815f, 0.740563512f, 1.08199942f,
    -0.230369344f, -0.25706628f, -0.0429565795f, -0.157570392f, 0.353810847f, 0.0291478299f,
    0.0420958064f, -0.11133638f, 0.062899448f, -0.0490410849f, -0.149458438f, -0.0988212153f,
    0.072521925f, -0.201078445f, 0.0904598162f, 0.0536591411f, 0.133717522f, 0.127794519f,
    0.18088761f, 0.0363052487f, 0.110867307f, 0.15227364f, 0.315058887f, 0.0268342756f,
    0.143078059f, 0.0618823841f, -0.0459282026f, -0.267767817f, -0.0568135232f, 0.0307742096f,
    -0.24127312f, -0.239122927f, 0.145469099f, 0.106515057f, 0.0557139143f, -0.0607941039f,
    0.138064802f, -0.134099022f, -0.0542678088f, 0.0889987499f, -0.131489024f, -0.0276767537f,
    -0.00915789604f, -0.045404885f, 0.0235055629f, -0.0396443196f, 0.154592276f, 0.00206603599f,
    0.0101773813f, -0.0265335701f, -0.0376726538f, -0.0496350154f, -0.014776377f, -0.0210335013f,
    -0.0594437458f, 0.0407605954f, -0.0599759147f, -0.0378777348f, 0.00278741191f, 0.0721009672f,
    0.0332255289f, -0.0347370543f, -0.0520603955f, 0.0368832201f, -0.0764435753f, 0.0127241854f,
};
static const float k_blk2_out_b[32] __attribute__((aligned(4))) = {
    0.12691699f, -0.077217862f, -0.0274841562f, 0.0215439592f, 0.0531248003f, -0.0608996414f,
    -0.0617665723f, -0.00455989409f, 0.030380588f, -0.0582762808f, -0.0472544543f, 0.0500843115f,
    -0.0274827164f, 0.0504591465f, 0.0888779089f, -0.0381152816f, -0.0680149198f, -0.00280935084f,
    0.00120507798f, -0.0806352049f, 0.0800964609f, 0.107813939f, 0.0426861346f, 0.048490677f,
    0.0801761448f, 0.0768393129f, -0.0104020992f, -0.14749445f, 0.0132529568f, -0.0106197614f,
    0.0445607118f, -0.0957763866f,
};
static const float k_blk2_fc1_b[96] __attribute__((aligned(4))) = {
    -0.364132732f, -0.288157791f, -0.275847822f, -0.159523413f, -0.349723637f, -0.270539254f,
    -0.226586252f, -0.171606988f, -0.114327192f, -0.366770089f, -0.292945534f, -0.202039748f,
    -0.190407172f, -0.265209377f, -0.16469422f, -0.407027006f, -0.383851707f, -0.136814028f,
    -0.135560915f, -0.393703967f, -0.365181923f, -0.323950887f, -0.00227711489f, -0.10816168f,
    -0.195539638f, -0.418338537f, -0.504974008f, -0.280477494f, -0.178091049f, -0.434074551f,
    -0.196176514f, -0.250596464f, -0.114409119f, -0.215842545f, -0.219493121f, -0.374107718f,
    -0.218408227f, -0.32301712f, -0.214883953f, -0.131961808f, -0.24730143f, 0.0206168257f,
    -0.159413517f, -0.142195717f, -0.271213502f, -0.312996835f, -0.220512465f, -0.128712997f,
    -0.188302442f, -0.0839152485f, -0.22428064f, -0.259784788f, -0.26213187f, -0.275019556f,
    -0.282864809f, -0.148856342f, -0.237850383f, -0.242133185f, -0.215070873f, -0.186885536f,
    -0.466570795f, -0.352850676f, -0.126333833f, -0.0534906201f, -0.194667205f, -0.357697576f,
    -0.319176704f, -0.235836834f, -0.0608399287f, -0.0854161829f, -0.218657285f, -0.292284101f,
    -0.219756395f, -0.151219279f, -0.221735373f, -0.258141488f, -0.278292477f, -0.146636337f,
    -0.0644144341f, -0.477731824f, -0.132893324f, -0.158516511f, -0.23278524f, -0.0350006148f,
    -0.286817819f, -0.204312831f, -0.166797876f, -0.179396853f, -0.273281366f, -0.174097463f,
    -0.1504163f, -0.145200178f, -0.204920948f, -0.170643613f, -0.24684529f, -0.211007118f,
};
static const float k_blk2_fc2_b[32] __attribute__((aligned(4))) = {
    -0.0291757323f, -0.0251300633f, 0.080889836f, 0.0125603853f, -0.0142973782f, -0.0567686297f,
    0.0621253923f, -0.00268234778f, -0.0126783438f, 0.0620499924f, 0.0684956834f, 0.00931731798f,
    0.0395566858f, -0.00797693338f, 0.0237664729f, -0.120874465f, 0.0480847135f, -0.0969413146f,
    0.0247071497f, 0.118662104f, 0.0452560335f, -0.0224243533f, 0.0607661977f, 0.211405173f,
    -0.0231496803f, 0.0308801681f, -0.213797882f, 0.00482677622f, -0.148366317f, -0.127192229f,
    0.0391040593f, -0.0772683695f,
};

const int8_t nano_pos_emb[NANO_SEQ * NANO_EMBD] __attribute__((aligned(4))) = {
    0x81, 0x09, 0xF0, 0xD8, 0x2C, 0xE6, 0x21, 0xEB, 0x06, 0xFB, 0xFD, 0x06,
    0xC9, 0x20, 0x57, 0xE2, 0x4D, 0x27, 0x09, 0xEF, 0x37, 0x93, 0xFF, 0xAC,
    0xE0, 0x29, 0x78, 0x16, 0xF7, 0xCE, 0x12, 0xFF, 0x81, 0x53, 0xE4, 0xD3,
    0x0D, 0xE9, 0x11, 0xFF, 0xED, 0x35, 0xF1, 0xE8, 0xBC, 0x18, 0x48, 0x04,
    0x33, 0x07, 0x0D, 0xDE, 0x4D, 0xA5, 0xE1, 0xC9, 0x07, 0xFC, 0x7D, 0x01,
    0xF9, 0xF2, 0x01, 0x07, 0x8B, 0x7F, 0xF5, 0xD9, 0xF5, 0xFC, 0x06, 0xF4,
    0xD7, 0x3C, 0xE3, 0xE2, 0xCB, 0x11, 0x31, 0x03, 0x26, 0xEB, 0x09, 0xE9,
    0x3A, 0xB6, 0xEF, 0xD1, 0x12, 0x19, 0x5E, 0xFA, 0x05, 0x0B, 0xE4, 0x01,
    0x8F, 0x7F, 0xEF, 0xDB, 0xF9, 0xF6, 0x11, 0xF5, 0xE1, 0x34, 0xE3, 0xE8,
    0xCE, 0x10, 0x31, 0x01, 0x26, 0xE9, 0x07, 0xE4, 0x37, 0xBC, 0xF0, 0xDA,
    0x0E, 0x1F, 0x5E, 0x02, 0xFD, 0x0A, 0xE5, 0x02, 0x88, 0x7F, 0xF1, 0xDE,
    0xFA, 0xFA, 0x0D, 0xF4, 0xDC, 0x37, 0xE3, 0xDF, 0xCB, 0x14, 0x30, 0x01,
    0x23, 0xE6, 0x00, 0xE7, 0x3D, 0xC2, 0xE8, 0xDA, 0x0F, 0x16, 0x66, 0x02,
    0xF9, 0x12, 0xE6, 0xF9, 0x8D, 0x7F, 0xF4, 0xDD, 0xF9, 0xFF, 0x13, 0xFA,
    0xE0, 0x38, 0xE5, 0xE4, 0xCF, 0x12, 0x34, 0x05, 0x1F, 0xE7, 0xFD, 0xE8,
    0x3D, 0xCB, 0xEB, 0xDC, 0x15, 0x15, 0x63, 0x06, 0xFD, 0x17, 0xE9, 0xF6,
    0x8E, 0x7F, 0xF7, 0xD9, 0xF6, 0xFB, 0x13, 0xFA, 0xE4, 0x39, 0xE1, 0xE2,
    0xC6, 0x12, 0x30, 0x08, 0x1B, 0xDE, 0xFA, 0xE8, 0x3C, 0xC7, 0xE5, 0xDC,
    0x16, 0x0E, 0x61, 0x00, 0xEE, 0x15, 0xEA, 0xF7, 0x8D, 0x7F, 0xF4, 0xE4,
    0xF3, 0x02, 0x1D, 0xF9, 0xE4, 0x3C, 0xD9, 0xE0, 0xC5, 0x18, 0x2D, 0x07,
    0x27, 0xDE, 0xFC, 0xE6, 0x3A, 0xC6, 0xE0, 0xD9, 0x15, 0x0D, 0x60, 0x00,
    0xED, 0x1C, 0xED, 0xF7, 0x8C, 0x7F, 0xF6, 0xDA, 0xF2, 0x06, 0x18, 0xF7,
    0xE6, 0x45, 0xDD, 0xDC, 0xBB, 0x0E, 0x27, 0x03, 0x23, 0xDF, 0xFA, 0xEC,
    0x39, 0xD0, 0xDE, 0xD9, 0x0D, 0x09, 0x5C, 0x04, 0xE7, 0x22, 0xEA, 0xF9,
    0x94, 0x7F, 0xFF, 0xDF, 0xF0, 0x04, 0x1A, 0xF7, 0xE6, 0x49, 0xE1, 0xE1,
    0xC8, 0x0D, 0x2E, 0x0E, 0x21, 0xE0, 0xF7, 0xED, 0x3C, 0xD7, 0xE3, 0xE3,
    0x18, 0x04, 0x5B, 0x09, 0xE2, 0x1E, 0xE9, 0xFD, 0x8C, 0x7F, 0xF6, 0xDF,
    0xEF, 0x03, 0x20, 0xFB, 0xE0, 0x49, 0xDB, 0xD8, 0xBF, 0x0A, 0x2A, 0x0D,
    0x1F, 0xD5, 0xFA, 0xED, 0x3E, 0xD0, 0xDE, 0xD4, 0x14, 0xFF, 0x58, 0x02,
    0xD9, 0x25, 0xED, 0xFB, 0x92, 0x7F, 0xFB, 0xDB, 0xF0, 0x04, 0x1F, 0xFD,
    0xDD, 0x4B, 0xDA, 0xD6, 0xBE, 0x07, 0x2D, 0x0C, 0x1C, 0xDB, 0xF7, 0xF3,
    0x3F, 0xD4, 0xDD, 0xD7, 0x14, 0xFF, 0x59, 0x03, 0xDB, 0x29, 0xEC, 0xFE,
    0x96, 0x7F, 0x01, 0xDC, 0xF0, 0x0E, 0x24, 0xF7, 0xD9, 0x4B, 0xD9, 0xDA,
    0xBE, 0x08, 0x2C, 0x0E, 0x1C, 0xD6, 0xF4, 0xF6, 0x3C, 0xD9, 0xDB, 0xDA,
    0x1A, 0xF6, 0x52, 0x00, 0xD3, 0x30, 0xED, 0xFB, 0x90, 0x7F, 0xF6, 0xD8,
    0xEF, 0x04, 0x1E, 0x00, 0xD7, 0x54, 0xD2, 0xCA, 0xB6, 0x05, 0x2C, 0x0A,
    0x15, 0xD1, 0xF0, 0xFB, 0x3E, 0xD1, 0xD4, 0xD7, 0x12, 0xF1, 0x4F, 0xFE,
    0xC8, 0x34, 0xEC, 0xF3, 0x96, 0x7F, 0xFB, 0xDB, 0xEA, 0x09, 0x22, 0xFE,
    0xD2, 0x4D, 0xD3, 0xCA, 0xBD, 0x07, 0x2C, 0x0B, 0x17, 0xD1, 0xEF, 0xF9,
    0x37, 0xD7, 0xD9, 0xD9, 0x18, 0xEE, 0x48, 0xFE, 0xC6, 0x33, 0xEF, 0xF9,
    0xA1, 0x7F, 0x02, 0xE5, 0xF2, 0x0F, 0x2B, 0x05, 0xE0, 0x50, 0xD5, 0xCF,
    0xC1, 0x10, 0x2E, 0x17, 0x14, 0xD6, 0xF5, 0x05, 0x3E, 0xDE, 0xDC, 0xE5,
    0x1E, 0xF3, 0x48, 0x02, 0xC8, 0x3A, 0xF8, 0xFB, 0x9A, 0x7F, 0xF8, 0xD8,
    0xEE, 0x0F, 0x1F, 0x04, 0xCE, 0x5B, 0xC1, 0xBB, 0xB2, 0x0C, 0x23, 0x11,
    0x0D, 0xCB, 0xE8, 0x02, 0x38, 0xCF, 0xCC, 0xDE, 0x18, 0xE3, 0x41, 0x00,
    0xB7, 0x41, 0xF2, 0xF0, 0xAA, 0x7F, 0x00, 0xE1, 0xEE, 0x0F, 0x22, 0x12,
    0xC7, 0x56, 0xCD, 0xBF, 0xB9, 0x09, 0x2B, 0x11, 0x14, 0xD5, 0xEC, 0x0B,
    0x3A, 0xE2, 0xD9, 0xDF, 0x1D, 0xE5, 0x38, 0xFD, 0xBB, 0x42, 0xF7, 0xF8,
    0xBD, 0x7F, 0x11, 0xF0, 0xFA, 0x1E, 0x32, 0x20, 0xD8, 0x61, 0xD7, 0xC7,
    0xC9, 0x10, 0x32, 0x24, 0x19, 0xE0, 0xF3, 0x1C, 0x43, 0xE9, 0xE3, 0xF5,
    0x2E, 0xED, 0x3B, 0x0A, 0xC1, 0x52, 0x07, 0x06, 0xB2, 0x7F, 0x04, 0xE5,
    0xEE, 0x2F, 0x30, 0x27, 0xC0, 0x6E, 0xC4, 0xAB, 0xB0, 0x07, 0x29, 0x26,
    0x0B, 0xD8, 0xE4, 0x24, 0x43, 0xE4, 0xD2, 0xEA, 0x25, 0xD7, 0x2B, 0x08,
    0x9E, 0x64, 0x09, 0xFE, 0xBA, 0x7F, 0x07, 0xEB, 0xDC, 0x2D, 0x30, 0x2E,
    0xA6, 0x6A, 0xC5, 0x9B, 0xA6, 0xFB, 0x26, 0x2A, 0x08, 0xD9, 0xDE, 0x2C,
    0x37, 0xE2, 0xD3, 0xE7, 0x33, 0xCB, 0x17, 0xFE, 0x8F, 0x6C, 0x0B, 0xF7,
    0xD4, 0x70, 0x10, 0xED, 0xE9, 0x38, 0x47, 0x3B, 0xA5, 0x6D, 0xCA, 0x8F,
    0xA8, 0xF9, 0x21, 0x38, 0x0D, 0xD6, 0xDC, 0x3D, 0x31, 0xFF, 0xD2, 0x00,
    0x42, 0xBF, 0x02, 0x0C, 0x81, 0x7A, 0x1C, 0xFD, 0xF9, 0x34, 0x16, 0xF7,
    0xEE, 0x4B, 0x32, 0x4C, 0xBB, 0x5B, 0xD9, 0xA6, 0xBC, 0xF8, 0x15, 0x35,
    0x02, 0xE9, 0xE9, 0x45, 0x2B, 0x09, 0xD4, 0x14, 0x40, 0xBD, 0xE7, 0x17,
    0x89, 0x7F, 0x34, 0x04, 0x2A, 0x19, 0x15, 0x03, 0xDA, 0x4D, 0x20, 0x67,
    0x9F, 0x54, 0xE6, 0x99, 0xCA, 0xEB, 0xFB, 0x3D, 0xFC, 0x00, 0xE6, 0x56,
    0x16, 0x1D, 0xDA, 0x1D, 0x5B, 0xB6, 0xAB, 0x07, 0x82, 0x7F, 0x32, 0x06,
    0x55, 0xE9, 0x1E, 0x0A, 0xEF, 0x45, 0x1E, 0x64, 0xA0, 0x24, 0xF5, 0x9C,
    0xE0, 0xDE, 0xEF, 0x35, 0xFB, 0x0F, 0xE3, 0x55, 0xF6, 0x35, 0xE2, 0x36,
    0x58, 0xB3, 0x81, 0xFB, 0x8C, 0x69, 0x3C, 0x0C, 0x56, 0xAA, 0x08, 0x0D,
    0xED, 0x3B, 0x12, 0x54, 0xC2, 0x1A, 0x04, 0xBD, 0xE9, 0xDE, 0xE1, 0x2A,
    0xDD, 0x0A, 0xE4, 0x47, 0xE8, 0x28, 0xE2, 0x2A, 0x27, 0xB7, 0x81, 0x03,
    0x9E, 0x54, 0x3B, 0x01, 0x6D, 0xB1, 0x16, 0x1D, 0xFA, 0x3B, 0xFD, 0x55,
    0xCC, 0x00, 0x0F, 0xD5, 0xFB, 0xE6, 0xDE, 0x19, 0xF3, 0x1C, 0xF2, 0x41,
    0xE7, 0x36, 0xF6, 0x38, 0x39, 0xD5, 0x81, 0xFD, 0xC8, 0x3B, 0x34, 0x11,
    0x77, 0xA2, 0x13, 0x25, 0xFF, 0x2E, 0x00, 0x49, 0xDF, 0xF2, 0x19, 0xE4,
    0x0A, 0xE9, 0xE0, 0x14, 0xFB, 0x1C, 0xFC, 0x3E, 0xDF, 0x40, 0xFB, 0x3D,
    0x31, 0xDD, 0x81, 0xFB, 0xD6, 0x26, 0x30, 0x13, 0x7A, 0x84, 0x0F, 0x1F,
    0xF9, 0x2E, 0x04, 0x48, 0xED, 0xEE, 0x1B, 0xE6, 0x11, 0xE3, 0xDC, 0x11,
    0xEA, 0x25, 0xFB, 0x35, 0xD6, 0x37, 0xFB, 0x3A, 0x18, 0xD6, 0x81, 0xFA,
    0xDB, 0x24, 0x36, 0x0E, 0x75, 0x92, 0x09, 0x21, 0xF9, 0x21, 0xF2, 0x3F,
    0xEB, 0xE4, 0x18, 0xEB, 0x17, 0xE2, 0xD8, 0x04, 0xEE, 0x22, 0xF8, 0x2A,
    0xD5, 0x33, 0x01, 0x2E, 0x21, 0xDF, 0x81, 0xF3, 0xE9, 0x11, 0x27, 0x0A,
    0x7F, 0x90, 0x0E, 0x25, 0x04, 0x1E, 0xFD, 0x3F, 0xF8, 0xE1, 0x26, 0xFA,
    0x1A, 0xE9, 0xDD, 0x0E, 0xF3, 0x24, 0x04, 0x2D, 0xD5, 0x3E, 0x02, 0x3A,
    0x1C, 0xEA, 0x88, 0xF7, 0xF5, 0x0A, 0x2C, 0x14, 0x6F, 0x81, 0x03, 0x1C,
    0xFC, 0x19, 0xF9, 0x30, 0xF8, 0xDF, 0x1D, 0xF8, 0x16, 0xE2, 0xD9, 0x02,
    0xE9, 0x19, 0xFD, 0x22, 0xCD, 0x2D, 0xFE, 0x2D, 0x08, 0xE1, 0x8D, 0xF4,
    0xF0, 0x04, 0x2B, 0x06, 0x7D, 0x83, 0x06, 0x1F, 0xFA, 0x16, 0xEC, 0x35,
    0xF4, 0xD9, 0x22, 0xF7, 0x1D, 0xE7, 0xD2, 0xFF, 0xEC, 0x1F, 0xFE, 0x1C,
    0xCB, 0x33, 0x03, 0x2C, 0x0F, 0xE2, 0x81, 0xED, 0xF8, 0xFF, 0x24, 0x09,
    0x7F, 0x90, 0x0B, 0x25, 0x02, 0x16, 0xF6, 0x34, 0x01, 0xDA, 0x26, 0x05,
    0x23, 0xED, 0xDD, 0x07, 0xF8, 0x22, 0x07, 0x1F, 0xCF, 0x3A, 0x07, 0x34,
    0x14, 0xEF, 0x8D, 0xF4, 0x04, 0xF9, 0x26, 0x15, 0x75, 0x81, 0x07, 0x20,
    0x02, 0x13, 0xFD, 0x2E, 0x05, 0xDC, 0x25, 0x03, 0x20, 0xEA, 0xDE, 0x05,
    0xEE, 0x1B, 0x04, 0x1B, 0xCC, 0x31, 0x03, 0x31, 0x05, 0xEA, 0x93, 0xF4,
    0xFD, 0xFA, 0x2A, 0x0A, 0x7F, 0x8C, 0x08, 0x25, 0xFD, 0x16, 0xF1, 0x2F,
    0x01, 0xDB, 0x25, 0x03, 0x29, 0xEE, 0xDB, 0x01, 0xF2, 0x20, 0x09, 0x1C,
    0xCD, 0x35, 0x09, 0x2E, 0x11, 0xEC, 0x8A, 0xF3, 0x09, 0xF7, 0x24, 0x0D,
    0x7F, 0x8B, 0x06, 0x25, 0xFB, 0x0E, 0xF7, 0x2C, 0x07, 0xD3, 0x25, 0x09,
    0x25, 0xED, 0xDB, 0x02, 0xF5, 0x1D, 0x08, 0x17, 0xC9, 0x38, 0x06, 0x34,
    0x0F, 0xF0, 0x89, 0xEF, 0x06, 0xEB, 0x21, 0x12, 0x7A, 0x81, 0x08, 0x24,
    0xFF, 0x0E, 0xFF, 0x2D, 0x0F, 0xD9, 0x28, 0x09, 0x25, 0xEF, 0xDF, 0x04,
    0xF0, 0x1A, 0x07, 0x17, 0xCB, 0x34, 0x05, 0x34, 0xFF, 0xED, 0x94, 0xF8,
    0x04, 0xF2, 0x29, 0x0D, 0x7F, 0x8A, 0x07, 0x24, 0xF9, 0x11, 0xF4, 0x2B,
    0x07, 0xD9, 0x24, 0x06, 0x2C, 0xEE, 0xDC, 0x00, 0xF0, 0x1A, 0x09, 0x16,
    0xC9, 0x34, 0x09, 0x2E, 0x0B, 0xEC, 0x8C, 0xF2, 0x0A, 0xF1, 0x23, 0x0A,
    0x7F, 0x95, 0x08, 0x25, 0xFD, 0x0D, 0xF8, 0x28, 0x0E, 0xD6, 0x25, 0x0F,
    0x2A, 0xF0, 0xDE, 0x06, 0xFA, 0x1B, 0x0A, 0x14, 0xCB, 0x39, 0x0A, 0x35,
    0x0D, 0xF5, 0x91, 0xF2, 0x0A, 0xE8, 0x20, 0x14, 0x74, 0x81, 0x04, 0x22,
    0xFC, 0x03, 0x03, 0x24, 0x14, 0xD7, 0x23, 0x0C, 0x23, 0xEE, 0xDF, 0x00,
    0xEE, 0x11, 0x06, 0x0E, 0xC6, 0x2F, 0x00, 0x31, 0xF6, 0xEC, 0x98, 0xF6,
    0xFF, 0xE8, 0x25, 0x07, 0x7F, 0x89, 0x08, 0x26, 0xFA, 0x10, 0xF5, 0x27,
    0x0C, 0xD8, 0x23, 0x08, 0x2E, 0xEF, 0xDA, 0xFD, 0xF0, 0x16, 0x0B, 0x15,
    0xC9, 0x33, 0x09, 0x2F, 0x02, 0xEE, 0x8E, 0xF3, 0x0A, 0xEE, 0x22, 0x09,
    0x7F, 0x93, 0x07, 0x22, 0xF7, 0x05, 0xFA, 0x1E, 0x0F, 0xD0, 0x22, 0x0F,
    0x2B, 0xEE, 0xDB, 0xFF, 0xF7, 0x14, 0x07, 0x10, 0xC4, 0x38, 0x08, 0x33,
    0x07, 0xF6, 0x8E, 0xF1, 0x05, 0xDC, 0x18, 0x12, 0x7C, 0x81, 0x09, 0x24,
    0xFC, 0x04, 0x09, 0x23, 0x1B, 0xD6, 0x28, 0x13, 0x2C, 0xF1, 0xE0, 0x03,
    0xF3, 0x12, 0x0A, 0x0E, 0xC3, 0x36, 0x04, 0x36, 0xF5, 0xF3, 0x9A, 0xFC,
    0x04, 0xE3, 0x28, 0x0B, 0x7F, 0x8A, 0x0A, 0x24, 0xF5, 0x0C, 0xF7, 0x22,
    0x0D, 0xDA, 0x23, 0x0A, 0x31, 0xEE, 0xDA, 0xFB, 0xF0, 0x11, 0x0A, 0x11,
    0xC6, 0x30, 0x0B, 0x2E, 0xFD, 0xEF, 0x91, 0xF5, 0x08, 0xE9, 0x20, 0x07,
    0x7F, 0x9B, 0x0E, 0x23, 0xF6, 0x05, 0xFD, 0x1B, 0x13, 0xD3, 0x24, 0x15,
    0x2E, 0xEE, 0xDF, 0x04, 0xF8, 0x12, 0x0A, 0x10, 0xC5, 0x39, 0x0D, 0x34,
    0x09, 0xFB, 0x94, 0xF7, 0x0A, 0xDC, 0x1A, 0x14, 0x7F, 0x84, 0x0E, 0x24,
    0xF8, 0xFF, 0x0D, 0x1D, 0x1F, 0xD1, 0x2D, 0x18, 0x2D, 0xEE, 0xDE, 0x06,
    0xEF, 0x0C, 0x0B, 0x0F, 0xBF, 0x3B, 0x07, 0x37, 0xF4, 0xF5, 0x97, 0x00,
    0x02, 0xDA, 0x23, 0x0E, 0x7F, 0x86, 0x0D, 0x26, 0xF9, 0x0A, 0xF7, 0x20,
    0x13, 0xD8, 0x24, 0x0E, 0x2D, 0xED, 0xDC, 0xFF, 0xED, 0x15, 0x0D, 0x12,
    0xC7, 0x2F, 0x09, 0x2A, 0xFC, 0xEB, 0x90, 0xF8, 0x0A, 0xE8, 0x23, 0x07,
};

const float nano_pos_emb_scale[NANO_SEQ] __attribute__((aligned(4))) = {
    0.00876490679f, 0.00452609872f, 0.00374964322f, 0.00362833007f, 0.0031802759f, 0.00299654109f,
    0.00276500313f, 0.00253511802f, 0.00235792994f, 0.00226254668f, 0.00197194656f, 0.00182369968f,
    0.00168765173f, 0.00144872139f, 0.00133545534f, 0.00122844707f, 0.000996704213f, 0.000917293772f,
    0.00081885414f, 0.000604713627f, 0.000479187642f, 0.00038627896f, 0.000398895587f, 0.00033357559f,
    0.000330309063f, 0.000433986745f, 0.00053742039f, 0.000611385563f, 0.000691271038f, 0.000866915449f,
    0.000947495748f, 0.0011226316f, 0.00118269876f, 0.00134696893f, 0.00149782572f, 0.00160719303f,
    0.00169756566f, 0.00184810348f, 0.00199720846f, 0.00216608774f, 0.0023066334f, 0.00239689997f,
    0.00255172257f, 0.00263208384f, 0.00285220006f, 0.00307758735f, 0.00301595987f, 0.00318650738f,
};

const float nano_ln_f_w[NANO_EMBD] = {
    2.16938496f, 2.16133904f, 2.22942877f, 2.08757377f, 2.24129248f, 2.36237621f,
    2.3092072f, 2.17673111f, 2.21329141f, 2.22541952f, 2.1074369f, 2.14035058f,
    2.22903657f, 2.46016788f, 2.14186788f, 2.05561376f, 2.19884276f, 2.17837667f,
    2.10527658f, 2.38077736f, 2.45152545f, 2.35018659f, 2.27903056f, 2.18600559f,
    2.23093891f, 1.82732475f, 2.21517611f, 2.28680754f, 2.44628811f, 2.10818505f,
    2.00507474f, 2.33654213f,
};

const float nano_ln_f_b[NANO_EMBD] = {
    -0.351036429f, -0.19129166f, -0.163656056f, -0.451782137f, 0.274366051f, 0.359018087f,
    0.498555511f, -0.107212491f, 0.262925267f, -0.419302851f, 0.554825842f, 0.127021089f,
    -0.373833477f, -0.684751391f, 0.2804434f, 0.154136464f, 0.337633491f, 0.0827875957f,
    -0.195507526f, -0.199481875f, 0.372115195f, 0.178461567f, -0.890417814f, -0.209988788f,
    0.279706091f, 0.347767264f, 0.412469357f, -0.118172549f, -0.556305289f, -0.308461189f,
    -0.315630734f, -0.186064452f,
};

const nano_qtensor_t nano_tok_emb = {
    k_tok_emb, 256, 32, 0.00776342675f
};

static const nano_qtensor_t nano_w_qkv[NANO_LAYERS] = {
    { k_blk0_qkv, 96, 32, 0.00623253221f },
    { k_blk1_qkv, 96, 32, 0.0111138038f },
    { k_blk2_qkv, 96, 32, 0.00748848077f },
};

static const nano_qtensor_t nano_w_out[NANO_LAYERS] = {
    { k_blk0_out, 32, 32, 0.00308471895f },
    { k_blk1_out, 32, 32, 0.00317472778f },
    { k_blk2_out, 32, 32, 0.00439611496f },
};

static const nano_qtensor_t nano_w_fc1[NANO_LAYERS] = {
    { k_blk0_fc1, 96, 32, 0.00438953564f },
    { k_blk1_fc1, 96, 32, 0.00627926411f },
    { k_blk2_fc1, 96, 32, 0.00733386213f },
};

static const nano_qtensor_t nano_w_fc2[NANO_LAYERS] = {
    { k_blk0_fc2, 32, 96, 0.00406503119f },
    { k_blk1_fc2, 32, 96, 0.00531678274f },
    { k_blk2_fc2, 32, 96, 0.00620432338f },
};

const nano_block_t nano_blocks[NANO_LAYERS] = {
    { &nano_w_qkv[0], &nano_w_out[0], &nano_w_fc1[0], &nano_w_fc2[0],
      k_blk0_ln1_w, k_blk0_ln1_b, k_blk0_ln2_w, k_blk0_ln2_b,
      k_blk0_qkv_b, k_blk0_out_b, k_blk0_fc1_b, k_blk0_fc2_b },
    { &nano_w_qkv[1], &nano_w_out[1], &nano_w_fc1[1], &nano_w_fc2[1],
      k_blk1_ln1_w, k_blk1_ln1_b, k_blk1_ln2_w, k_blk1_ln2_b,
      k_blk1_qkv_b, k_blk1_out_b, k_blk1_fc1_b, k_blk1_fc2_b },
    { &nano_w_qkv[2], &nano_w_out[2], &nano_w_fc1[2], &nano_w_fc2[2],
      k_blk2_ln1_w, k_blk2_ln1_b, k_blk2_ln2_w, k_blk2_ln2_b,
      k_blk2_qkv_b, k_blk2_out_b, k_blk2_fc1_b, k_blk2_fc2_b },
};
